bmi_r,ssb_r,juice_r,rn
1,0.243569101673435,0.107854944775485,bmi_r
0.243569101673435,1,0.0685457707846454,ssb_r
0.107854944775485,0.0685457707846454,1,juice_r
