year,age,sex,chd_incd_clbr_fctr,stroke_incd_clbr_fctr,chd_ftlt_clbr_fctr,stroke_ftlt_clbr_fctr,nonmodelled_ftlt_clbr_fctr
2001,30,men,1.43997810913151,1.06261977281747,162.563042468637,74.5791564058734,1.02751581755168
2001,30,women,1.52187500567435,0.947207453812295,171.871724133019,102.665271302885,1.5353990550314
2001,31,men,1.59297830490388,1.22462373300516,151.001977934793,61.3839780176854,1.04394191412204
2001,31,women,1.30939437344516,1.2997586957098,190.106655101522,173.94934450183,1.48711185064714
2001,32,men,1.42965572098562,1.52955895288237,140.916339433607,56.0054261122669,1.07852189637978
2001,32,women,1.10527901233024,1.06178447520334,195.527791792444,115.492859104394,1.59866254066778
2001,33,men,1.54150784142333,1.72527523998733,112.190126189553,53.6576148903306,1.13425355142421
2001,33,women,1.05294696807973,1.06426801216485,220.377371334283,151.139710395634,0.899124462946847
2001,34,men,1.39629561073139,1.93368346664529,81.0171426023974,58.8736282460166,1.19210103280574
2001,34,women,1.16250423603082,1.15308142794202,259.08856779768,86.8795137939494,0.956177228161006
2001,35,men,1.4129660376878,1.521024679705,90.1735721610669,42.4074696393391,1.00731830187262
2001,35,women,1.03918554374815,1.26029767632097,213.264358560252,86.4244149089323,1.49114635372034
2001,36,men,1.32002304655485,1.50286799181359,114.961998017358,48.7217952601416,1.02057266155225
2001,36,women,1.44135369197568,1.40385111394031,121.363915351352,97.5313595630842,1.02767923020911
2001,37,men,1.009037952408,1.35091536998478,107.582582174824,47.4983400275242,1.02400995852983
2001,37,women,1.11752232912684,1.4972545632479,220.549232354223,71.4949539573921,1.04157029701087
2001,38,men,1.06651194510554,1.37044994888934,87.7034286765096,58.1106812042489,1.06260125710435
2001,38,women,1.25543678600924,1.61127954497279,141.118762309595,54.3686908113151,1.09335756222664
2001,39,men,1.23865708501859,1.46852091068545,89.9976430671701,28.4675204855404,1.09392163531594
2001,39,women,1.26855193295835,1.77352394823806,117.781725188202,78.9472129204107,1.13892769611219
2001,40,men,1.16606117900279,1.47582824407403,89.2639097925151,29.3684884682091,1.1285232798527
2001,40,women,1.02260144052871,1.58157924573839,125.478805567225,62.0205224023316,1.20176856237209
2001,41,men,1.16584438374961,1.36833192726192,88.1309987772858,32.3686745426739,1.18794959546331
2001,41,women,1.12457121780123,1.75456041463493,126.635167915724,68.5531798243383,1.31764457668787
2001,42,men,1.16423748003362,1.41337310539017,95.4388790187719,34.7759593238423,1.09163351599149
2001,42,women,1.01702909671964,1.46752712038398,119.017133797931,30.2426034766602,1.04265849977051
2001,43,men,1.11996277344323,1.35622950071907,52.4890282883592,36.1136452337645,1.13661873925807
2001,43,women,1.5249859266527,1.25874483490531,129.37661813584,31.9471729181887,1.0490842807605
2001,44,men,1.10100336147413,1.39060858894008,54.9225679205573,37.8298975041012,1.03191755532125
2001,44,women,1.10422460694023,1.26200174444822,115.913796028528,34.0845040998522,1.10731996141832
2001,45,men,1.18114843479985,1.31781622228525,63.2400376621652,24.108242946095,1.02925548765542
2001,45,women,1.17018893717341,1.53035411764466,161.924923250019,69.9829666437565,0.99266714297179
2001,46,men,1.28985517264034,1.35706783998911,71.1295281561076,25.8459140224222,1.03726055098028
2001,46,women,1.22702944552237,1.55327407482352,126.687011813779,41.9509282605174,1.11660373645206
2001,47,men,1.23039123336699,1.31317348161052,40.3635839668904,27.0145179347682,1.01225432723438
2001,47,women,1.38544937018691,1.48072749004714,128.074426196288,46.0706462042135,1.1823985262042
2001,48,men,1.21170814015261,1.38346872924092,45.3693350034208,30.6268161067455,1.03782287022954
2001,48,women,1.45644916458438,1.54930967731906,125.68796904452,49.7287466176344,0.978223823057767
2001,49,men,1.32129851342778,1.30991778679111,51.7345045842091,23.9009820814608,1.04944985701365
2001,49,women,1.59862468330555,1.26447466214266,69.3647342299623,30.7790187646812,1.08409722574307
2001,50,men,1.21938207722815,1.37708673824543,40.2922169361115,26.2498947530535,0.995628202637334
2001,50,women,1.4660270517796,1.22733279441366,83.8246251755274,34.1780688796937,0.976368406963981
2001,51,men,1.20823305444381,1.35442535579561,43.6942769519303,22.3252494701641,1.01404936176056
2001,51,women,1.54397858334926,1.2142971761187,93.9386656885247,38.2239254957795,1.01461275254254
2001,52,men,1.24890713870385,1.30427946982664,43.9580783606582,20.2812831493966,1.00689838673726
2001,52,women,1.36791252695189,1.26914048191195,98.5994542016379,29.3148356997061,1.08335520955925
2001,53,men,1.13803839322945,1.28448558327512,37.0178647859934,20.4859527727343,1.06319337554983
2001,53,women,1.10318893857018,1.29472679072695,108.005203957968,30.1165071919259,1.046660235311
2001,54,men,1.12020384263543,1.22772958159253,28.6867474633674,19.0800151941155,1.03185129137495
2001,54,women,1.11718077773532,1.26228710942845,55.3028722112876,28.5837772201255,0.984866786344173
2001,55,men,1.15189200390276,1.18043569741753,28.9051463468614,19.0922026161071,1.00296018540796
2001,55,women,1.17002022936427,1.16763567765461,66.9573739738174,27.4465291591797,1.01326293179191
2001,56,men,1.11771213845308,1.20654707365975,22.0727111074029,15.7912812631751,0.990389545770263
2001,56,women,1.11835801544928,1.15384912942607,74.9686548841247,28.3998022333807,1.01690355259397
2001,57,men,1.09946134914694,1.20538759723163,19.175935305277,14.7188610538426,1.01381129371382
2001,57,women,1.09129765234219,1.19400212551161,86.2978524151773,27.1594380391835,1.00453606267999
2001,58,men,1.02706635163503,1.19410427886674,15.5956059189093,13.7642222116103,0.972618374900108
2001,58,women,1.09222333324248,1.11858442052131,43.5978991259938,21.8100591667406,1.02118789996701
2001,59,men,1.0998399802838,1.1912408844886,15.1688558151416,11.8934812679646,0.970109903839089
2001,59,women,1.13589016695404,1.17023759925809,42.3197412956708,21.0819575705296,0.965201715450792
2001,60,men,1.05292202241967,1.13183516751294,16.1934027282769,10.3499290419132,1.0162237136752
2001,60,women,1.14336594856911,1.07812315500822,45.1428362473653,20.7084045167884,0.951523300504236
2001,61,men,1.01916223370835,1.18457102012154,13.794791133616,9.70243258701982,0.993448809015467
2001,61,women,1.06947649020871,1.11075774151031,40.4688469198376,19.3960021546575,0.995553284375006
2001,62,men,1.04399676774856,1.1738435708772,13.7886627603108,9.66652251038995,0.995869274155858
2001,62,women,1.04862490932787,1.10967160711958,37.5928539887681,18.0160328992654,0.984839108955673
2001,63,men,1.05693954480651,1.21611549344994,12.2622390487101,9.53726977114008,0.993566046075186
2001,63,women,1.07305555534694,1.12017042614024,40.2696579916401,15.0061646959928,1.00498451036594
2001,64,men,1.0371172939796,1.13496617821987,11.1331250648504,8.77036655891819,0.972361575112373
2001,64,women,1.04410577690434,1.09750546917884,30.7968700317625,15.7172576639475,1.00161263663762
2001,65,men,1.08384252647166,1.17496375159722,11.3160100884647,8.29998476721956,0.966541100357568
2001,65,women,1.13038467027554,1.12610225104989,33.6336231309123,17.2039042742311,0.961884497719936
2001,66,men,1.05982006373733,1.16534005528654,10.0287720179644,8.01205826778035,0.980704400207842
2001,66,women,1.04232690024559,1.1093616257545,33.4563381983509,14.0157924287184,0.988496539342807
2001,67,men,1.04952274333736,1.17033452668357,10.3230692707533,7.61387748101834,0.959698173510102
2001,67,women,0.99601343472324,1.13073598988821,26.8087346959243,14.5386515983906,0.961612851613571
2001,68,men,1.07662828127339,1.14421078887562,10.2252374057693,7.83936413703681,0.953187368959849
2001,68,women,1.09599023736748,1.07367655933612,27.0518486842758,15.0377723693547,0.970074035926887
2001,69,men,1.0415383733706,1.18162972881471,8.24462376985013,6.95826127309366,0.986166121973119
2001,69,women,1.04304399006206,1.13679431128628,27.1915599330654,13.2308914246685,0.994799834460384
2001,70,men,0.999929733162133,1.171177980349,9.29601198218967,7.5997012172216,0.950428193624539
2001,70,women,0.9908467940276,1.13438563983228,27.300883721462,15.8887341624242,0.996843598190863
2001,71,men,1.00746272522084,1.15060890265953,8.86677059406613,6.98304160604274,0.973660401227278
2001,71,women,1.05365898961147,1.07834850729265,22.634648217387,13.6012756545268,0.998171241549755
2001,72,men,1.0332772051959,1.16084218491361,8.78953760697667,6.80991325666265,1.00163494859448
2001,72,women,1.01724378250225,1.11180581151018,22.4230181601521,13.2764907332549,1.02278679755257
2001,73,men,1.04252642337856,1.13538253551475,8.67440519399515,6.39122869986307,0.965012094233911
2001,73,women,1.05630608919145,1.09055276697907,22.3783195622842,11.963393928962,1.01228521776655
2001,74,men,1.06937674998899,1.22516264083494,7.80813736817067,6.4191270964477,0.982118028652537
2001,74,women,1.08163577499286,1.0574906280711,20.0126016519202,11.4211645014252,1.00675181689589
2001,75,men,1.07097635561747,1.20445512564286,8.32855392160564,6.71230063879802,0.976251784127114
2001,75,women,1.01924651714939,1.0873125444378,20.3140338919217,11.1352543849144,0.977102285259756
2001,76,men,1.05097273983883,1.18595674487707,7.43691158206221,6.35012999658718,0.99780146514341
2001,76,women,1.04023963566237,1.08177007617253,19.9160307628692,10.8117295638246,1.00216245008494
2001,77,men,1.12363939683687,1.19274588891146,7.66483529945594,6.16134492762459,1.00611118766145
2001,77,women,1.05931993805047,1.04414190275609,19.5967045942317,10.5647104947596,0.987026583219406
2001,78,men,1.15647026679627,1.20965129560813,7.48069771548721,6.31197834435426,0.998924023858651
2001,78,women,1.10425691852333,1.04066592731222,17.9678212137183,10.928073817294,0.965825736385171
2001,79,men,1.19299325609424,1.28084562821605,6.75344584855713,6.52916197239485,1.01368281185791
2001,79,women,1.09371014415107,1.04426007225599,17.8026939772572,10.3726972496897,1.01601716841283
2001,80,men,1.16693592105946,1.15232356529555,7.37874468341062,7.83290173462672,0.99921059670001
2001,80,women,1.07046812321809,1.06648643260093,19.3283136062474,11.9268621010672,1.01816310342394
2001,81,men,1.14213805729382,1.14324060065307,7.33036483717817,8.0090940158306,1.001682896896
2001,81,women,1.09374946932091,1.05835420280982,17.8985663547746,11.367525514883,1.00013388271826
2001,82,men,1.18384762035376,1.14574696082358,6.96198306166899,7.65628644048223,0.999800850055731
2001,82,women,1.10955695569553,1.07247059836709,17.2042316019644,11.4723395431781,1.02827752546054
2001,83,men,1.25011231980969,1.14758957384606,7.84533958358714,7.39762486166098,0.991466108507694
2001,83,women,1.1688939798301,1.0778460922236,16.4172092722804,11.4394082640957,1.02008547742407
2001,84,men,1.24928975477298,1.15841384367519,6.93943863372178,7.33897643594507,0.975410749762404
2001,84,women,1.06413151298208,1.06605807282882,13.9748646866698,10.7644965795026,1.01789499858607
2001,85,men,1.2371030940451,1.15863856617473,7.0235918118064,8.14958794130077,1.0008442753876
2001,85,women,1.09721973479341,1.06103432330683,13.4435259214615,11.1873002565796,1.00143549746922
2001,86,men,1.19839974598751,1.17543413016213,6.2739677959993,7.53223802701261,0.994688681741728
2001,86,women,1.18517008141349,1.07876315939809,12.397570853047,10.9583939306342,1.02523253043252
2001,87,men,1.2629223286759,1.18017413797592,6.43263479196856,7.50689110755251,1.01221230338257
2001,87,women,1.15444291589914,1.08239778472025,12.2368851965427,10.6940281600517,0.971284985320046
2001,88,men,1.31725441309312,1.17908264137033,6.22182924202762,8.26546946370378,0.996157723777875
2001,88,women,1.17894055856692,1.06050586504395,11.4717889090323,10.6089995400613,1.02651118264216
2001,89,men,1.28797523624827,1.17910934117861,6.28067693232881,7.26864755292359,0.989714193105051
2001,89,women,1.20933861735689,1.08616431380091,10.4456253378193,10.5172840077199,0.992683895896444
2001,90,men,1.22640935093783,1.11526486151441,6.13966183726323,8.91914142336321,0.957324643292261
2001,90,women,1.10581566161157,1.0054870044959,11.0498498778423,11.9406784075757,1.00418401012055
2001,91,men,1.26529160742043,1.11158794513619,5.39628652120667,9.90596666375712,0.966580539736215
2001,91,women,1.14315760033051,1.06298868869211,10.9172455617696,12.5354816000276,0.981457756414373
2001,92,men,1.29397592969324,1.11805048427751,6.89463656801474,10.0985772165532,0.999371054162776
2001,92,women,1.14961336470906,1.01012383198524,10.8830186647236,12.081716580017,0.998103983380132
2001,93,men,1.30989665506247,1.12844290429582,5.71545563053369,11.1531603294577,1.02357594659324
2001,93,women,1.1809240556694,1.01353753489028,10.7660678052794,12.1985651382718,1.00433121933879
2001,94,men,1.40089869696026,1.15494537350761,5.27336615107105,9.80268628218223,1.00926380757045
2001,94,women,1.22169272147417,1.0021735591282,9.41497616471979,12.458420676436,1.00233789004759
2001,95,men,1.47961485393094,1.23140277543168,5.43351731390238,12.8783061636381,1.05037559595071
2001,95,women,1.24258285715062,1.03162293271677,11.8752791959187,13.3991070329271,1.03428937561081
2001,96,men,1.59379183548426,1.18820160497734,5.93964721317145,13.9260574286305,1.02836075073794
2001,96,women,1.33036291969497,1.03160062651857,8.86484339264557,14.4043615852852,1.00006315069236
2001,97,men,1.6900514154692,1.28825658856221,6.69671763711763,12.8935769498451,1.07239266967526
2001,97,women,1.35735123295584,1.00695566655617,8.50503197444753,14.5088100123456,1.0474511231304
2001,98,men,1.88716403548168,1.40852338181345,5.93172958016897,13.3664110046643,1.11623096444068
2001,98,women,1.43614677402062,1.0762197490762,10.7272162318947,20.0008157680715,1.01646785577728
2001,99,men,1.78105089639469,1.36011000729195,6.31883148234936,13.1580712749381,1.12121322787634
2001,99,women,1.47289154054522,1.14425589424774,10.2981311023713,25.8422904757379,1.02088847027317
2002,30,men,1.44700863192737,1.07155467621698,137.613435173579,70.3635721788913,1.07726617191245
2002,30,women,1.52968729644469,0.959539023991839,231.381190960393,111.202019125492,1.50447544537771
2002,31,men,1.59358028700935,1.22485568080214,153.48720231009,89.3262735859265,1.10477679656987
2002,31,women,1.32192932082563,1.31235290518812,294.331899743609,130.535370923045,1.58251522251558
2002,32,men,1.43425948835925,1.51690699664057,95.3997517977197,64.9221158105543,1.13114434719785
2002,32,women,1.11961379833947,1.05927176292277,147.134126823678,147.700160984961,1.63896729249599
2002,33,men,1.5414158145231,1.71185027497333,101.504672747624,53.5827580244923,1.13028221921552
2002,33,women,1.08385236332451,1.06814051733632,243.550040833739,91.8569839790391,0.911355205708725
2002,34,men,1.40281683953681,1.91957984567729,110.859790406175,51.5648017198176,1.15709269731591
2002,34,women,1.19219975160901,1.15341437125151,196.07493846615,93.3786035838213,1.77836352064231
2002,35,men,1.42273795717753,1.52967013877316,113.526641140429,46.8337975464078,1.19102370665047
2002,35,women,1.06760927579595,1.25576749534017,165.136349813063,85.8386382502577,1.0302987585192
2002,36,men,1.33765918070531,1.51723565676747,93.9985346770717,41.4462869222923,1.01586020902075
2002,36,women,1.46989942572422,1.39660557802256,156.688703116761,100.677076885788,1.60377687472375
2002,37,men,1.02957564298046,1.37273689114472,103.952996490041,25.6336096947971,1.00298306096959
2002,37,women,1.14440256133531,1.48882775369257,118.487819052226,73.890346180423,1.09470618414309
2002,38,men,1.09175418933816,1.39225413285149,93.9536193108221,26.6222743575173,1.27698824475121
2002,38,women,1.28387207195868,1.6031966850374,125.416391108271,64.7990886455439,1.11985325995261
2002,39,men,1.25378371346313,1.47765134960429,104.602925983466,29.5220537427121,1.07507110418708
2002,39,women,1.29523595265581,1.76458061826946,130.931922058564,69.3775921035151,1.16968932290342
2002,40,men,1.18267479960774,1.48429870616066,82.695976591914,30.5165275672068,1.00254271520399
2002,40,women,1.04695878838108,1.585051902435,121.51495707162,52.0961613514811,1.20362640568883
2002,41,men,1.18290904035021,1.37898102369654,45.0065391280361,32.20624941771,1.1470644144111
2002,41,women,1.149470961404,1.75858417550777,148.576084833693,55.1684103960784,1.27922812648191
2002,42,men,1.1832554527093,1.42792000769468,48.8063433725766,35.9045233750438,1.05352987595829
2002,42,women,1.03972356173098,1.48512325045657,125.651060092496,59.7233254523738,0.958453256852543
2002,43,men,1.14178618880788,1.3720487655727,50.5294354770482,37.459603734942,0.997310058959839
2002,43,women,1.54961729238192,1.27872108527271,113.272025107975,61.8658403355463,1.05943871738878
2002,44,men,1.12151077669686,1.40169776699831,54.4682077945788,36.9162622764867,1.04683614319029
2002,44,women,1.12605971261722,1.28032311595456,95.7381370737366,32.4366332945874,1.08115630830117
2002,45,men,1.20054909847494,1.32976523205293,55.8950163396592,38.1538178782981,1.11033426097456
2002,45,women,1.19291862672354,1.53504591541498,108.272656125073,34.8045714742864,1.1414946723295
2002,46,men,1.31048577342512,1.36981041948482,63.4275910637435,23.0431464244335,0.995822750042657
2002,46,women,1.24892680397793,1.55730362066297,130.865405334317,36.8239546374767,1.04189930456967
2002,47,men,1.25099987338347,1.32282869358055,67.4774881538705,23.0964586006575,1.00086270920449
2002,47,women,1.38723367426907,1.49140486788372,104.377427512311,41.5495206809873,1.12164853237787
2002,48,men,1.23405495407591,1.39429733528721,37.3123491215997,24.9628371470586,0.992302231401418
2002,48,women,1.4540423663193,1.55935035053821,51.9280484641711,45.4512814065779,1.03390335302565
2002,49,men,1.34482906071512,1.32165389839625,43.3918937416997,28.7646345016754,1.06348897838701
2002,49,women,1.59683462156689,1.28039583376074,55.7033332084891,47.855383541888,1.02552379140379
2002,50,men,1.24079743839475,1.38941986386206,47.7835081029604,22.3487326862358,1.05976048558009
2002,50,women,1.47452088646096,1.23999483885113,62.0889030477652,30.19184280731,1.03260204548385
2002,51,men,1.22778994742263,1.36371636562953,37.8824512333093,24.6865556681871,1.02690171906423
2002,51,women,1.55642508118187,1.22710698907586,73.3599794050264,33.1953409502908,1.02681588596786
2002,52,men,1.26658372871688,1.31429235682554,40.7779247857585,17.9400083268138,1.06079226143941
2002,52,women,1.38773895240314,1.27440151353869,81.639451568242,36.4742948109949,1.06695201477198
2002,53,men,1.15407726204022,1.29369954540064,31.4754320794913,20.0028425167625,1.0403947422768
2002,53,women,1.12449631336224,1.30341745700688,91.9739144558,28.3873129840528,0.976031561834944
2002,54,men,1.13442490140824,1.23770676435042,28.3344689786281,17.3362972579958,1.03480558418169
2002,54,women,1.13734773155522,1.27016568150687,96.7928989812588,28.8209821741307,0.994057254058856
2002,55,men,1.16169948783081,1.18494305768169,25.6303244878248,16.1818766564526,1.0121638855196
2002,55,women,1.17852165886859,1.17427291905241,48.4923500288671,27.947877691243,0.959483951273232
2002,56,men,1.12569645620644,1.21110434742911,25.1220561304759,18.6636579790602,0.983549151729533
2002,56,women,1.1293933103562,1.15885451053881,60.0960788330331,26.0101940082484,1.02449349349847
2002,57,men,1.10703768759846,1.20907922404857,19.3074612948694,14.9515117616136,1.01731034177176
2002,57,women,1.10218253022427,1.20168734218583,68.5595285090499,27.2873719404013,0.958251665982533
2002,58,men,1.03411752519958,1.19802725840126,16.1723506485696,14.1978490049203,1.01558712098541
2002,58,women,1.09930814891945,1.12327013753383,42.8008214050496,22.1317698428467,1.02778674200368
2002,59,men,1.10764429939409,1.19544173584481,14.0234080891152,11.3201971524663,0.98281956489132
2002,59,women,1.14570966629568,1.1726128324877,41.0562766671203,20.9868202894651,1.03651678854292
2002,60,men,1.06076445133571,1.13489097906018,15.8695049506372,11.4415460826349,1.02527964089247
2002,60,women,1.15605410608698,1.08168364196805,42.1054684949612,21.1186488734232,1.00780348226575
2002,61,men,1.02845333081024,1.18723514663587,13.350005175846,11.1178104832735,1.00455158982415
2002,61,women,1.08282875995279,1.11222638303601,41.2843991639372,21.013685774379,0.978365111116713
2002,62,men,1.05467109212468,1.1765736051016,12.2926702936881,10.1511916086115,1.02171041222049
2002,62,women,1.06231877089257,1.1112117374951,39.409563307846,19.5505635936528,0.989652604570728
2002,63,men,1.06928533314571,1.21879931871219,12.6350777855279,9.58318607274938,1.01009426444393
2002,63,women,1.0886305006972,1.12128851089579,36.4700266030559,17.9299363415932,0.988054160091621
2002,64,men,1.05070501989166,1.13760679019238,11.266522166545,8.96279040783468,0.970757216800262
2002,64,women,1.06136822468448,1.09933943891473,28.1373919475144,15.374388970429,1.00345348116224
2002,65,men,1.09733272593487,1.17477982091738,10.6674877205319,8.89962710299078,0.998320110587991
2002,65,women,1.14472413492355,1.12527731149834,31.693316607847,16.9424948209174,1.01228357206466
2002,66,men,1.07411754242531,1.16567101897074,10.6223125869791,8.35721187440998,1.01249442507456
2002,66,women,1.05836654209915,1.1087805530024,30.6022129068082,17.5110521636465,0.968152308878769
2002,67,men,1.06481590264964,1.17037223100372,10.1388006475319,8.2807595690944,0.991268099180282
2002,67,women,1.01265230788581,1.13131292499772,31.137965500708,17.9452599034438,1.02767704709364
2002,68,men,1.09399192106172,1.14490078919455,9.790380710634,7.56574152136962,0.980346548082342
2002,68,women,1.11450329264992,1.07243685448228,31.2696355073582,14.5683553921339,1.01941195697577
2002,69,men,1.0591981535899,1.18171222424987,8.73952332531748,7.31104805832531,0.978470650661244
2002,69,women,1.06270206383529,1.13540988469105,24.7228885786024,13.1654313442579,1.01428900078972
2002,70,men,1.01568261856787,1.16936903919844,8.58142978788245,7.08346125649156,0.942995872026797
2002,70,women,1.00787051609182,1.1293936409933,25.2713622797195,13.6805775771581,1.03198646826545
2002,71,men,1.02420010763992,1.14936318968882,9.75062358710178,7.32791107721843,0.971059390384458
2002,71,women,1.07201044749463,1.07289704553472,24.6722777538025,13.6599852663072,1.01538912789221
2002,72,men,1.04980954709844,1.15919766822501,8.57448219744525,6.83297474935242,0.98709378388583
2002,72,women,1.03530667291611,1.10465884994256,24.6475218065113,13.5410810296027,0.986700317303383
2002,73,men,1.05935881195991,1.13402404271117,7.64707497009111,6.92888615905155,1.00146982099929
2002,73,women,1.07570473139763,1.08255855729819,20.5449544200336,13.3831040737356,0.977247834620872
2002,74,men,1.08629635100404,1.22208781437784,7.92144484003935,6.97947812853784,1.0092629041117
2002,74,women,1.10121359000793,1.04708777831535,20.2474864697104,12.0355064683584,0.988686225990402
2002,75,men,1.08637309556432,1.19926634459211,8.05313755323981,7.01237400168444,0.9780454781162
2002,75,women,1.03757756906272,1.07545702660264,18.30557724016,11.9905630219263,0.985896778310859
2002,76,men,1.06554917724018,1.18171817629038,7.86235028349807,6.96772420261562,1.0141072566156
2002,76,women,1.05872211883413,1.06913320935501,18.4086403446401,11.810228854218,1.00982847336494
2002,77,men,1.13914100343515,1.18912597453269,7.56529314134534,6.73782134635805,0.984342992350298
2002,77,women,1.07782511816442,1.03081630874139,18.8517884196512,10.5930101207291,0.997087981901836
2002,78,men,1.1723063509479,1.20489062211162,7.50898341638369,6.63300458024464,1.00110007164087
2002,78,women,1.12275926227037,1.02807887384592,17.2651111788206,10.642797236658,0.996845614239335
2002,79,men,1.20902960463398,1.27679487780406,7.63307181855658,7.05357265459991,1.02461778707314
2002,79,women,1.11245251823907,1.03269444684461,15.9154312000115,10.9388266860997,1.02544997121299
2002,80,men,1.17956187295043,1.13901330380037,7.07978346436708,7.46794414303032,1.03378864710841
2002,80,women,1.0826951750602,1.04904410509292,18.1101670555614,11.4955134274406,1.02637132677181
2002,81,men,1.15438325286041,1.13147301555869,6.44271627447631,8.03546368509628,1.02314547758746
2002,81,women,1.10549420249672,1.04270437820094,17.4174657603073,11.9742294002817,1.00540004851345
2002,82,men,1.19602889372025,1.13540504548813,6.60633663285618,8.41225651725609,1.00453916229266
2002,82,women,1.11927637199655,1.05885422087283,15.3165195682537,11.8644934989108,1.02346614509138
2002,83,men,1.26256957076537,1.13801479308967,7.13139707128744,7.81655103218744,1.00763918551192
2002,83,women,1.1779756536949,1.06570426917115,16.275243888623,11.6306597439141,1.02588436273716
2002,84,men,1.26128962393621,1.14971010217963,6.79085466363906,7.6277770924747,1.01763693636866
2002,84,women,1.07181472267036,1.05656979968107,13.8065121653743,11.3614985829546,1.01545090397261
2002,85,men,1.24473301096266,1.15124933704344,6.3442192410334,7.70963641348492,1.01718917410342
2002,85,women,1.10173307445683,1.05295246660525,12.8780791323889,11.020057215482,1.03599280678518
2002,86,men,1.20714788183122,1.16865902775075,6.14180911188561,7.91609141807023,1.03062136582343
2002,86,women,1.18864946831563,1.07147660126325,10.9325806189057,11.343674532946,1.01515670330119
2002,87,men,1.27094056227151,1.17462541389257,6.54342203104208,8.33018971497903,1.03704187652894
2002,87,women,1.15813975917444,1.07620827847054,13.3872566327199,11.3175470014037,0.993581106173749
2002,88,men,1.3257603540125,1.17490358680535,6.21171369778507,7.88355356406294,1.04196377663951
2002,88,women,1.18173509945747,1.05643865508832,10.6102167839251,11.2144075410879,1.01997611009681
2002,89,men,1.29682492081695,1.17570524525422,5.3891248091518,9.22478890139325,1.02707676717064
2002,89,women,1.21241779718767,1.08236806035862,9.26795383393277,10.7531820696521,1.03604456126568
2002,90,men,1.22273549091814,1.09876971337601,6.03195687881557,8.50726664797092,1.0091252548389
2002,90,women,1.0984693256857,0.992216579045277,10.0676289195984,11.61259660315,1.00510009162079
2002,91,men,1.26202211637644,1.09658725807291,7.97507515501757,9.27466677872663,1.0251018734795
2002,91,women,1.13660486045246,1.04882711825417,10.285934627268,12.2940968259742,0.995462259904167
2002,92,men,1.29217449677559,1.10251054352504,6.20226454295135,10.4358987205008,1.05726261520009
2002,92,women,1.14495423507875,0.998081984902034,8.69497119796225,12.0903674611707,1.00992597127105
2002,93,men,1.30936418175486,1.11321245436094,5.69208968821997,11.8044536971624,1.05555361766711
2002,93,women,1.1776225890155,1.00204820036134,8.76046369516014,12.9751362287189,1.05560465127612
2002,94,men,1.40043406690791,1.13969155360141,5.6286075238463,12.0416909354746,1.0523656884983
2002,94,women,1.22177047000851,0.991606253014801,9.35244517292576,13.3096959075095,1.01866096283354
2002,95,men,1.47796031972911,1.21191195258858,6.06308579789203,13.913782030623,1.07355718227364
2002,95,women,1.24486325320095,1.02107752268426,8.68608052879937,15.5742407534092,1.02134125148335
2002,96,men,1.59054826821137,1.17182887049415,5.41453633392372,14.6609162681179,1.06831312782834
2002,96,women,1.33537967542719,1.02095940249418,8.69717362565731,16.9886308763205,1.0419911254199
2002,97,men,1.68931044337721,1.26766631929412,5.46176244980858,17.56351531935,1.1806575017849
2002,97,women,1.36665772850713,0.998101436730511,7.70597808392755,18.9423339725662,1.07498277165237
2002,98,men,1.88541734052879,1.38286037542346,5.24603143612494,19.6409179249535,1.25650885930104
2002,98,women,1.44824277810781,1.06506793086069,10.0944584613943,25.3586690113525,1.0673447182608
2002,99,men,1.78565050508886,1.33801736582613,5.84357454132487,22.2297115578517,1.26139735447611
2002,99,women,1.48781763213783,1.12987502357762,9.78726266365895,26.8508256055961,1.07121280584529
2003,30,men,1.45406994381057,1.08056018937117,131.123485401804,65.3212181892849,1.12059275059759
2003,30,women,1.53753575896498,0.972024858602394,284.052353146824,103.829078618856,1.54003690747828
2003,31,men,1.5941821958165,1.22508755666878,129.154163984454,51.1168121003366,1.15917069558261
2003,31,women,1.33457791664737,1.32506276733861,85.892016509909,126.74145528843,1.59340310950237
2003,32,men,1.43887577063144,1.50436593263342,107.323467365631,61.0216943566654,1.19354654530448
2003,32,women,1.13412719958524,1.05676624731082,157.047557310012,136.263467457231,1.67512664350855
2003,33,men,1.54132383906871,1.69853640026889,112.585791957924,57.4345400718043,1.17814959860415
2003,33,women,1.11564875588594,1.07202516882492,150.564142144007,148.581414085443,0.97310513794419
2003,34,men,1.40936524557049,1.90558605775226,88.357224581574,59.2698909168112,1.16947918153229
2003,34,women,1.22263842186155,1.15374724435996,158.765763100262,79.0549105156031,0.984702071528606
2003,35,men,1.43257252764783,1.53836038419102,110.193603217498,50.7367319464109,1.22320642470912
2003,35,women,1.09679567192705,1.25125584831905,142.698734772,103.044135520299,1.04137811679695
2003,36,men,1.35552195792412,1.53173340100492,99.3405206520415,53.3023780021527,1.02663184664161
2003,36,women,1.49899582195202,1.38940102792966,143.982380304195,94.0355757976497,1.08706795007399
2003,37,men,1.05052078174958,1.39489973625389,80.1462165540578,49.6302912913058,1.08444781711745
2003,37,women,1.17191544487305,1.48045254435848,122.378300480601,74.5596007107706,0.929834592201361
2003,38,men,1.1175808127965,1.41439407734517,99.5813132143449,29.9753054670374,1.0914242502115
2003,38,women,1.3129367243817,1.59515837819859,159.13031239283,65.5256294896431,1.18460748087966
2003,39,men,1.26908737750671,1.48683395437391,104.235290752238,29.650549211245,1.10679864901645
2003,39,women,1.32246752364805,1.75568681907831,133.890186211981,61.3026109237873,1.19071338597127
2003,40,men,1.1995166508317,1.49281351775335,88.6080117612695,32.3894888314457,1.16930448870199
2003,40,women,1.07188370373521,1.58853044413285,137.997427177057,59.8727211517945,1.26026333381164
2003,41,men,1.20021476579382,1.38970761706029,81.6432589442796,32.0695095969097,1.03506565112632
2003,41,women,1.17490917453368,1.76261514785118,104.681666270671,58.3749227922112,1.3030566292304
2003,42,men,1.20257435585282,1.44260925475803,45.0608822549945,32.9048851925563,1.09228206382824
2003,42,women,1.0629127274855,1.50292141836809,94.5008746883386,51.6822156526723,0.966291631503566
2003,43,men,1.16402363381012,1.38804451040262,47.7283487731841,35.1671390472067,1.04376952009057
2003,43,women,1.5746339012554,1.29900414433455,138.706407175608,58.4701652018905,1.03051200631291
2003,44,men,1.14238963723411,1.41286976985979,48.6840192541644,36.6352798688448,0.999335419404241
2003,44,women,1.14831536029541,1.29890112266797,86.258194849733,30.2931552254455,1.0884994616948
2003,45,men,1.22025849524234,1.34181653849462,49.2715102383511,36.2690760704524,1.0379016889788
2003,45,women,1.21607813385776,1.53974974366524,90.1466893569198,31.9734635426279,1.17942117915419
2003,46,men,1.33143580012033,1.38266619596926,51.6241273544801,20.6036580972249,1.08375283639962
2003,46,women,1.27120371012862,1.56134159996845,119.494441300002,33.024121046113,1.22543926373173
2003,47,men,1.27194315026171,1.33255002142721,58.523981231142,22.2586786196962,1.10304495848474
2003,47,women,1.38901938357572,1.50215384944427,113.633935751739,34.8846501149104,1.10795183312539
2003,48,men,1.25680242764665,1.40520522723775,63.5853948796205,23.9016568016114,1.0134497902642
2003,48,women,1.45164074423392,1.5694510318766,104.791574731071,39.9107199559464,1.02357358326831
2003,49,men,1.36876658970119,1.33348921918945,66.4379325192154,25.2266096196295,1.01360753637298
2003,49,women,1.59504745666447,1.29650936980262,48.1270487639402,43.0160220774495,1.10096432808058
2003,50,men,1.26257792911174,1.40185720263281,38.7218336445926,20.7077345717733,1.03408733389394
2003,50,women,1.48305965401226,1.25278109283417,49.4857468774439,47.6161263868556,1.11280311374614
2003,51,men,1.24765339110783,1.37306642189207,30.3051032967782,17.5299431415909,1.04189981505036
2003,51,women,1.5689656233962,1.24004543642249,54.8511342652173,29.2651363233035,1.08647097399209
2003,52,men,1.28450149171039,1.32437705438622,33.9701968470245,19.4603153980819,1.00683366083536
2003,52,women,1.40784262388945,1.27968171040308,61.7246632391414,31.6715151271796,1.02463482073004
2003,53,men,1.17033399434436,1.30297495095696,28.2685609470747,17.7253855145093,1.07481159799359
2003,53,women,1.14620427628052,1.31216207446429,71.9734528582446,29.4988436786553,0.97519826433125
2003,54,men,1.14881926017939,1.24775998379854,25.3641427379004,19.2783831532238,1.02888563416429
2003,54,women,1.15786838749494,1.27808945648947,82.8126536927053,27.6466824463363,1.03774374962975
2003,55,men,1.17158551474485,1.18946536502401,25.5687094742764,18.6351517135222,1.03366199502655
2003,55,women,1.18708056846786,1.18094454603568,87.0717040178814,28.0732427138935,1.03353957371836
2003,56,men,1.13373377955398,1.21567654587615,19.3698089454012,15.1006175043046,0.99806288516148
2003,56,women,1.14053190253185,1.16387908907996,45.5053876514763,26.9896054916405,0.992090695736346
2003,57,men,1.11466241165513,1.21278030488021,17.5889489978259,13.8697846553193,1.01887125960707
2003,57,women,1.11317045948672,1.20941814998762,56.3502863234064,25.1949092236223,0.969405443967812
2003,58,men,1.04121355006736,1.2019611573631,14.2443057777792,13.9570201351312,1.01878975850555
2003,58,women,1.10643534850691,1.12797312822841,63.4621115165835,26.5138812929979,1.05088435047009
2003,59,men,1.11550005809278,1.19965529238601,14.7323994112877,13.5213729530763,1.01290143156172
2003,59,women,1.15560908554763,1.1749916969859,40.0567257793366,21.4216121842322,0.986217450846017
2003,60,men,1.06866133250247,1.13795350873034,14.7976042292194,10.9632332259359,1.01996887230368
2003,60,women,1.16887662472134,1.0852541005535,38.502164131155,19.9761496343945,1.00100960868188
2003,61,men,1.03782442601577,1.18990392993977,12.3659470114893,11.6591278410942,1.02633646931212
2003,61,women,1.09634093798925,1.11369623153756,39.2370474237027,21.0742550395633,1.01931632010817
2003,62,men,1.06544914349682,1.17930862055686,12.077692316682,10.0344053364288,1.02402931733101
2003,62,women,1.07618448618269,1.11275323473601,32.5150468186954,20.4109993205754,0.969080112481947
2003,63,men,1.08176905540184,1.22148772218887,11.2383113054255,10.7927799852244,1.03549531083758
2003,63,women,1.10442356215751,1.12240715247386,35.458708156335,19.4749521149397,0.972502519876168
2003,64,men,1.06446384543248,1.14025222255052,10.2772809747818,8.87213061227146,0.961831638100213
2003,64,women,1.07890724161635,1.10117555514149,31.7483103215408,17.6535837671113,1.03686661076026
2003,65,men,1.11098397029738,1.17459601085931,10.7924524788977,8.55832497162454,0.993350018162937
2003,65,women,1.15923820507026,1.12445338776829,36.3621887395231,15.2338555735108,1.01596652010691
2003,66,men,1.08860061622597,1.16600191130501,11.3927366348232,8.29299355043694,0.996753482360641
2003,66,women,1.07464481152321,1.10820007455631,27.578962988067,16.3025754023531,0.957105002379087
2003,67,men,1.08032410232718,1.17040991770911,10.1956919804873,8.55378393762012,1.00072867339298
2003,67,women,1.02956062326004,1.13188986614883,28.7564216695764,16.6109884252354,0.960946555921488
2003,68,men,1.11162671660565,1.1455908607274,9.61869721296737,7.75220708177459,0.975598398866926
2003,68,women,1.13331958345451,1.07119919904232,29.0803441526814,16.9597114032266,1.0100589590595
2003,69,men,1.07714831984882,1.1817946842439,9.32808431613457,7.85320213436913,1.00241304652994
2003,69,women,1.08272053460347,1.13402783418424,22.2014878198276,14.6039018252108,1.03445278496083
2003,70,men,1.03167562168806,1.16756379329483,8.68992802638886,7.37480947934711,0.971523100259835
2003,70,women,1.02517800131784,1.12442608648541,23.8830363714448,15.4528389889336,1.05017907468972
2003,71,men,1.04120698764509,1.14811944646513,8.32824902343775,7.12237132087459,1.00050734885569
2003,71,women,1.09067212604113,1.0674758447001,24.4237616176138,13.4871360930345,1.0475365688724
2003,72,men,1.06659795031838,1.15755630074205,8.17088166792396,7.16626653183628,1.00722164006656
2003,72,women,1.05368103928987,1.09756136546488,24.0938401293153,13.6956437671683,1.00540783098819
2003,73,men,1.07645436240808,1.1326678525348,7.80463500377445,6.5836112057772,1.01180211788782
2003,73,women,1.09544966686688,1.07462689682869,20.1578067451878,12.8003155264439,1.01307412513698
2003,74,men,1.1034750022809,1.21902223462003,7.89708875574462,7.20077376149383,1.04808842926287
2003,74,women,1.12113572408551,1.03679238294178,17.1145608081606,11.7681851772679,1.0108479728355
2003,75,men,1.10198332949946,1.19410249118663,7.76716927620415,7.3929200446516,1.00018746919533
2003,75,women,1.0562289012281,1.06373659924723,17.8108074648792,12.7292409572197,1.02398276728264
2003,76,men,1.08032035114165,1.17749686150428,7.22007916984314,6.87247392501629,1.04792067542283
2003,76,women,1.07752351336413,1.05665016235441,17.24708247673,12.4683223226463,0.992740350457075
2003,77,men,1.15484856672465,1.18551884585856,6.84635094692213,6.88926606299792,1.02226508123939
2003,77,women,1.09664407979369,1.01766730668602,16.9351921441413,11.4471206494366,1.00702045850574
2003,78,men,1.1883512148929,1.2001510479484,7.07461617800241,6.71517976773216,1.02036390000888
2003,78,women,1.14156214881845,1.01565023515567,17.543742069351,11.2034774842631,0.998604002578316
2003,79,men,1.22527334547342,1.27275895138998,7.31312733497972,7.3408514514514,1.03226487465726
2003,79,women,1.13150647025245,1.02126259555972,15.1645111150508,11.0593405592528,1.04768951309736
2003,80,men,1.19231802679917,1.12586331847581,7.19296512546453,7.55891488279499,1.05478636620054
2003,80,women,1.09505567541776,1.03189554330803,15.4170041370563,12.0296719533133,1.03970012832814
2003,81,men,1.16675351923195,1.11983234231436,6.60079856435126,7.48469078479446,1.03912929751648
2003,81,women,1.11735909145603,1.02729360907696,16.4337495783282,11.4838751414718,1.00643195245769
2003,82,men,1.20832932993389,1.12516157465002,6.4406629501181,8.3117480610331,1.05314876887725
2003,82,women,1.1290760102041,1.04541739118026,13.4652915282684,11.7046952176234,1.02311473967458
2003,83,men,1.27514464302321,1.12852462010314,6.86257527297946,8.63603574088783,1.07204994255894
2003,83,women,1.18712329914844,1.05370518363285,13.8395198348507,11.9241027781864,1.03699080977001
2003,84,men,1.27339867712644,1.14107605378136,6.30347195979186,8.29746609860887,1.04774602693492
2003,84,women,1.0795495280112,1.04717065042791,12.0799424887842,11.6780331788098,1.01476428587805
2003,85,men,1.25240614042065,1.14391088755397,6.07122527323071,8.09002103451435,1.02755535808366
2003,85,women,1.10626271167015,1.04493615894592,11.7184823804077,11.3678904148497,1.03419865587445
2003,86,men,1.21595546122382,1.16192633056652,5.70779964443982,8.05744617683625,1.05504705233291
2003,86,women,1.1921373247211,1.06424286246448,11.1561717085985,11.5221448089067,1.03854708476206
2003,87,men,1.2790056609575,1.16910552915254,5.57511629544308,8.39089498335536,1.09564601247849
2003,87,women,1.16184658577072,1.07005723026736,10.9134903483987,11.6934465601414,1.00260840711111
2003,88,men,1.33431693170781,1.17074142001099,5.70908820186029,8.60326256188344,1.06299410892442
2003,88,women,1.18453486399099,1.05238906292865,9.969398613527,11.4660893413118,1.04966475651781
2003,89,men,1.30573094668661,1.17231266954326,5.19403912917095,8.50897178433948,1.06095448447561
2003,89,women,1.21550327358599,1.07858696103131,9.50105042572855,10.9745442412041,1.03282339702114
2003,90,men,1.21907446279775,1.0825265892737,6.17969069307147,9.21001922953898,1.05971863229302
2003,90,women,1.09117542622818,0.979127792918407,9.56635229695794,11.6426328520649,1.02056609615478
2003,91,men,1.25876270002031,1.08179634251418,5.28586812294081,8.33738469253139,1.05083480000043
2003,91,women,1.13009292598401,1.03486114512008,9.81281033433014,12.7235790978116,1.02426190748828
2003,92,men,1.29037646947093,1.08719419359903,6.9731539732244,8.87596499743315,1.09330671821405
2003,92,women,1.14031630040168,0.986189596776014,8.65467558935889,12.5806975796253,1.03572955621703
2003,93,men,1.30883219063997,1.09819502009276,5.50107875830518,13.2264046282845,1.08617532719712
2003,93,women,1.17433199391678,0.990694747688191,8.55786740403479,12.4609220737371,1.0361790065775
2003,94,men,1.39996982286698,1.12464666387094,4.87435731821398,11.5558533457215,1.10436049022579
2003,94,women,1.2218481846613,0.981155566471217,9.52633090452716,13.1246537211281,1.04211091297766
2003,95,men,1.47630846050873,1.19273913634434,4.40610871356306,12.2085790259921,1.10781159420206
2003,95,women,1.24714669233861,1.01064509504595,7.5915114490246,14.3755042201431,1.06785895684539
2003,96,men,1.58731291682416,1.15568975057258,5.63573501957956,15.4504036650184,1.08925342150411
2003,96,women,1.34041282975703,1.01043317736415,9.58132488833118,15.7382753557173,1.04389756296959
2003,97,men,1.68857016593112,1.24741518201442,5.90867492397981,16.8358605923176,1.15051863606558
2003,97,women,1.37602333748908,0.989329426144319,7.93372946865136,21.4495294467727,1.05870885642121
2003,98,men,1.88367313330409,1.35767741045592,5.03216787836678,20.3377376873589,1.23911550175396
2003,98,women,1.46043454438156,1.05403715069172,8.06622161529554,24.1478735900982,1.08752880882922
2003,99,men,1.7902596865533,1.31629434596275,5.17704023748604,32.7452850570394,1.24373110970062
2003,99,women,1.50288741553715,1.11568193643997,8.34633453558704,28.4977600893955,1.09169130318318
2004,30,men,1.46116216414458,1.08963683461649,158.501505872089,74.6179874562712,1.09742006571422
2004,30,women,1.54542054253,0.984666808982491,184.945249098083,283.97663999773,1.42132178288506
2004,31,men,1.59478403137086,1.22531936066334,152.578019116927,69.5064249998038,1.1344675507112
2004,31,women,1.34734113379495,1.33788928566348,204.303450708616,168.428562663702,1.55192985850213
2004,32,men,1.44350459554921,1.49193473427264,122.523119444588,67.8008412723421,1.16041386988247
2004,32,women,1.148821350816,1.05426790417795,122.387651585822,128.562515402008,1.65882874290057
2004,33,men,1.54123191500574,1.68533264183745,136.432655815475,60.2647099569946,1.16967332449005
2004,33,women,1.14836136887997,1.07592199863562,191.617883093937,116.471846903864,0.960132240560101
2004,34,men,1.4159409284404,1.89170119334193,123.949015427797,70.1765656375561,1.22163101439526
2004,34,women,1.25383845982243,1.15408004731721,215.352830889865,79.596262546722,0.998628960465586
2004,35,men,1.44247011919489,1.54709562543316,91.6403431873333,52.4661562663802,0.974755080524766
2004,35,women,1.12676479973102,1.24676265023481,121.972941917387,82.2056362261516,1.07146179343071
2004,36,men,1.37361417547692,1.54636233638776,116.709469853464,54.4884119221408,1.02488731025506
2004,36,women,1.52865322032685,1.38223721152829,157.816052882034,101.73060090727,1.1085793043896
2004,37,men,1.07188124260143,1.41740906975446,102.313895117452,25.4713242465765,1.06774227491857
2004,37,women,1.20007554272091,1.47212859375481,136.487312251887,74.6343905441036,1.15882766409307
2004,38,men,1.14400504241915,1.43687478120137,93.9595240513332,45.9058079735506,1.17228046046997
2004,38,women,1.3426443485375,1.58716435681811,131.328607919356,57.256607033928,0.995978708553205
2004,39,men,1.28457005915777,1.49606899677142,88.7776083520856,28.8461646894019,1.15426455091174
2004,39,women,1.35025759977353,1.7468422518255,119.376717295898,74.3704249946934,1.25161149111659
2004,40,men,1.2165897517075,1.50137288874086,87.3847888162701,27.9960738469908,0.977661002983045
2004,40,women,1.0973891185646,1.59201487785949,151.323919169601,63.4510374276077,1.23258966167954
2004,41,men,1.21776484269821,1.40051223221011,88.7078231847367,30.9105982428542,1.14240206355985
2004,41,women,1.20089722427394,1.76665334097954,132.326768660363,70.5201860235703,0.906544136890072
2004,42,men,1.22219879741331,1.45744216734539,43.685906837545,30.7668964220584,1.05483281489702
2004,42,women,1.08660712252544,1.52092384129757,108.24896973741,61.1161505605873,1.30378982650361
2004,43,men,1.18668275072998,1.40421861443682,43.4196677307248,32.0784194840617,1.12979812387902
2004,43,women,1.60004158175012,1.31959856755067,120.594460609222,51.3513143264576,1.00251810441393
2004,44,men,1.16364648047338,1.42412517432669,46.7090735305786,35.1798633748042,1.05612865665674
2004,44,women,1.17099943352639,1.31773922856113,95.4940648072988,58.3645549898652,1.05918435432834
2004,45,men,1.24028138030939,1.35397096565372,49.0606111168909,37.9251075875013,1.13627592976654
2004,45,women,1.23967536571269,1.5444656272141,106.460098922096,33.0408344611187,1.17491802804913
2004,46,men,1.352710035244,1.3956361177446,48.7721642187811,37.9721610784798,1.05905688568195
2004,46,women,1.2938665482542,1.56538802616692,116.352317899106,33.8959743141168,1.23457583567633
2004,47,men,1.29322632658317,1.34233788454358,50.3608721585184,20.3977389453045,1.13536673143267
2004,47,women,1.39080649851129,1.51297487880333,108.14323296095,35.159360961983,1.07601379601276
2004,48,men,1.27995753892702,1.41619294559647,55.8603882906184,22.5162310563278,1.04937517521333
2004,48,women,1.44924428462034,1.57961204974493,101.424243559996,37.0241762097379,1.01155816364749
2004,49,men,1.3931179310192,1.34542453765904,57.280207023568,23.2714841432707,1.07514774443357
2004,49,women,1.59326318246773,1.31281749669076,49.0680798694124,40.7417368048231,1.10557898508352
2004,50,men,1.28472958782774,1.41439958245508,31.9660094701817,23.3839334484219,1.03802918212091
2004,50,women,1.49164356951981,1.26569271188233,47.6678829549975,44.4264211255933,1.0427318287068
2004,51,men,1.26782803396942,1.38247587007612,34.8843054721047,18.7698247768373,1.07167154069606
2004,51,women,1.58160087309653,1.25311374469753,96.3916192643505,26.1357189460901,1.05319718024236
2004,52,men,1.30266359528409,1.33453404128314,38.0203551188815,15.599099415158,1.0283309698796
2004,52,women,1.42822727699886,1.28498113270084,54.2652463365401,29.2103391391902,1.03404624304124
2004,53,men,1.18681143849305,1.31231217869736,27.9437844293521,17.2445795962946,1.05358644651645
2004,53,women,1.16832015290393,1.32096095083887,59.4988598421155,31.5244494635271,0.996210092017741
2004,54,men,1.1633889427035,1.25788978102083,23.1013088509272,18.3473562674452,1.05613645206473
2004,54,women,1.17874876778063,1.28605867096356,67.4948044128838,34.7909436166196,1.02348092185612
2004,55,men,1.18155067397003,1.19400266151182,25.0259874190283,17.1825909494796,1.03500120908766
2004,55,women,1.19569731780968,1.18765071944532,74.758189719703,26.0509527386982,1.07122217191332
2004,56,men,1.14182443365769,1.22026371039015,20.3200980234806,15.0320883096338,1.0257273506514
2004,56,women,1.15177470660653,1.16892292903883,78.1463462405279,26.0233562873654,0.991271312915539
2004,57,men,1.12233580593902,1.21649085919956,19.0436862191241,16.7648149837382,1.05363603339401
2004,57,women,1.12426236357663,1.21719479641361,71.8662279799743,26.2709910280458,1.02356067937969
2004,58,men,1.04835468892378,1.20590600067137,16.4117807180955,13.5051056138322,1.01885106754207
2004,58,women,1.11360516421052,1.13269344761199,47.6091635253594,23.7554813222722,0.99392559775188
2004,59,men,1.12340756949126,1.20388158616643,14.9339238879409,13.9760996186703,1.00560328665753
2004,59,women,1.16558903478181,1.17737419648714,53.5378319685748,25.0121180529916,1.03624090018054
2004,60,men,1.07661301652877,1.14102276792807,13.8585049196931,12.8072847848803,1.0276553717061
2004,60,women,1.18183485914016,1.08883455369215,63.4696013642517,20.160037810325,1.0132721851703
2004,61,men,1.04727616766787,1.19257737584231,13.3242578061803,10.7054800586327,1.05137357696147
2004,61,women,1.11001485812578,1.11516728740367,34.553173340567,19.177731517237,1.02420283391918
2004,62,men,1.07633187728266,1.18204862383805,11.8119186585058,11.0940975919062,1.03529725026746
2004,62,women,1.09022412449202,1.1142960993722,34.2427798122639,19.7193928558285,0.996856025714923
2004,63,men,1.0943921826279,1.22418070939804,11.5214471204004,9.58501794541298,1.03550359029533
2004,63,women,1.12043768310118,1.12352635087356,34.4429924873382,19.8892689006573,0.968729202056115
2004,64,men,1.07839583808706,1.14290248168076,10.6584065639819,10.1342119950635,1.00498541570172
2004,64,women,1.09672711732734,1.10301381929802,22.8715329567915,18.6300460989765,0.984341036676649
2004,65,men,1.12479810025491,1.17441232128381,11.0247125738589,9.60784726613624,0.998605765769969
2004,65,women,1.17392891804368,1.1236304781028,30.1914578202005,17.5975811490669,1.03805951399942
2004,66,men,1.10327159987584,1.16633273234023,9.79996945995927,8.46783688600642,1.03461414808449
2004,66,women,1.09116513686464,1.10762018951207,33.4103288932191,15.2003860888748,1.00334179462424
2004,67,men,1.09605025646804,1.1704475868167,9.35427713723199,8.46973967918383,1.02185884571983
2004,67,women,1.0467426062705,1.13246681333834,24.7066634732213,16.3905224135589,0.988378248999624
2004,68,men,1.12953676379781,1.14628100344599,9.37133157643661,7.5774573992223,1.02090010666355
2004,68,women,1.15244392151985,1.06996358860749,25.3433992217476,14.1326225300046,1.02407317543477
2004,69,men,1.09539349850442,1.18187710882976,9.19222995130484,7.63768576821274,1.03038528484734
2004,69,women,1.10310582473059,1.13264815450441,25.8043956775481,14.5306107156811,1.03282798291763
2004,70,men,1.04791227995476,1.16576223325043,8.94722022252158,8.28238112288403,0.976786048587765
2004,70,women,1.04277383444256,1.11948284449781,25.170647797481,14.7547311083428,1.06294373128693
2004,71,men,1.05848756675435,1.14687766889276,8.12328126753396,7.30944323245004,1.0066528279178
2004,71,women,1.10964911053078,1.06208472182894,26.2486044706083,13.3839342113074,1.01581013335608
2004,72,men,1.08364625004505,1.1559180748664,8.12373474103335,7.31324621563176,1.03407175660879
2004,72,women,1.07237209316451,1.09051299111086,20.9225134336394,12.3879953472859,1.02189225157193
2004,73,men,1.09381705458798,1.13131395993588,8.61597378969844,7.34240961830962,1.02305872992782
2004,73,women,1.11554689989083,1.06675726530413,21.4351367855692,14.2532707982573,1.00325659138299
2004,74,men,1.12091653773931,1.21596586915897,7.47876538933958,7.52895018709685,1.00661658648193
2004,74,women,1.14140805638266,1.02660327920205,20.5234415161021,12.4720100597107,1.02472602537567
2004,75,men,1.11780990895884,1.18896343331469,7.48876868114968,7.23861332302494,1.02153399328115
2004,75,women,1.07520594547799,1.05214965675682,17.6450063920796,12.6604913011486,1.00457596087969
2004,76,men,1.09528876398401,1.17329272172267,7.85913613247731,6.86632822568523,1.0504638515512
2004,76,women,1.09664915864821,1.04431898743215,18.2621540296067,11.9114476271318,1.03363598273163
2004,77,men,1.17076471819805,1.18192445138001,7.58047505907416,7.51213601005884,1.04894876741465
2004,77,women,1.11578198289368,1.00469246996083,16.5644204472784,11.4489212546798,1.02219172107408
2004,78,men,1.20460750484208,1.19543246914218,7.6042486930349,6.86218903583621,1.07569185667883
2004,78,women,1.16067030631968,1.00337793990691,15.6485812649699,11.0801063826705,0.992249839976145
2004,79,men,1.24172705518732,1.26873778736404,6.628418786931,7.54476480664083,1.03888394068582
2004,79,women,1.15087702049265,1.0099629054679,13.8753114862934,10.764620531369,1.03845380849344
2004,80,men,1.20520565926963,1.11287160077147,7.48717106050638,8.08104724122508,1.05267983773095
2004,80,women,1.10755101305737,1.01503565663711,15.6164300998856,12.3791811817021,1.05007503635188
2004,81,men,1.17925007046471,1.10831714985387,6.42956498130982,7.92471026328623,1.07754275787461
2004,81,women,1.12934530455538,1.01211812717401,15.4442204272154,12.2520457424173,1.04583645335833
2004,82,men,1.22075003433393,1.11501556276942,6.54380166788241,7.87741915795223,1.05526448552271
2004,82,women,1.13895649190445,1.03215765387029,12.715105088903,12.0723684032907,1.03540857744259
2004,83,men,1.2878385912844,1.11911826556622,6.71046120927885,8.2467182591479,1.07809898752026
2004,83,women,1.19633736212935,1.04184708759845,13.3510108936403,11.9586038061776,1.05553100310073
2004,84,men,1.2856178525283,1.13251110605253,6.46415126270011,8.35529605180974,1.05736988523929
2004,84,women,1.08733624946995,1.03785974405361,11.5623649699622,11.9910352946901,1.05060644762694
2004,85,men,1.26012270539879,1.1366228436519,6.14689239944033,8.13667631171422,1.05572749840329
2004,85,women,1.11080869710267,1.03698483635604,11.8493664033067,11.7922846670382,1.03940348554746
2004,86,men,1.22482285810382,1.15523575222372,5.7502347581979,8.4392548338395,1.07946779533287
2004,86,women,1.19563366700239,1.05706153403709,11.6525949112113,12.0045619450758,1.03346913934813
2004,87,men,1.28711787504893,1.16361431957837,5.59736276995383,8.90772996861054,1.11206950746356
2004,87,women,1.16556341764348,1.06394438213284,10.6449121592877,11.3047722793035,1.02244106930063
2004,88,men,1.34292442211874,1.16659606436269,5.66072319877998,8.96954421831465,1.12530601142216
2004,88,women,1.18733985931646,1.04835700351189,9.82613964019365,11.317738988958,1.05345569077459
2004,89,men,1.31469364415536,1.16893156933648,4.60674386743831,8.22413108447733,1.07590342626402
2004,89,women,1.21859505627444,1.07482094780546,9.96821783779522,11.6307884145452,1.0329970335776
2004,90,men,1.21542621538514,1.06653151566358,5.77827134898888,7.84308016150378,1.06739154870762
2004,90,women,1.08393356306023,0.96621807109405,9.48939324553497,11.5446302100429,1.02196523777615
2004,91,men,1.2555133223011,1.06721216244952,4.81371498257953,9.64333485850319,1.09151946624433
2004,91,women,1.12362152263837,1.02108797209607,8.91761162247839,12.276375626523,1.01520385918725
2004,92,men,1.28858183964558,1.07209810821647,6.26790404945889,9.43620598118575,1.10750992807443
2004,92,women,1.13569945374989,0.974444739345409,9.09410396913591,12.6860535262615,1.02428523304181
2004,93,men,1.30830068104077,1.08338751809318,5.27139740840297,9.54961168558934,1.15121704668854
2004,93,women,1.17105222917292,0.979475503186605,7.71190588211973,12.9279985629233,1.03060579107383
2004,94,men,1.39950596432435,1.10980774044608,4.33043448437256,11.1448888094907,1.14371108722069
2004,94,women,1.22192586546425,0.97082015523606,8.20531288043018,12.9104041864297,1.04597774111754
2004,95,men,1.47465927061281,1.1738789833011,3.6659558762485,15.6807640926441,1.18920128784666
2004,95,women,1.24943317710213,1.00032438381814,7.3951822760212,15.0759182590583,1.07604868657251
2004,96,men,1.58408575642575,1.1397807977358,4.44424938927212,15.1589456294627,1.15404564806693
2004,96,women,1.34546242806047,1.00002065185913,9.35817282525385,16.0423051519699,1.07981678930737
2004,97,men,1.68783058213342,1.22749742590501,4.32185663016757,40.7189066831092,1.2699043733586
2004,97,women,1.38544840558714,0.980638830842704,7.18345953640105,20.9461835212133,1.06150369624347
2004,98,men,1.88193140902511,1.33296527449127,4.3659724850205,18.2636489302873,1.28540079979546
2004,98,women,1.47272278259824,1.04312603541624,7.95527251495197,30.0699807220187,1.04295406445501
2004,99,men,1.79487845591692,1.29493458381527,4.94614930028873,17.9414951293357,1.28894738908591
2004,99,women,1.51810220127186,1.10167408886129,8.15300425985048,36.6988044760365,1.04683081742697
2005,30,men,1.46828541269579,1.0987851378896,121.498396231268,59.9040245880188,1.04098171321462
2005,30,women,1.55334179697579,0.997466747747923,202.766422764108,171.535185347512,1.6325148984818
2005,31,men,1.59538579371788,1.22555109284385,142.526224239432,57.5038731917074,1.08203227866053
2005,31,women,1.36021995298944,1.35083347186515,160.827940181737,142.256833389861,1.66432067416884
2005,32,men,1.44814599090712,1.4796123849789,120.222962897576,79.3582078687579,1.13575887114635
2005,32,women,1.16369841120934,1.05177670942794,156.686099810996,129.389964522058,1.787070493456
2005,33,men,1.54114004227982,1.67223803466223,121.851763685148,56.5010669298906,1.1911669613251
2005,33,women,1.18201612633264,1.07983103884167,131.612472332579,107.688361807611,0.979673096016225
2005,34,men,1.42254398806967,1.87792435089805,89.3697623562127,62.4999901776505,1.22984881650376
2005,34,women,1.28581851545934,1.15441278017302,158.361253407539,109.376001066924,1.04971028994158
2005,35,men,1.45243110391492,1.55587607284861,121.155011583065,62.5676794303153,1.26576240854623
2005,35,women,1.15753724441183,1.24228781649676,199.21196953067,107.35930846672,1.07068684003676
2005,36,men,1.39193866373151,1.56112358371934,97.6946627551419,56.5133060799679,1.29950476364844
2005,36,women,1.55888214935563,1.37511387836079,148.909849464342,89.9368487030464,1.09977452366
2005,37,men,1.09366504753948,1.44027013159349,109.018977696883,56.013149764155,1.05842903598829
2005,37,women,1.22889774556344,1.46385556281931,137.259864624972,75.2031849697651,1.14478254786747
2005,38,men,1.17104039769825,1.45970131512323,98.2041603937123,31.5608155708954,1.10277418770842
2005,38,women,1.37300883678356,1.57921435499781,153.820566534533,87.3982988076181,1.21386450033119
2005,39,men,1.30023376160859,1.50535674985309,75.4648433758433,26.1684451420261,1.17802022851924
2005,39,women,1.37861734837133,1.73804661962273,137.275777260332,78.5402347938686,1.03971960134929
2005,40,men,1.23389715966714,1.50997702989988,97.5819646795589,32.9744131683058,1.00597888020483
2005,40,women,1.12348825282015,1.59550521064738,117.369769631128,67.0390202951756,1.30209215094623
2005,41,men,1.23556259670814,1.41139539729297,94.8360168911245,31.2073021735507,1.01928706820707
2005,41,women,1.22744671181331,1.7706987642148,125.55266612063,61.5526265454653,1.33023132641759
2005,42,men,1.2421334535452,1.4724200778082,89.7082093727532,32.5853086572465,1.07981465508175
2005,42,women,1.11081749404486,1.53913275963049,107.971480425547,58.9661513630625,0.990968409907964
2005,43,men,1.20977131899069,1.42057297596097,46.4698411278137,32.0834974802831,1.02287898725139
2005,43,women,1.62584624754898,1.34050897569512,108.342285462447,55.0821504881905,1.03621962223097
2005,44,men,1.18528795550994,1.43546456092718,45.0562401445111,32.8728131911262,1.03660294904211
2005,44,women,1.19411995960237,1.33684094259835,126.187498146124,57.4782549326311,1.07731289142354
2005,45,men,1.26062257969626,1.36622934379549,48.7986912487328,35.3363469842044,1.12917356464943
2005,45,women,1.26371837083277,1.54919359091897,113.57732198166,31.7507221272867,1.1639292831342
2005,46,men,1.37431333047812,1.40872114057796,49.3522855649303,36.5381110095937,1.2259702986893
2005,46,women,1.31692180675551,1.56944291269977,107.510947184979,33.8140434016825,1.01094686001681
2005,47,men,1.31485474500109,1.35219270477159,50.162893324015,20.0827147208054,1.04298831800015
2005,47,women,1.39259501948002,1.52386840256572,114.200850799629,33.7616535970036,1.07300668066653
2005,48,men,1.30352738393806,1.42726103427981,51.0427539992193,20.7449977762587,1.08722301859558
2005,48,women,1.44685297381359,1.58983373418603,94.9933707903448,34.2865238207052,1.12356763760961
2005,49,men,1.41789002644974,1.35746064816179,30.3490969953928,22.6101702410666,1.05592656700977
2005,49,women,1.59148179286196,1.32932246548547,87.5029444218599,36.1995184663451,1.06082747854852
2005,50,men,1.30725854976527,1.42704783738505,31.3967364190219,24.2347291977831,1.0362463300131
2005,50,women,1.50027284899176,1.27873086168009,88.0011360229577,40.7966158260071,1.03287099453886
2005,51,men,1.28831859259286,1.39194505752193,31.5589991624134,16.8237469324282,1.09016904228808
2005,51,women,1.59433149772843,1.26631315151378,85.1083506073277,42.4998185461195,1.09705060257296
2005,52,men,1.32107324702906,1.34476379924106,34.342543941015,18.4944418337533,1.08027738658278
2005,52,women,1.44889669574964,1.29029984078682,45.3790918515686,24.7730195260728,1.11001862855184
2005,53,men,1.20351247862743,1.32171160951929,25.3446248635309,20.0240536235601,1.04697637673646
2005,53,women,1.19085139901746,1.32981439547057,49.4692810853248,27.7075468293529,0.990074575091147
2005,54,men,1.17813599534027,1.26809670067881,21.2790882273468,17.4573006144445,1.0503280844202
2005,54,women,1.19999499409123,1.29407356263579,56.0855719587015,29.0552054518385,1.07731788075337
2005,55,men,1.19159555895575,1.19855498930959,22.9491879293877,15.5082512427683,1.04215700415485
2005,55,women,1.20437226861072,1.19439160079388,64.9728579972585,32.7759462997041,1.05830631186642
2005,56,men,1.14996874551048,1.22486588245436,19.8838321555496,14.7894351157619,1.00109133189736
2005,56,women,1.16312264484659,1.17398609458621,74.0354807837194,24.926714847795,1.03723079799533
2005,57,men,1.13005815660324,1.2202109065099,19.5420663204336,14.8198112116391,1.03324086632492
2005,57,women,1.13545917374901,1.22501753017974,75.8837533319185,25.4576013623629,1.06191130995612
2005,58,men,1.05554120586055,1.20986181329015,14.8938424142485,14.110015597155,0.992337006350898
2005,58,women,1.12081782939085,1.13743115083933,39.2021799718411,24.6298835621246,1.04042736432668
2005,59,men,1.13136714844941,1.20812064930474,14.8104094853235,13.2437348477411,1.02026149891697
2005,59,women,1.1756501284195,1.17976033472785,46.0366833951213,23.290447085052,0.979575698459907
2005,60,men,1.08461985610442,1.14409876807154,15.0828671890278,12.484095053829,1.02552746218136
2005,60,women,1.19493017698323,1.09242502435286,52.9017321294351,24.3748622090622,1.03835819538534
2005,61,men,1.05680920903638,1.19525549015667,12.0238257036487,11.2288332631306,1.06587978352351
2005,61,women,1.12385237426903,1.11663955102284,33.7600069878699,20.4540823502993,1.02216424881242
2005,62,men,1.08732025721664,1.18479362154575,11.815923015342,10.8030350290725,1.05316451976582
2005,62,women,1.10443977897901,1.11584033193344,33.2003161463757,19.6625124969275,1.05242659916882
2005,63,men,1.10715620081958,1.226878285862,11.4585003091789,10.6948061778402,1.04477444409771
2005,63,women,1.13667584512194,1.12464610609392,34.6204956355329,20.5951365050974,1.02486633861731
2005,64,men,1.09250308927187,1.14555757397461,11.1197969042669,9.60778850303693,1.01231069943046
2005,64,women,1.11483220578653,1.10485423282311,25.2562789310428,20.2588755230346,1.03869003259546
2005,65,men,1.13877697660752,1.17422875205177,10.184949922294,9.07884330227145,1.02479190885953
2005,65,women,1.18879833390898,1.12280858074867,34.1909800675965,16.6734368505923,1.07255897019222
2005,66,men,1.11813283580403,1.16666348212745,10.679324151385,9.28082910516532,1.04875961776304
2005,66,women,1.10793099397735,1.10704089696739,30.9372105895403,17.6950042596755,0.988446045782297
2005,67,men,1.11199731717652,1.17048523834335,9.73824409119757,9.10764906142725,1.02137456569409
2005,67,women,1.06420254644669,1.13304376656359,34.7251334142565,15.7908033902967,1.02766905188581
2005,68,men,1.14772621830982,1.14697121732204,10.1943269652764,7.87695934896397,1.0328789021206
2005,68,women,1.17188119247812,1.06873001878101,26.636911730886,16.3192763509971,1.02034691054484
2005,69,men,1.11393838725549,1.18195949804028,8.33113291334195,7.74618651009242,1.02686861958542
2005,69,women,1.12386446773698,1.13127084040472,26.5702688685026,14.4175432152632,1.03758589336301
2005,70,men,1.06439618110908,1.16396434970592,9.2402734453653,8.4370817043835,1.00762650061564
2005,70,women,1.06066267193414,1.11456378399538,24.0231353946428,15.1244037331995,1.04097562844119
2005,71,men,1.07604610984177,1.14563785288657,8.85768229606791,7.85710836629209,1.02903765096229
2005,71,women,1.12894656700293,1.05672349515819,26.8534185243725,15.0641160443482,1.04239476311201
2005,72,men,1.10095833695259,1.15428298302194,8.00201763203321,7.73388665111906,1.02114429576583
2005,72,women,1.09138513061269,1.08351336281725,21.5159761646092,13.7109396719892,1.01788811372719
2005,73,men,1.11145092652154,1.12996235987856,7.94523811625903,7.54289896486354,1.05600439933662
2005,73,women,1.136002535793,1.05894914704139,22.4100962966293,14.6224456336756,1.01329021802783
2005,74,men,1.13862484608459,1.21291868572195,8.44109756482738,8.11781975301681,1.03253784974962
2005,74,women,1.1620365634315,1.01651931750052,18.5913100417431,11.9368942722167,1.02747178002264
2005,75,men,1.13385572211318,1.18384903963045,8.4544960904807,7.31503945318631,1.0429261004218
2005,75,women,1.09451422298611,1.04069461338742,18.1621589799235,14.0728728453858,1.00897085470447
2005,76,men,1.11045694909213,1.16910567854879,7.33289715673976,7.50665967360656,1.05453382739273
2005,76,women,1.11610448074518,1.03213776246642,15.530258317091,13.0497747750737,1.04560431081839
2005,77,men,1.18689212163203,1.17834273982081,7.42122631518552,7.37489434092971,1.06343564600601
2005,77,women,1.1352440696328,0.991889406468187,15.7817408699892,12.3104410971815,1.01673202491377
2005,78,men,1.22107789920038,1.19073478228052,6.85063686547598,7.41924786346594,1.08136897840675
2005,78,women,1.18008853489378,0.99125994486214,15.5126166927592,12.0995957154998,0.999581463123859
2005,79,men,1.25839334105111,1.26473132440306,7.45986496636699,7.83751738196904,1.08539615091831
2005,79,women,1.17056926758437,0.998793783873444,15.552347096598,11.8703192754929,1.04048838603492
2005,80,men,1.21822605889717,1.1000361682914,7.05252543695337,8.64544816475197,1.08990079123848
2005,80,women,1.12018259049422,0.998459445160289,15.3425992965775,12.3338090790608,1.0291104567711
2005,81,men,1.19187413178494,1.09692602395019,6.88797802454552,7.56793121116283,1.0930034865338
2005,81,women,1.14145402092048,0.997174225464172,14.741198428191,12.177495754399,1.00993340690426
2005,82,men,1.23329212195314,1.10496603465759,6.75819403603158,8.08326734815002,1.0842367958459
2005,82,women,1.14891844318628,1.0190725883037,12.560271343251,11.9494492294708,1.0319219250037
2005,83,men,1.30065247915811,1.10979494791057,6.81410009334771,8.2260158709526,1.08044165507212
2005,83,women,1.20561829136579,1.03012825532069,13.1908112560445,11.875875403952,1.04220664203478
2005,84,men,1.29794809591351,1.12401467189318,6.48603402591985,8.49600577532765,1.11183880570956
2005,84,women,1.09517520934086,1.02863620868493,10.7000175130474,11.9886109590793,1.02048695259238
2005,85,men,1.26788292991527,1.12938483422266,6.27558012175283,8.41158522374617,1.08673871740174
2005,85,women,1.11537108155597,1.02909793999283,11.8071106136068,11.6108736182075,1.04425134117899
2005,86,men,1.23375044857365,1.14858700841185,6.0786554557176,8.47789718238167,1.10128673311429
2005,86,women,1.19913851155556,1.04993221038495,10.2042867300285,12.2833523928922,1.03402987451028
2005,87,men,1.29527745607174,1.15815162200801,5.51165261954321,8.37202356251824,1.10142943135951
2005,87,women,1.16929027678555,1.05786947794719,8.87706990619382,11.475749897998,1.04622229504099
2005,88,men,1.35158310254981,1.16246744362158,5.23147261185672,8.26974224558872,1.12391517800751
2005,88,women,1.19015009258909,1.04434239223777,8.99428261450891,10.9471548042306,1.06848954568731
2005,89,men,1.32371334529147,1.16556190012027,4.84849747660188,8.26710862036438,1.11982477296002
2005,89,women,1.22169315498568,1.07106995300644,8.68736468611314,11.1444376520916,1.05008264064485
2005,90,men,1.21179069771837,1.05078058358731,5.77151195714183,8.66317899259497,1.06619625208186
2005,90,women,1.07674333925462,0.953484876313892,8.22997955412887,11.4570768962045,1.03866107545294
2005,91,men,1.25227394731477,1.05283172729107,5.3087183802254,9.4769771477839,1.08444749950813
2005,91,women,1.11719037810795,1.00750484335663,8.27431781899466,12.1275767406073,1.02668166894999
2005,92,men,1.28679059918918,1.0572190122018,6.82525893786782,8.89618886502012,1.16806647196997
2005,92,women,1.13110358878789,0.962845510169803,8.11398796184628,12.1887112984411,1.04544941014727
2005,93,men,1.30776965228141,1.06878691110206,5.85573969584111,9.95932414315006,1.16148220545125
2005,93,women,1.16778325376018,0.968388814607437,7.75884458332955,12.7393805313037,1.05919865705848
2005,94,men,1.39904249076776,1.09517186295,5.46477260244161,11.1269046582371,1.16747034422772
2005,94,women,1.22200351244896,0.96059869120257,7.05686216924285,13.0365427471239,1.04929413534138
2005,95,men,1.47301274439906,1.15532624244511,3.81909565811594,10.735106283253,1.25973097853663
2005,95,women,1.25172271003091,0.990114137823935,7.42364796984745,14.4281188923041,1.06564318628266
2005,96,men,1.58086676220709,1.12409861706461,5.34013186014415,15.8637290144379,1.19558694566408
2005,96,women,1.35052851581631,0.98972054202663,6.62173986346623,15.5997193052759,1.04274206818
2005,97,men,1.68709169098847,1.20790740046473,6.7876703634373,15.9742947405838,1.19366443537243
2005,97,women,1.39493328033422,0.97202885512735,8.1697668131618,19.294232891452,1.08076053116062
2005,98,men,1.88019216292087,1.30871493637076,4.52196939291255,41.4451903707767,1.34719409862976
2005,98,women,1.48510820741649,1.03233322813316,6.13391115760607,23.9079636385881,1.04417735344128
2005,99,men,1.79950682832487,1.27393182816068,4.74381729740775,65.8484505667532,1.35165386443117
2005,99,women,1.53346331116013,1.0878489725763,6.25812893405043,32.7031341993227,1.04813573009827
2006,30,men,1.47543980963447,1.10800562875065,151.817061300982,67.0066061466989,1.03056677723901
2006,30,women,1.56129967268125,1.01042656902567,254.674774282632,147.93830878633,1.5405916092918
2006,31,men,1.59598748290298,1.22578275326835,130.796839260515,73.5589036400773,1.086425924304
2006,31,women,1.37321536284756,1.36389634590853,228.286449293435,134.798227987811,1.58085855328112
2006,32,men,1.45279998454749,1.4673978780794,179.123008171078,62.6202624619362,1.10620138262231
2006,32,women,1.1787605646391,1.04929263905753,119.602352833861,122.784879401799,1.64073575073931
2006,33,men,1.54104822083673,1.65925162265892,119.726992120282,71.3156346535097,1.13409284128181
2006,33,women,1.21663967229323,1.08375232158474,105.57506544537,127.283850072918,0.92495706356368
2006,34,men,1.42917452469726,1.86425463677873,93.6914081458148,63.0394014855083,1.18712303503713
2006,34,women,1.31859768592957,1.15474544297716,129.28480032276,114.427996734745,0.962607788321749
2006,35,men,1.46245585591366,1.5647019376643,105.173142916731,59.8557933249476,1.197969667012
2006,35,women,1.18913412187056,1.23783126294399,145.059835625297,111.728643150667,1.06347548971662
2006,36,men,1.4104982865328,1.57601827281213,100.980338629129,56.3756153520394,0.985262096797034
2006,36,women,1.5896933297361,1.36803077963324,144.910579073142,103.990573254215,1.0728038074784
2006,37,men,1.11588036939493,1.46348823828808,108.14205054798,54.4043525382531,1.03926984497136
2006,37,women,1.25839727899422,1.45563311490015,108.677049982051,98.4513448116108,1.11516667788275
2006,38,men,1.19870069699956,1.48287882268258,95.8340318258567,61.0581622141914,1.08034775520421
2006,38,women,1.40404437448592,1.57130810856753,206.307341206056,88.0822202073197,1.17138354924051
2006,39,men,1.31608050945077,1.51469748795983,90.903248274438,57.9937225250515,1.12920152900152
2006,39,women,1.40755815433329,1.72929962751893,124.531212491358,70.9536149085081,1.26282913480504
2006,40,men,1.25144197101012,1.51862615289814,85.4417123216253,49.9286153283794,1.23375628653668
2006,40,women,1.15019462069477,1.59900144953384,101.74636159953,61.2035701188469,1.10232480820895
2006,41,men,1.25361139703756,1.42235764376474,47.0950709165257,30.1321699061587,1.06726627459321
2006,41,women,1.25456947714641,1.77475142688627,123.454599804981,62.7763873529408,0.996609849743869
2006,42,men,1.26238306958346,1.48754433018036,44.9275656658715,30.2747409761729,1.08592003676448
2006,42,women,1.13555481231773,1.55755043719005,109.482914725645,66.3078509496873,1.0138877499246
2006,43,men,1.23329725754894,1.43710951250218,48.9420478598394,31.5880517185454,1.13256426693549
2006,43,women,1.65205389874252,1.36174005575948,121.437378765027,58.7598373765696,1.08390359860754
2006,44,men,1.20732082499825,1.4468885139375,46.4544405252069,32.6329766286033,1.2233606361467
2006,44,women,1.21768511210298,1.35620981929659,132.125927715003,64.2716734478591,1.11083098541829
2006,45,men,1.28128699125427,1.37859250945053,47.0448286520646,34.0488651059901,1.13230440529534
2006,45,women,1.28821534162643,1.55393365967602,153.083528753457,55.545505925125,1.17179641981208
2006,46,men,1.39625060763369,1.4219222277567,49.4788604698054,37.3681519029727,1.06147098280488
2006,46,women,1.34037607979935,1.57350627302327,133.87888212215,30.6219040279156,0.990755950262152
2006,47,men,1.3368338294178,1.36211490641537,50.1324613101738,21.2407583017118,1.01853631586974
2006,47,women,1.39438494688585,1.53483486987982,98.1898164829629,32.2239338157249,1.09022993110697
2006,48,men,1.32751917859303,1.43841004063569,51.0118236665141,20.7500906949516,1.06467942838808
2006,48,women,1.44446679819175,1.60011641688206,105.468237172862,33.4606726450226,1.14018778672688
2006,49,men,1.44308993067242,1.36959835096359,49.655269823369,21.2568513657906,1.13325679042807
2006,49,women,1.58970328174857,1.34602655214508,98.035666075699,33.2172349119375,1.03477224636969
2006,50,men,1.33017104842218,1.43980280768021,53.538543113195,22.5569591526867,1.08396107948004
2006,50,women,1.50894770936077,1.29189671816115,89.6021101185913,35.0135867397091,1.10611607153448
2006,51,men,1.30912985264226,1.40147433342654,28.6426344927209,16.4443304111296,1.09688079131789
2006,51,women,1.60715816910461,1.27964490565286,111.846187061852,38.6494608772893,1.06578376458019
2006,52,men,1.33973369501244,1.3550668129525,29.3440091218095,16.6018266108505,1.10167664645909
2006,52,women,1.46985471319421,1.29563789517484,46.3611899363654,40.4938790009957,1.01181944345934
2006,53,men,1.22044003510976,1.33117362647508,26.1806080312741,18.3302561197356,1.08216617226338
2006,53,women,1.21380560285985,1.33872271930752,49.5336581721543,43.7289055456722,1.04889270546735
2006,54,men,1.19306248729547,1.27838129103313,22.5703648086416,14.9310273250615,1.05426800241095
2006,54,women,1.22161328915053,1.30213437033669,53.0995562904125,25.9867091908928,1.02021913428932
2006,55,men,1.20172076730252,1.20312239067942,25.1539472236041,16.3541418398786,1.03997985058472
2006,55,women,1.2131057846676,1.2011673522678,58.6239861568243,27.7687205356179,1.04218898129167
2006,56,men,1.15816704394545,1.22948310364632,20.1264773872948,14.6526318513947,1.03494533332976
2006,56,women,1.17457664721392,1.17906865007445,65.4628393464536,30.7053735954264,1.07632512700209
2006,57,men,1.13782975133903,1.22394046634521,17.4938080820161,14.0497979196737,1.04858877704597
2006,57,women,1.14676182912876,1.23288660122611,72.2780301856522,33.5950704208266,1.03467118820135
2006,58,men,1.06277336638239,1.21382862022753,15.1112961843157,14.1869464892224,1.0714695763872
2006,58,women,1.12807357856932,1.1421862932127,49.7466582208643,23.4494492888422,1.04707118917028
2006,59,men,1.13937911158396,1.21237251398491,14.1409128300389,13.8140220333811,1.03338092058283
2006,59,women,1.18579298525937,1.18215011544639,37.152110610926,23.2176605867378,1.03109527650856
2006,60,men,1.09268220601116,1.14718152059249,13.3522674699565,13.1663094847239,1.06427736084798
2006,60,women,1.20816395897964,1.09602553554584,43.8371972570153,21.6489129049688,1.01700703257087
2006,61,men,1.06642420835321,1.19793827870032,13.4374154870346,13.7272537295145,1.03866038942206
2006,61,women,1.13785536063439,1.11811302278361,48.771430232417,22.8732472259389,1.04018808496725
2006,62,men,1.09841525541813,1.18754362028588,12.7863945550063,11.4037011296379,1.06478704597547
2006,62,women,1.11883356693017,1.1173859329494,31.2740870062597,27.1924093149302,1.03385223543763
2006,63,men,1.12006261105928,1.22958045710666,12.1183680741356,10.9559839107726,1.06135191589598
2006,63,women,1.15314106851099,1.12576641813406,30.4724681925442,18.211657238794,1.03292742698293
2006,64,men,1.10678771460016,1.14821750582908,12.3592193060512,9.68486595938407,1.03490507150988
2006,64,women,1.1332269262369,1.10669679715614,31.8502030961316,18.7159104661492,1.03570553603607
2006,65,men,1.15292248046832,1.1740453030243,10.6035003279298,9.56173655621092,1.01090681827343
2006,65,women,1.20384853571077,1.12198769395659,33.812026746026,19.1421319845081,1.04588816670777
2006,66,men,1.1331866944489,1.16699416071746,11.2217083929356,8.82029158724575,1.06507615941412
2006,66,women,1.12494590685585,1.10646219602196,31.149375086828,17.70304679884,1.04502058846142
2006,67,men,1.12816827503907,1.17052287230625,9.98231300796388,8.87333106406436,1.0312414424512
2006,67,women,1.08194479836274,1.1336207258215,29.1932964769976,17.0969577121256,1.04623868302653
2006,68,men,1.1661992964341,1.14766150232742,9.18665415229786,8.52207581427614,1.02611840583828
2006,68,women,1.19163635695225,1.06749848517748,32.1960059185349,14.6253565370233,1.00723991167875
2006,69,men,1.13278775620575,1.18204185190813,8.65809619800149,8.20998018804911,1.0157887190954
2006,69,women,1.14500311016657,1.12989588665214,24.7948611627156,15.9022913524158,1.05002513942251
2006,70,men,1.0811309638907,1.16217013333057,8.72455959475396,8.80336999109574,0.991281397215079
2006,70,women,1.07884924307747,1.10966877471442,24.5092296454629,16.6045796157192,1.07636940302404
2006,71,men,1.09388694606072,1.14439999437198,9.63848535615404,8.08534753500783,1.03626231184574
2006,71,women,1.14856974349758,1.05139198411297,26.0793495838885,14.451017826181,1.04498007111382
2006,72,men,1.11853815797405,1.15265101765431,9.35160838189087,8.34241542885881,1.05237839568159
2006,72,women,1.11072553356615,1.07656211939926,24.2304631381162,14.5406163392795,1.03996866996087
2006,73,men,1.12936007520741,1.12861304734033,8.11603707654135,7.71331099206093,1.07805467275672
2006,73,women,1.15682278257697,1.05120203089919,20.3633220339304,13.750982905179,1.02455262977948
2006,74,men,1.15660387156222,1.20988065216493,8.24481282299204,7.89701961572433,1.06417755217871
2006,74,women,1.18302732070245,1.00653936123921,20.8035168223385,12.435413817982,1.0195414340215
2006,75,men,1.15012369421997,1.17875917954862,7.86084831079986,7.64771453546021,1.03180823670382
2006,75,women,1.11415934569142,1.02936990300994,16.9272099537737,14.321846619713,1.03379307107396
2006,76,men,1.12582747104072,1.16493565398222,7.48557933261278,7.34835592172449,1.098828836564
2006,76,women,1.13589499373927,1.02010459060297,16.7487647456983,12.6843775920721,1.04442975989897
2006,77,men,1.20323347346652,1.17477366013684,7.05429867494362,7.93322430151207,1.07636551225881
2006,77,women,1.1550356656609,0.979255758134286,16.5279247321632,13.2357980525314,1.02867897830609
2006,78,men,1.23776510894174,1.18605788451167,6.79766699352084,7.5895212549177,1.08991968802125
2006,78,women,1.19982170768698,0.979294234486271,16.9048724709597,12.4177017405503,1.03128306513783
2006,79,men,1.27527484139095,1.26073950146925,7.05118419701317,8.33412288255519,1.10849441689035
2006,79,women,1.19058838965729,0.987753658054845,14.7670335604266,12.418636014213,1.04539044463378
2006,80,men,1.23138052619289,1.087355064441,6.73207560896594,8.26489381242066,1.12837510424053
2006,80,women,1.13295182412115,0.982161997987243,13.0803578991252,12.8519198780068,1.05929089957807
2006,81,men,1.20462693968601,1.08565756700888,6.38015249498494,8.63700233671161,1.14459120614805
2006,81,women,1.15368643053975,0.982458257130992,14.0814647393382,12.1505565953515,1.01282499989813
2006,82,men,1.24595671759802,1.09501202536276,6.40124282099117,8.66473928313445,1.09640363648302
2006,82,women,1.15896249467102,1.00615980811136,12.6720836150305,13.0276759945155,1.05391277489935
2006,83,men,1.31358737923198,1.10055389324034,6.07887220429641,8.04742515550879,1.09100778159522
2006,83,women,1.21496653839148,1.01854698302127,12.6387567309391,12.2780757927031,1.06369397815891
2006,84,men,1.31039036069868,1.11558616948075,6.46383596728243,8.56313541771103,1.11698956989922
2006,84,women,1.10306673175665,1.01949918149162,11.4538274790262,11.928617548445,1.03730718421689
2006,85,men,1.27568703903087,1.12219649106713,5.90309335016927,9.13273471637006,1.09459096990957
2006,85,women,1.1199499159638,1.02127491609476,9.9900256342885,11.8740022589735,1.05327250136202
2006,86,men,1.24273861091114,1.14197981688043,5.56504753440543,8.76177952952716,1.12263475391699
2006,86,women,1.20265187480013,1.0428544892504,10.2354694780592,11.5646512433785,1.0491830077554
2006,87,men,1.30348465676829,1.15271727428897,5.23956257900929,8.39847511353496,1.15329538680412
2006,87,women,1.17302718522719,1.05183226343422,9.76646627862261,11.6143411485649,1.02632404585198
2006,88,men,1.36029325167643,1.15835548193232,5.34468392286454,8.33501279563281,1.16992349836176
2006,88,women,1.19296557097026,1.04034514495611,9.06038830721091,11.9677437953369,1.04660613610418
2006,89,men,1.33279038394159,1.16220361757588,5.96119541212635,8.52278908752315,1.13144146723167
2006,89,women,1.22479757946252,1.06733390929676,8.03558836245,11.1734667923725,1.06299410884334
2006,90,men,1.2081678590641,1.03526994759092,5.11878574530334,9.39051906067283,1.14059129809907
2006,90,women,1.06960436110767,0.940925708510425,8.34381449519376,11.5457968743881,1.015948975619
2006,91,men,1.24904453930346,1.0386520911718,4.67602897343673,8.07182891977877,1.16284213489319
2006,91,women,1.11079922204927,0.994109043812697,8.45456758598723,12.0535425401816,1.01915234472424
2006,92,men,1.28500274001489,1.04255368067638,6.12448893265793,8.11090994663365,1.17524487024499
2006,92,women,1.12652859976893,0.951390032272126,8.93246024742159,11.8781006543898,1.05484949171142
2006,93,men,1.30723910368743,1.05439020728407,5.9279965188484,10.2151445571165,1.17692761523176
2006,93,women,1.1645250268306,0.957433050851673,7.7327755114996,11.7603085016065,1.0388853912851
2006,94,men,1.39857940168591,1.08073615383966,4.80245440662483,9.88362981517755,1.21535833376259
2006,94,women,1.22208112564702,0.950489862216478,6.36151731582049,12.8972466119121,1.02574371458717
2006,95,men,1.4713688762399,1.13707575350455,3.82148536363839,13.7783275489665,1.23685324677136
2006,95,women,1.25401529366524,0.980013120512799,6.81511008642499,14.4085851301574,1.07650346271134
2006,96,men,1.57765590944655,1.10863986537049,4.48698983213923,14.036557248747,1.24404923260357
2006,96,women,1.35561113860637,0.979531579042829,5.99916785589921,16.1766950374093,1.06052624023704
2006,97,men,1.68635349150259,1.18863955371078,5.17849269372485,17.0526552290862,1.22840323382351
2006,97,women,1.40447831111968,0.963498711467783,7.84341179544927,17.1517185815245,1.09845313164558
2006,98,men,1.87845539023202,1.28491754254239,5.70212006549001,16.7047812654451,1.3116489541292
2006,98,women,1.49759153842859,1.02165738799293,6.02249057737596,20.9776567401852,1.12419950585852
2006,99,men,1.80414481893869,1.25327993839034,5.50475303200827,34.5875451346094,1.31486093311652
2006,99,women,1.54897207840108,1.07420411450932,6.33374247042691,30.8847781261548,1.12742719503768
2007,30,men,1.48262547553607,1.11729884040631,185.423037764666,73.0218421548471,0.998303104163066
2007,30,women,1.56929432056993,1.02354818868981,193.509831557058,105.841408411807,1.38854614498679
2007,31,men,1.59658909897152,1.22601434199494,130.603501612122,74.9175931600176,1.04155862807719
2007,31,women,1.38632835994131,1.37707893608452,146.818838197402,244.053305816429,1.49925918125422
2007,32,men,1.45746660436031,1.45529021670633,118.23139665411,81.6675946045994,1.1078644648947
2007,32,women,1.19401001994537,1.0468156691559,225.076171818392,103.422742285807,0.844835400216841
2007,33,men,1.54095645062229,1.64637245858802,147.439958164692,64.8262850132021,1.14068106575353
2007,33,women,1.25225939045782,1.08768587907498,126.448160634964,103.931304713733,0.923307694181003
2007,34,men,1.4358326388789,1.85069116517492,93.923918095455,72.1458424513493,1.20005951109812
2007,34,women,1.35219552607189,1.15507803577921,143.195041372631,116.470637682207,0.994103740303091
2007,35,men,1.47254475131652,1.57357343198772,124.351133731622,73.2476747324671,0.97448148560617
2007,35,women,1.22157709211219,1.23339290584294,121.386787144191,95.9423486911058,1.04562636157165
2007,36,men,1.42929594158176,1.59104754255554,117.034339597481,64.3797490706799,1.33395215242355
2007,36,women,1.62109767776687,1.36098766820377,180.153010981914,128.44195937504,1.11675550348566
2007,37,men,1.13853553458514,1.48706878400536,107.227535917194,63.3345713428962,1.08582161382803
2007,37,women,1.28858971087541,1.44746091573726,143.546375992035,101.420057306787,1.15742297426385
2007,38,men,1.22700006401529,1.50641252133029,83.9725534846892,30.3164613341316,1.11424534350349
2007,38,women,1.4357654460489,1.56344535507298,158.85787984874,85.6129096721768,1.21380259799804
2007,39,men,1.33211234889308,1.52409148672241,88.5819414494363,61.09746455302,1.15057594374679
2007,39,women,1.43709162423035,1.72060098248642,140.106215355275,96.8863337848839,1.24698833061
2007,40,men,1.26922732137808,1.52732047029781,91.8530883348892,32.8645991219782,1.10527772725438
2007,40,women,1.17752203702037,1.60250360156102,144.51010132679,77.880437699956,1.32709433839723
2007,41,men,1.27191465701859,1.43339950640955,79.453801522482,27.8749741970823,1.06531056438147
2007,41,women,1.28227760386633,1.77881133833062,156.357418561498,72.6948912445606,1.13337592039829
2007,42,men,1.2829524610313,1.50281628027426,51.7466820036267,35.7918415441475,1.3581029793148
2007,42,women,1.1608302752138,1.57617916147062,117.030874142132,72.2173436338953,1.03765668761825
2007,43,men,1.25726862732675,1.45383016101416,49.3637306733545,34.3513039047109,1.13253258155093
2007,43,women,1.67867062304772,1.38329656186834,151.52423380393,64.1932520746981,1.04331022373482
2007,44,men,1.22975196703349,1.45839762140457,49.3250676229227,35.8896020915824,1.20073868404276
2007,44,women,1.2417032134863,1.37584945929411,111.463421532327,58.8375495319836,1.09908363002459
2007,45,men,1.30227958569847,1.39106130545948,47.7580813568164,35.3257333502917,1.1014629409857
2007,45,women,1.3131746168639,1.55868585842036,142.698262731425,68.996023925197,1.1569245933504
2007,46,men,1.41852685962888,1.43524035014348,45.6720628264259,36.1884992144437,1.16975911871558
2007,46,women,1.36423606898885,1.57757812060814,127.302438027738,62.7150378979524,1.23919330202517
2007,47,men,1.35916908617909,1.372104916254,46.4624292813561,36.2653348873208,1.11488884556478
2007,47,women,1.39617628113303,1.54587473245072,129.862405738619,70.5896377069794,1.0588592647246
2007,48,men,1.35194026066195,1.44964051546421,46.7224102226558,20.5228213699842,1.0868024334693
2007,48,women,1.44208574417558,1.61046043116169,97.0523227521378,34.6407871560002,1.1464644339322
2007,49,men,1.46872481304476,1.3818384522805,47.3323947997705,20.2908071380317,1.13318030913008
2007,49,women,1.58792764304475,1.36293205778891,93.7609161584133,34.7893232841286,1.22475836715712
2007,50,men,1.3534734170955,1.45266533984293,45.9606121545454,20.0526468176844,1.07825760124424
2007,50,women,1.5176683684883,1.30519146759341,107.708133088902,34.7972255140108,1.27627590871849
2007,51,men,1.33026666983696,1.4110640488524,27.3641180863501,21.5078548858849,1.12425162769826
2007,51,women,1.62008156343146,1.29311026715992,94.3890002241672,36.3788567531302,1.01819407240094
2007,52,men,1.3586482282675,1.36544357009402,28.1804584510436,15.4427160072796,1.06696297699759
2007,52,women,1.49110521202923,1.30099535653842,84.6327408751018,38.3795360543157,1.12988225396729
2007,53,men,1.23759706496,1.34069861478308,28.0700781650377,22.7409678746932,1.07044469671424
2007,53,women,1.23719048740901,1.34768623491331,84.2735782426602,39.1785060160113,1.05439722866331
2007,54,men,1.20817051086448,1.28874410396606,29.4648454680969,16.9507983646118,1.10716096863752
2007,54,women,1.24360997834323,1.3102413340255,45.4171135627246,42.5747844726071,1.07760535920359
2007,55,men,1.21192690078906,1.207704907981,21.8296480025391,18.0199247820712,1.06915061917216
2007,55,women,1.22189823186761,1.2079781367298,48.346134001844,45.647333070857,1.0925262108166
2007,56,men,1.16641965964555,1.23411541563771,18.1259809732208,15.5523385291628,1.00559603397383
2007,56,women,1.18613765142668,1.18417066003773,52.7277086981112,26.4470546924495,1.03872428630115
2007,57,men,1.14565087938371,1.22767955826963,19.5438904365402,16.7984451881543,1.09611822142424
2007,57,women,1.15817127677344,1.24080226072278,60.1449519362148,29.2064162610341,1.08112419922742
2007,58,men,1.07005143741403,1.21780644653623,16.395641315984,15.7739039470914,1.08169251739038
2007,58,women,1.13537264743268,1.146958930183,65.655513180415,31.4931029477308,1.01305159373748
2007,59,men,1.14744377727767,1.21663721245566,16.4597008673853,13.2661873832328,1.08750808473984
2007,59,women,1.19601822850735,1.1845435423831,67.3413778956175,22.4249860606786,1.08663108722152
2007,60,men,1.10080042313424,1.15027103693647,15.7496698345427,12.9055309599979,1.04457640325689
2007,60,women,1.22153759906652,1.0996361103224,64.8111025585482,21.8454869930908,1.08535073683556
2007,61,men,1.07612182884716,1.20062574729532,15.9509186247494,12.6755918722327,1.04839899750262
2007,61,women,1.15202571195824,1.11958770307424,42.045747947588,38.4187782812888,1.08410503612588
2007,62,men,1.10961785246017,1.19029862666976,12.7274455412197,13.1696571248309,1.04803796491892
2007,62,women,1.13340763002579,1.11893290294956,48.1124421567869,22.4372339323584,1.02447545248493
2007,63,men,1.13311292966194,1.23228722866199,12.3532812798476,12.6998995808115,1.03676998261726
2007,63,women,1.16983641273921,1.12688728699316,30.3943229123574,25.414017859845,1.06875844283852
2007,64,men,1.12125185414965,1.1508822836462,11.8348622113933,10.6334579123429,1.03488073419225
2007,64,women,1.1519157641407,1.10854151373656,29.5966848660194,17.7426401790889,1.01478649109312
2007,65,men,1.16723651347568,1.17386197406302,11.6210383096383,10.5985692250634,1.06162633087796
2007,65,women,1.21908162971758,1.12116781598106,31.659160586067,18.4057989121807,1.04784160173758
2007,66,men,1.14843557457925,1.16732476816127,10.3185445412238,9.54482442288551,1.06663775182744
2007,66,women,1.1422134482775,1.10588408577703,32.0535950462766,18.3830993554173,1.04001564490799
2007,67,men,1.14456615960642,1.17056048872226,9.43418526494355,8.89370563886274,1.06981851320296
2007,67,women,1.09997378259049,1.13419769110909,29.4953548023864,17.4038903373342,1.04703194174598
2007,68,men,1.18496027593732,1.14835185843409,9.77252334334558,8.07620029336085,1.03094747870927
2007,68,women,1.21171445166853,1.06626898342316,28.3002009076442,16.3301022529163,1.05778938136267
2007,69,men,1.15194644894324,1.1821241704663,9.11383937778901,8.90519492293756,1.07311072710296
2007,69,women,1.16652851348416,1.12852328802823,31.0754866400331,18.5424277265141,1.05958186615327
2007,70,men,1.09812031873735,1.16037957482177,9.77178982094366,8.54675082340813,1.01908666541602
2007,70,women,1.09733835107592,1.10479768715717,23.9092978291511,15.8203248309034,1.08672819786337
2007,71,men,1.11201446977977,1.14316408928484,9.69935322867214,8.9586995778444,1.04485083044784
2007,71,women,1.16852397131522,1.04609000929831,25.1949269328528,16.6520948376101,1.0323022583458
2007,72,men,1.1363897170863,1.15102217123132,8.35774844463434,8.37603734349914,1.05933354388733
2007,72,women,1.13039877116447,1.06965890252637,25.1990934873312,14.5885912169414,1.0345015804415
2007,73,men,1.14754865745293,1.12726601731217,8.31592241624523,8.3141002702504,1.09265464780773
2007,73,women,1.1780139526007,1.04351541023477,24.2723436429775,14.8264501547911,1.02101591808692
2007,74,men,1.17485761472306,1.20685173647257,8.38815970793692,8.47661116029284,1.07353006109562
2007,74,women,1.20438650419141,0.996662286664489,19.3851409373854,14.1702075374678,1.0519265955711
2007,75,men,1.16661678808066,1.17369372324008,7.88302301537549,8.27303744277579,1.07294466986363
2007,75,women,1.13414701774381,1.01817397885837,19.633022920037,13.2469490309285,1.01074495442471
2007,76,men,1.14140292602347,1.16078257041716,7.73333054715707,8.33434065184733,1.09898031731942
2007,76,women,1.15602630112299,1.00821759991072,16.2314838930817,13.7040849815069,1.02130344552665
2007,77,men,1.21979150318869,1.17121716151452,6.83244016041373,7.70228666669402,1.10581563357285
2007,77,women,1.17516218139556,0.966789200408074,16.0077521727601,12.8434532627855,1.03083698478051
2007,78,men,1.25467187798877,1.18140167354106,7.3148091313562,8.07626004529256,1.0973907375941
2007,78,women,1.21987477194535,0.967478820557263,15.1428767399211,13.3393311781779,1.03075749368658
2007,79,men,1.29237422593752,1.25676225780803,7.10938463291048,8.50339254426833,1.1208023051736
2007,79,women,1.21093964554523,0.976840975004295,13.2610366218703,12.53806500015,1.04539425434932
2007,80,men,1.24467037374901,1.07482635807824,6.71499997159831,8.34891823379213,1.11546549773909
2007,80,women,1.14586014433901,0.966138491628783,14.9469324135611,13.8475766223524,1.06065295979899
2007,81,men,1.21750974202623,1.07451039786438,6.79588718646603,9.06336452413798,1.12254495759722
2007,81,women,1.16604373435915,0.967966634561976,14.7486907177023,12.7436309385433,1.03641532748835
2007,82,men,1.25874495592947,1.08515258005787,6.491670701983,8.6639050786358,1.1156136424602
2007,82,women,1.16908928154337,0.993416960692598,11.9808477303343,12.6651369611573,1.06109614119705
2007,83,men,1.3266443731437,1.09139433525276,6.29959138587182,8.59714750424326,1.09839619345589
2007,83,women,1.22438255756171,1.00710158860001,13.2904997257068,12.2994514548933,1.0621683761237
2007,84,men,1.32294560800299,1.10722502221991,6.40656493255369,8.27046382223457,1.1266793538235
2007,84,women,1.11101114269824,1.01044780858805,10.5013950415314,11.7022859203139,1.04044836689492
2007,85,men,1.28353525885362,1.11505744887752,5.48346576608085,8.46766025848396,1.13527647457057
2007,85,women,1.12454525139284,1.01351521593229,11.0216767237525,11.8805520551423,1.05809892944662
2007,86,men,1.2517877255809,1.13541389742226,5.04267999974957,8.60203113834548,1.12149952454999
2007,86,women,1.206173773179,1.0358279716858,10.3282037992281,12.0013453478839,1.05210705747259
2007,87,men,1.31173973110232,1.14731111527077,5.45620449207776,8.58853403128589,1.16425609775314
2007,87,women,1.17677416503595,1.04583248614737,9.51656285008297,10.9330781751439,1.04584744819267
2007,88,men,1.36905514955109,1.15426010382096,5.84813794019279,8.6294357876288,1.19161561246852
2007,88,women,1.19578630162758,1.0363651779643,8.98573543614309,12.0381031695254,1.06918455400434
2007,89,men,1.34192509573993,1.15885667757823,5.38188799719716,8.94885003745414,1.14793595293753
2007,89,women,1.22790833945797,1.0636127496742,8.64938754745069,11.4247618825797,1.06007534551277
2007,90,men,1.20455764891621,1.01999582466216,4.7394719358548,8.00401053530406,1.15450105724825
2007,90,women,1.06251623811128,0.928538104243544,7.88939532650462,10.2087706964917,1.04574879927124
2007,91,men,1.24582506265494,1.02467035225499,4.56183285643795,9.01757820279088,1.17663568341324
2007,91,women,1.10444778606756,0.980897898489535,7.5207723890876,11.5008997311002,1.02741200788079
2007,92,men,1.2832182540591,1.02809893826194,6.11904092504006,9.39051637006271,1.19792443465315
2007,92,women,1.12197438153172,0.940076453785158,8.15156296868875,11.402562472702,1.05923509984553
2007,93,men,1.30670903458563,1.04019445952746,4.99486289341535,10.0441343450503,1.16105748655409
2007,93,women,1.1612775077111,0.946606601689259,7.01481842968502,11.6232533398594,1.05840259323155
2007,94,men,1.39811669656848,1.06649777775659,4.24820274642858,9.21705535700997,1.24021284713249
2007,94,women,1.22215870508996,0.940492371876526,6.33647052580716,11.7962577302109,1.06220779518861
2007,95,men,1.46972766052256,1.11912244533726,5.46432960514985,10.7072367786579,1.30615336882868
2007,95,women,1.25631093054617,0.970020109782419,6.94785271801375,13.6863609401903,1.04824426982306
2007,96,men,1.57445317350965,1.09340125038222,4.41723353844878,10.784180449373,1.23550846893753
2007,96,women,1.36071034211559,0.969452509027051,5.72709632479368,15.2128689314356,1.10333965588432
2007,97,men,1.68561598268405,1.16968843041306,4.64655567494859,11.350538307542,1.20963516584948
2007,97,women,1.41408384919816,0.955047620413469,7.84333817323736,16.2614464029183,1.07033734577307
2007,98,men,1.87672108621073,1.26156441348205,3.66813903474759,16.7380488187384,1.35357522081635
2007,98,women,1.51017350019203,1.01109718999991,6.24759187267179,19.4603322337484,1.09860670594684
2007,99,men,1.80879244293626,1.23297288249905,3.57098781949795,13.2015983148659,1.35625552387326
2007,99,women,1.56462984766719,1.06073707626327,6.24290622709735,22.2689741713786,1.10144973225606
2008,30,men,1.48984253138239,1.12666530973292,124.804508805519,93.2731033447039,1.46147375312666
2008,30,women,1.57732589211166,1.03683354460048,167.15123802104,143.911025250387,1.55820127035694
2008,31,men,1.5971906419688,1.22624585908139,157.689820013388,69.8611771376039,1.0587162367942
2008,31,women,1.39955994885799,1.39038227907397,201.049508726607,123.009638724962,1.66494097702992
2008,32,men,1.46214587828344,1.4432884136967,119.805008531255,75.3509003297084,1.09226428171962
2008,32,women,1.20944901120723,1.04434577590439,191.906933562765,124.239308143089,1.7204079327999
2008,33,men,1.54086473158241,1.63359960396908,93.7072520077028,62.4010754887009,1.13071311885721
2008,33,women,1.28890342431863,1.09163174359122,155.527741005919,118.514825972494,0.97941886651583
2008,34,men,1.44251843148803,1.8372330580381,103.760159079077,79.2313005706366,1.18632632487908
2008,34,women,1.38663205913903,1.15541055862884,175.193997397086,123.067433979629,1.90951697509055
2008,35,men,1.48269816827833,1.58249076881075,85.8704298977883,66.5831482097524,1.24140244559486
2008,35,women,1.2548883729842,1.22897266188509,130.231821534308,129.764870213122,1.0783310489923
2008,36,men,1.44833456081861,1.60621254098399,96.1706941175395,66.9264854944399,1.27364275553597
2008,36,women,1.65310630881604,1.35398429857052,146.94569731078,136.112410865029,1.15877342849063
2008,37,men,1.16163902592118,1.51101724165722,97.9603660456071,72.4699522447048,1.04386115073349
2008,37,women,1.31949095885588,1.43933863344456,124.043289271631,109.909612481962,1.19143374009645
2008,38,men,1.25595293435375,1.53030770341926,91.4597625900423,71.3814306325607,1.07498114118852
2008,38,women,1.46818684106468,1.55562583376371,164.540133795076,102.887525852884,1.22387076236513
2008,39,men,1.34833134798135,1.53353902306727,96.6316311263652,31.1704360499058,1.12266822648688
2008,39,women,1.46722959051525,1.71195039340766,174.224866357484,97.7073215694959,1.27560262638369
2008,40,men,1.28725638623492,1.53606019555896,85.2138052026615,65.0985739285322,1.17457552280059
2008,40,women,1.20548462380145,1.60601167377607,223.026675408412,98.862019021639,1.33097817029684
2008,41,men,1.29047583465627,1.44452152335842,92.2994234095627,33.2591905665114,1.02949530255063
2008,41,women,1.31058342405195,1.78287850789185,121.919524222262,89.3075398888745,1.39528074871401
2008,42,men,1.30384651456251,1.51823729577873,76.2654726904344,27.9124164673025,1.37019996314864
2008,42,women,1.18665531280344,1.59502124387299,125.250261810283,90.4227879970129,1.21373523425498
2008,43,men,1.28169363368325,1.47073687806432,47.6992106152536,34.3661044341675,1.17440422224915
2008,43,women,1.70570259704303,1.40518331620606,154.685046842144,67.0738515083655,1.10457786429155
2008,44,men,1.25258837706332,1.46999247516826,45.7494559096982,33.4051477098879,1.02302647974384
2008,44,women,1.26618273772468,1.39576350992535,122.824759564276,64.1621602040016,1.12939379401344
2008,45,men,1.32360540765435,1.4036365810168,43.9591709087194,33.6754090486816,1.10154390487915
2008,45,women,1.33860468421716,1.563450212126,139.10939151591,75.1221742048164,1.20094559194079
2008,46,men,1.44114715147999,1.44867648623213,43.8637344568936,32.4803582757935,1.16103227118502
2008,46,women,1.3885085850586,1.58165846893987,123.751075613278,74.6777788743204,1.25162545705208
2008,47,men,1.38186610528529,1.38216316355527,41.1128878521496,34.4121393915601,1.23494533580743
2008,47,women,1.39796902262535,1.5569884445536,92.6249379555079,62.3596850671396,1.05457112154032
2008,48,men,1.37679809176712,1.46095301303759,43.2774001128315,18.6628655576098,1.16453345736628
2008,48,women,1.43970979822872,1.62086611200787,105.695325953936,71.3109407783278,1.12574910559081
2008,49,men,1.49480195940713,1.39418176431991,44.2782775623282,19.6122215988996,1.14431009155826
2008,49,women,1.58615487068366,1.38004130896263,111.515190736131,34.5580689679017,1.11605817112865
2008,50,men,1.37717209042874,1.46563628666339,44.7879424577948,18.9340420147592,1.08258831285163
2008,50,women,1.52643504516762,1.31861630666459,98.8299573498711,35.4920565456255,1.07097164145556
2008,51,men,1.3517339709411,1.42071455673636,43.1043302619338,18.9887913086852,1.14568472567147
2008,51,women,1.63310236133566,1.30671050743991,90.6899232340804,34.4200200461749,1.13416694576007
2008,52,men,1.37782017728973,1.37589456134331,47.311196777739,20.3330989078669,1.1196094571728
2008,52,women,1.51265212521375,1.30637228571098,82.1926014006451,35.5494450211135,1.07722558488402
2008,53,men,1.25498656229756,1.35028696183917,26.3680003775413,21.4563130478069,1.13262476381606
2008,53,women,1.26101391270551,1.35670525647455,85.9378085593236,38.4800550065305,1.01454237461025
2008,54,men,1.22346218167818,1.29918569500277,26.8642916311369,15.3456439297622,1.09550250204933
2008,54,women,1.26599149135601,1.31839469479522,80.4248081069405,39.2016135719148,1.10857805272181
2008,55,men,1.22221456539926,1.2123025836719,28.2254892607791,16.2845687166084,1.11606390772048
2008,55,women,1.23074997820015,1.21482411772192,42.4774584541527,41.1067938038187,1.07330841940493
2008,56,men,1.17472692515293,1.23876286019512,20.929866872862,17.9175934634588,1.06235393502323
2008,56,women,1.19780660301985,1.18929218919303,47.0153879476064,24.3652349742992,1.1566601982233
2008,57,men,1.1535218315281,1.23142820187786,17.2652630685959,15.2981369206115,1.1011341138514
2008,57,women,1.16968847173596,1.248764761075,49.7136422890048,25.4087230625105,1.07277736699045
2008,58,men,1.07737568730686,1.22179531731361,14.8908557000524,16.2266804987803,1.07358725516458
2008,58,women,1.14271527283883,1.15174911734954,56.1557495006835,27.8551494878772,1.11558904916168
2008,59,men,1.15556146568831,1.22091477703088,15.7926365213882,13.8268393768608,1.0538932740207
2008,59,women,1.20632648580497,1.18694061928037,63.1124620312765,30.8537208946745,1.07045567326349
2008,60,men,1.10897486647387,1.15336732856279,13.6644048399446,12.667023951693,1.10226523988197
2008,60,women,1.23505250450892,1.10325677177562,63.4816286545435,21.8687407573163,1.0624927469941
2008,61,men,1.08590273877961,1.20331790176786,12.7127206837988,12.905927807855,1.10313104786535
2008,61,women,1.16636534371254,1.12106359228311,33.0682970395077,21.3587858425161,1.0164331944279
2008,62,men,1.1209290374388,1.19305864731429,12.1947710483766,13.4920142133707,1.0760524120752
2008,62,women,1.14816413460888,1.12048124246349,40.3384882663915,20.4861462064074,1.03182728108208
2008,63,men,1.14630868832173,1.23499860606174,12.3925268146784,12.1306825376759,1.04283167724903
2008,63,women,1.18676497694611,1.12800871267026,43.9348668762892,21.9649535797006,1.02888916865209
2008,64,men,1.13589767273261,1.15355191383352,11.6982270182662,10.287489239095,1.0400109102677
2008,64,women,1.17090327213802,1.11038838400403,29.7571369146579,25.5793093052829,1.13958308076946
2008,65,men,1.18172099800623,1.17367876502943,11.6643439063393,9.87921451791688,1.06792091111325
2008,65,women,1.23449974566952,1.12034894508079,29.7513944433767,24.146828337092,1.06522482902301
2008,66,men,1.1638819036183,1.16765530450932,9.86332863672617,10.0726560947455,1.11493519587581
2008,66,women,1.15973724045354,1.10530656533579,30.4782019142269,18.0924850191714,1.01325380861464
2008,67,men,1.16119403988183,1.17059808760824,9.63567498244613,10.4871578644783,1.0432431466822
2008,67,women,1.1182939866663,1.13477466242345,32.0923518266613,18.3189385903524,1.03347772206974
2008,68,men,1.20401349692565,1.14904228561386,10.1947334206344,9.0471268449141,1.05306178588806
2008,68,women,1.23212059058553,1.06504150915606,30.4860990871297,17.0186055398187,1.06843804298568
2008,69,men,1.17141938363474,1.18220645374747,8.96834035916737,8.8894823191647,1.08365646640155
2008,69,women,1.1884475560037,1.12715303932848,28.2975692224292,16.7738358266668,1.05281331239368
2008,70,men,1.11536798849254,1.15859266490543,8.52646765970993,8.89071371781002,1.04701520127671
2008,70,women,1.11613487416876,1.09995039258722,22.3428055549656,18.910904313027,1.06438622071703
2008,71,men,1.13043314153181,1.14193013357164,9.08684843454092,8.55777920006128,1.06470274355929
2008,71,women,1.18881466629508,1.040817392491,24.0825067786671,15.6614879195122,1.03545690320768
2008,72,men,1.15451707610579,1.14939643624262,9.21993416137147,8.33600919979813,1.06483737874386
2008,72,women,1.15041040112311,1.06280335669852,23.8980199743782,17.3875758333812,1.06060668235222
2008,73,men,1.16602089071628,1.12592126479862,8.60805501141133,8.55478850452208,1.07962590124618
2008,73,women,1.19958246427757,1.03588878286284,25.0232087952326,14.9599687546701,1.02126512535598
2008,74,men,1.19339013319865,1.20383190675745,8.69717015031726,8.4333329994029,1.10544494039933
2008,74,women,1.22612039203164,0.986886982715595,20.9772519585262,14.3378967775773,1.03622371918707
2008,75,men,1.18333800450389,1.16865254162678,9.02665301701343,8.50286689471095,1.08303916160627
2008,75,women,1.15448303697253,1.00710531328018,17.205738186516,14.6066171072578,1.03024765087488
2008,76,men,1.15718594222734,1.15664635063991,6.93258000051446,8.30385019763179,1.0907660648086
2008,76,women,1.17650409720134,0.996474943041609,16.1426632260841,13.490443516696,1.05547652537738
2008,77,men,1.23656897372136,1.16767319336985,7.51587436279814,8.62740271978687,1.09753395755088
2008,77,women,1.1956291133284,0.954487441768237,15.3655375891133,13.0907095615186,1.03373526634162
2008,78,men,1.27180098359641,1.17676604762805,7.41469462966107,8.25113990637052,1.12464126566714
2008,78,women,1.24025275010431,0.955811741782664,15.3954634570077,13.0363290818685,1.02569221834362
2008,79,men,1.3096941961842,1.25279953294752,6.87743371127858,8.71283905901205,1.11618079898529
2008,79,women,1.23162837600302,0.966054201171186,14.8953971482708,13.602856279553,1.06729642963686
2008,80,men,1.25809692634493,1.06244814317013,6.86094431613626,8.92970312700088,1.12052480710176
2008,80,women,1.15890899568813,0.950384188398707,12.739547975476,12.920187866025,1.04496297632897
2008,81,men,1.23052379812773,1.06348315157876,6.23284242855862,8.33315027247404,1.16102224066553
2008,81,women,1.17852714437742,0.953695828358563,12.2694729086279,12.8247279982283,1.03562486314374
2008,82,men,1.27165798154418,1.07538675392919,6.6649890484464,8.53040819704581,1.1295796693184
2008,82,women,1.179299443582,0.980841726720239,12.1057733579845,12.4465618151422,1.03172700953477
2008,83,men,1.33982455165229,1.08231551515978,6.18145145114018,8.89992231740101,1.15027935354764
2008,83,women,1.23386680606975,0.995790411348868,13.1674356974898,12.0227125916528,1.06588060856469
2008,84,men,1.33561480670671,1.09893065869306,6.05814781814122,8.48507398993182,1.16802115025936
2008,84,women,1.11900877000423,1.00148124493632,10.3884987005683,11.4408779766351,1.05894268548555
2008,85,men,1.29142781654295,1.10796734521265,5.85291293141844,8.26033466704729,1.13638012452595
2008,85,women,1.12915713904252,1.00581829576015,9.42809646393376,12.1461152994342,1.06850578444612
2008,86,men,1.26089817524597,1.12888897185817,5.22412646505682,8.11192954853195,1.16543121875129
2008,86,women,1.2097042231588,1.02885226202416,10.7123565820728,11.5070128691735,1.06284452440497
2008,87,men,1.3200429342647,1.14193298479867,5.6373129663795,9.07250494096411,1.1617800873581
2008,87,women,1.18053123831684,1.03986989545533,9.46833133134077,11.6355519273182,1.03955004999309
2008,88,men,1.3778690776093,1.15018123419286,5.53264120016311,8.76955364517419,1.20583543128651
2008,88,women,1.19861229173486,1.03240240800455,8.22399145374957,10.6196505935599,1.08840134725701
2008,89,men,1.35111781811641,1.15552103619518,5.22569564434653,8.76594132582058,1.20222001008573
2008,89,women,1.23102544473529,1.05990640747004,8.38130462411098,11.956135348169,1.0725882818656
2008,90,men,1.20096001699486,1.00495449318628,4.82808182541311,8.2050402389131,1.1412757438137
2008,90,women,1.05547858292561,0.916319636146176,7.72285544249351,10.7847192301377,1.05902039607557
2008,91,men,1.2426154819018,1.01088365205458,4.12530531203552,8.26794851227586,1.1426490382024
2008,91,women,1.0981358037019,0.967868771914422,7.2034887185643,11.3679635194133,1.04697460918684
2008,92,men,1.28143713328148,1.01385165829633,5.83613456770794,8.12636538418198,1.19125905161094
2008,92,women,1.11744082949653,0.928902947603347,7.63808661897692,11.1310736314354,1.06992354969049
2008,93,men,1.30617944430403,1.02619676475347,5.11915164344374,10.1179638029177,1.24258233097029
2008,93,women,1.15804065590264,0.935907877481924,6.90802783172974,11.5398058184367,1.07897611322081
2008,94,men,1.39765437490596,1.05245394088804,4.46687976551619,10.282404205747,1.2533113480627
2008,94,women,1.22223625080926,0.930604939337691,5.84715817776548,10.5566710606324,1.07370639491593
2008,95,men,1.46808909164874,1.10146133434804,3.32647142963567,13.5932557344011,1.26772953953565
2008,95,women,1.25860962321574,0.960133897802856,6.84994379638294,13.1094207382741,1.09927612929423
2008,96,men,1.57125852984868,1.07837952994539,4.33915852648983,11.3751538397155,1.23785112769978
2008,96,women,1.36582617213235,0.959482092858351,5.28046695707821,12.5077012416762,1.09208243817982
2008,97,men,1.68487916354298,1.15104867036105,4.80249093993248,11.4905212401018,1.37680433443525
2008,97,women,1.42375024769882,0.946674810506809,4.86225715940555,14.9040155748564,1.09603946352421
2008,98,men,1.87498924612055,1.23864704018837,3.51224440699997,11.8838789692877,1.3756262848488
2008,98,women,1.52285482226135,1.00065132481695,5.97759968230597,17.4253952872924,1.07697348311938
2008,99,men,1.81344971551186,1.21300473511129,3.60578754093897,18.5236857181304,1.37843923987191
2008,99,women,1.58043797519713,1.04744545361654,5.90655407804193,20.7480582366147,1.07978770091269
2009,30,men,1.49709109856268,1.1361055773001,180.27212880218,78.6927402460749,1.41725387669664
2009,30,women,1.58539453932429,1.05028459684482,148.299113103154,275.280191802659,1.48098649869185
2009,31,men,1.59779211194009,1.22647730458559,116.253822866723,75.5136576607722,1.04378258428796
2009,31,women,1.41291114226056,1.40380742001168,236.58623386915,235.77857733598,1.57964840628233
2009,32,men,1.46683783430254,1.43139149149289,136.53633568775,88.4149291245483,1.10215359607373
2009,32,women,1.22507979801837,1.041882935576,422.566922019953,115.528975723575,1.68994689148251
2009,33,men,1.54077306366309,1.62093212899521,104.066800583007,69.8281616305274,1.12673390929832
2009,33,women,1.32660069785026,1.09558994748096,145.692487366862,136.828151125701,0.971986247284151
2009,34,men,1.44923200371642,1.82387944500844,121.745276172539,59.9588710961057,1.20025565703845
2009,34,women,1.42192778777599,1.15574301157557,203.596175078312,149.626498800945,1.00787491435938
2009,35,men,1.49291648699321,1.59145416201256,111.162743205532,71.5360111893079,1.22381946454293
2009,35,women,1.28909075425436,1.22457044818453,119.224042025517,103.733332179722,1.07351516851038
2009,36,men,1.46761711080991,1.62151442534631,107.39330648114,64.9559514525275,1.30241797721687
2009,36,women,1.68573054084925,1.34702042685999,175.90012830599,132.857059717229,1.12388710362756
2009,37,men,1.18519948546508,1.53533916400962,90.3721887539145,68.188888838514,1.06902993030156
2009,37,women,1.35111729804988,1.43126593849158,123.943248218326,103.973238778533,1.20401797823785
2009,38,men,1.28557406226667,1.55456973724235,103.40046023697,70.2725118722691,1.10615493111437
2009,38,women,1.50132366058702,1.54784928558132,182.531273700983,105.908249859504,1.27294330879979
2009,39,men,1.3647395968204,1.54304037522142,92.2163111132888,65.6732853953689,1.16982389172179
2009,39,women,1.49798411580249,1.70334757106171,154.569335316262,120.650888214086,1.30922712493222
2009,40,men,1.30553238135166,1.54484554304265,89.4308040968252,65.2490494867904,1.00295993457383
2009,40,women,1.23409681688663,1.6095256732309,128.575327736431,98.9259046081237,1.37611527199535
2009,41,men,1.30929843319095,1.45572423610926,102.913912887291,34.9721027211592,1.28235584283202
2009,41,women,1.33949952324951,1.78695294492139,148.328195176755,76.207578571215,1.00911512457392
2009,42,men,1.32507018903665,1.53380875635643,43.9971681373988,36.0498621727782,1.15260539825731
2009,42,women,1.21304159205341,1.61407901994225,128.311316288782,86.3022732686291,1.08154429566604
2009,43,men,1.30658062892913,1.48783164002266,80.9451373930947,30.6772409421689,1.20000454664979
2009,43,women,1.73315608742004,1.42740520995705,165.548839808671,74.4537175925374,1.31368715218342
2009,44,men,1.27583716982982,1.48167367088397,46.6703046241566,36.5996920328706,1.10906649729922
2009,44,women,1.29113231298499,1.41595566580257,117.952639937671,77.2823753935743,1.19024822652342
2009,45,men,1.34526957671949,1.41631919171592,44.5872289468348,36.0693770771541,1.11096554377305
2009,45,women,1.3645141828427,1.56822674580581,154.894492669634,67.5072095791738,1.21387844573257
2009,46,men,1.46411662130587,1.46223162220391,45.4642975264496,36.2645856045624,1.16608794085513
2009,46,women,1.41320054959629,1.58574733151879,142.369917083745,62.6216461642871,1.30089952224196
2009,47,men,1.40493056161953,1.39229008008859,44.5122945674257,33.2685763184488,1.21428312587236
2009,47,women,1.39976317176671,1.56817646304678,107.632190205654,64.6391736646292,1.33875114143155
2009,48,men,1.40210025941023,1.47234809111984,43.5226843706033,34.281732587199,1.1276582008277
2009,48,women,1.43733894685704,1.63133379606478,177.340501733137,58.3137558247808,1.08490692241406
2009,49,men,1.5213287739166,1.40662910532221,46.5570790199836,19.0043620311454,1.10447979730094
2009,49,women,1.58438495861435,1.39735665790609,96.825524983691,32.1846918299153,1.16033192973542
2009,50,men,1.40127360598118,1.47871650726297,46.0248328401405,34.8733909434544,1.12476625021154
2009,50,women,1.5352479591273,1.33217244256838,136.029939208565,33.1769719888305,1.05850320436601
2009,51,men,1.37353675476737,1.43042621189938,45.6675159535256,18.8592703206308,1.16008256904152
2009,51,women,1.64622124789065,1.32044690935383,103.941463557874,33.1102373440537,1.11012296205198
2009,52,men,1.39725291453811,1.38642028039609,24.5327483284617,18.5836593376903,1.12546771538523
2009,52,women,1.53449943659366,1.31176874368616,82.1532455566582,32.1198072343092,1.15738341533813
2009,53,men,1.27261155878767,1.35993905722751,25.4199167474544,19.7675511428737,1.17508517823978
2009,53,women,1.28528387821476,1.36578009980846,75.7534908516143,34.1806537022213,1.10505345249464
2009,54,men,1.23893963895134,1.30970662333449,25.3758053089161,21.1820473461495,1.16465995169253
2009,54,women,1.28876436384441,1.32659469487687,85.3547931865521,36.2866742519693,1.07709210440542
2009,55,men,1.23258437134951,1.21691546030767,25.8487458378159,14.6640160072152,1.08186863256981
2009,55,women,1.23966139376743,1.22170545946729,74.2685793387763,36.9749426575756,1.03355784452147
2009,56,men,1.18308917487837,1.2434254791796,18.543544921693,16.3680126379956,1.08683151914004
2009,56,women,1.20958445540643,1.19443330243998,43.3319255552962,40.0462489896433,1.10935674825988
2009,57,men,1.16144290012385,1.23518641679502,19.1378181762048,13.8429155745953,1.09423968338428
2009,57,women,1.18131437712851,1.2567743559288,45.291222876987,44.4760604402858,1.06430752652669
2009,58,men,1.08474638584596,1.22579525770146,15.4980083961151,15.0573337930736,1.06465984740784
2009,58,women,1.15010169282168,1.15655691046022,47.1326526278343,47.7735434799311,1.10156584960965
2009,59,men,1.16373249875771,1.22520524008986,16.6885283230313,13.6014256730276,1.10536194530741
2009,59,women,1.21671838925937,1.18934134988235,52.3234153441418,51.7644121991758,1.07304505102138
2009,60,men,1.1172058971566,1.15647040694421,14.5753914326638,12.6036155964188,1.11853750479593
2009,60,women,1.24871009602018,1.10688754303965,60.1934575602517,30.6820100548704,1.12810445137376
2009,61,men,1.09576761148003,1.20601474794853,12.6722789670261,14.620201242617,1.09487815348495
2009,61,women,1.18087619232086,1.12254069079857,60.6254323159669,31.2390006102569,1.04691437675644
2009,62,men,1.13234980804282,1.19582368884184,13.6610777231414,12.2930829364212,1.09180905233207
2009,62,women,1.16310527195639,1.12203095202076,59.9782227672912,30.2000195401152,1.06159095545598
2009,63,men,1.1596514342602,1.23771459484365,14.3900166731791,14.0596491871904,1.05944842852805
2009,63,women,1.20392990043331,1.12913069516449,39.0432945001183,36.200073070717,1.06124119449954
2009,64,men,1.15072736016976,1.15622640280365,11.5140086706549,11.8951056566073,1.10775005449571
2009,64,women,1.19019407101841,1.11223740939858,42.5445896909021,20.9557788577381,1.08633933719216
2009,65,men,1.19637787739083,1.17349567578545,10.9469258053815,11.7127075072206,1.07283208676266
2009,65,women,1.25010503702718,1.1195310795181,51.2546087122437,25.5492341958038,1.08780720529207
2009,66,men,1.17952813797155,1.16798576981251,10.8597868560956,11.0247442500063,1.10058403061695
2009,66,women,1.17752095568731,1.10472963380321,26.8746670638146,23.6758100088405,1.0017315167341
2009,67,men,1.17805502481425,1.17063566898112,10.7190782784132,10.2904187718585,1.06607871689283
2009,67,women,1.13690996607107,1.13535163976168,27.2766741573712,17.8720102444305,1.07849701759052
2009,68,men,1.22336336272106,1.14973278383868,10.5322460848184,8.96043596665005,1.09256255255936
2009,68,women,1.25285996603882,1.06381605802541,29.5489983844948,17.7729322703605,1.03756427377783
2009,69,men,1.19121155413603,1.18228870178422,9.74928662376818,9.52002601465938,1.11160745975628
2009,69,women,1.21076723484763,1.1257851353623,28.9016045931781,16.9474774278613,1.06159023302702
2009,70,men,1.1328777691232,1.15680939433525,10.2974348259,8.83657623903482,1.06001741591397
2009,70,women,1.13524376676531,1.09512676302446,26.4881304595828,16.0335835646679,1.07878503251521
2009,71,men,1.14914748897675,1.14069812318894,9.29454699679053,8.93261774011292,1.10020493881268
2009,71,women,1.20944733011287,1.03557395663095,30.8595025187002,18.2147979197994,1.11344275218237
2009,72,men,1.17292435549395,1.14777380519948,8.58192062962804,8.50511679280561,1.10027641010122
2009,72,women,1.17076607112296,1.05599512922202,22.4556443515315,15.7044277272452,1.07484600779922
2009,73,men,1.18478105396081,1.12457878481759,8.53072043431653,8.23985329222777,1.13026789849947
2009,73,women,1.22153484380405,1.02832165101371,22.3535682161794,13.9595500648111,1.04373197897169
2009,74,men,1.21220554248605,1.20082113125934,8.29866092902377,8.89793273145549,1.10435220940176
2009,74,women,1.24823536613084,0.977212350875271,23.3055405488063,13.5811705611061,1.04735095012126
2009,75,men,1.20029038277327,1.16363550637727,8.30462669380228,8.08464577149075,1.12083192875386
2009,75,women,1.175173296376,0.996162397491468,17.919651852024,15.5063856726063,1.04509917091443
2009,76,men,1.17317918021024,1.15252691782736,7.37047747182301,8.72760337055902,1.12555645785645
2009,76,women,1.1973341685171,0.9848747968963,18.2258723734197,14.4800959731704,1.03906836522764
2009,77,men,1.25356868181528,1.16414170534754,8.11561334592906,8.22395819016523,1.10606792646601
2009,77,women,1.21644204535051,0.942348223238491,15.2883149184447,13.6495089821929,1.0401977459649
2009,78,men,1.28915523674007,1.17215090558268,7.86231648087171,8.43021382965465,1.1413779742989
2009,78,women,1.2609607408926,0.944291063422116,14.401918439823,14.4797836709378,1.01445723390456
2009,79,men,1.32723748574878,1.2488512666962,6.76049620709891,9.64265180977191,1.13438258872371
2009,79,women,1.25266000494079,0.955391822208447,14.3984083710282,13.774719946303,1.05770198024488
2009,80,men,1.27166152105412,1.05021853845436,7.12057276218531,8.61591282520477,1.1525032123103
2009,80,women,1.17209983698085,0.934894434846246,13.815054771013,13.1487969878267,1.08894606253511
2009,81,men,1.24367037887588,1.05257447924329,6.72133277723512,8.41929694481042,1.16230456585248
2009,81,women,1.19113788374226,0.939642366363407,12.0782987370857,12.6357547614977,1.04341520382568
2009,82,men,1.28469694905672,1.06571361206645,5.89660383537513,8.68546219781256,1.15849949487916
2009,82,women,1.18959362519057,0.968431819654541,11.2819743479564,12.7190380493836,1.0502503490835
2009,83,men,1.35312901471113,1.07331668161106,6.13909822354544,8.97535559933737,1.14442758597121
2009,83,women,1.24341974396303,0.984611811669023,11.2733105620712,11.430994660272,1.06802476887766
2009,84,men,1.34839893350983,1.09070251261136,6.03192278419338,8.69719432126004,1.15167336809461
2009,84,women,1.1270599433804,0.992598654250075,10.331112536357,12.5122799977335,1.04530544982863
2009,85,men,1.29936494031399,1.10092582047486,5.52156570116952,8.15575179720688,1.1416570574639
2009,85,women,1.13378563024565,0.998183616769561,9.64508403793517,11.8106669103607,1.06540817273636
2009,86,men,1.27007034477932,1.12240476402093,5.30315473363965,8.52190918206429,1.1654253788823
2009,86,women,1.2132432412295,1.02192696785084,9.30836824000725,12.0329783966889,1.07533701783123
2009,87,men,1.32839452267818,1.13658272370717,5.78823706236077,8.61718496485501,1.20533529440466
2009,87,women,1.18429842721226,1.0339442425286,8.78647182674158,11.492316701191,1.04653388629367
2009,88,men,1.3867353186759,1.14611879833047,4.94969664343493,8.15683914089557,1.19872070278141
2009,88,women,1.20144354847214,1.0284567522614,8.70865272923285,11.1285622491174,1.08340152527287
2009,89,men,1.36036889030579,1.1521966496865,4.75135814613503,8.78792364804726,1.19511016449879
2009,89,women,1.23414890506769,1.05621481634702,8.23811009919824,10.9022668566986,1.06976655175649
2009,90,men,1.19737491324526,0.990142291919649,4.44871667213939,8.16489508459895,1.14881730936363
2009,90,women,1.04849101135176,0.904267912378395,7.56732830859557,10.1821736189895,1.05255948206541
2009,91,men,1.23941576172093,0.997289174766449,4.17585789403471,8.87797021308279,1.16002820370014
2009,91,women,1.09186301041033,0.955019067514275,7.4258397145596,10.7255051999274,1.05928022146673
2009,92,men,1.27965936966484,0.99980876206264,6.04506656124099,8.08819685943214,1.240658680557
2009,92,women,1.11292783966202,0.917867711039711,6.47125153655149,10.2534686468436,1.07623766863399
2009,93,men,1.30565033217202,1.0123942632371,5.42475386982755,9.10736775466453,1.24037590326017
2009,93,women,1.15481443107947,0.925335308909793,7.17364297609554,10.9859446596435,1.06846800723786
2009,94,men,1.39719243618989,1.03860189033779,4.43673790855491,9.16715477372978,1.25774378406724
2009,94,women,1.22231376283638,0.920826299116947,6.20808454139723,10.9574050606169,1.0880368670489
2009,95,men,1.46645316403486,1.08408752293477,3.95053858734222,12.1052594759104,1.29370622859871
2009,95,women,1.26091137421666,0.950353290842786,5.29342591362128,11.4197815056597,1.08546884506978
2009,96,men,1.5680719540023,1.0635715112353,4.34020589202337,10.2188836762084,1.29125317380105
2009,96,women,1.37095867454851,0.949619105994549,5.571000190099,12.1068838250557,1.08673514932164
2009,97,men,1.68414303309147,1.13271500666281,3.99142955012316,10.8337858225563,1.29117866601432
2009,97,women,1.43347786163421,0.93837951819747,4.82060052572129,13.5624372675069,1.10577050081459
2009,98,men,1.87325986523652,1.21615708075035,4.15797965237975,13.5317214150312,1.39035610071612
2009,98,women,1.53563623921999,0.99031849857293,4.35625830451427,15.0718702686798,1.10260533837393
2009,99,men,1.81811665187613,1.19336967554497,4.2090120282671,14.23783418578,1.39342096286354
2009,99,women,1.59639782888943,1.03432687602738,4.38311565797736,16.9157337541258,1.10586305971148
2010,30,men,1.50437129887477,1.14562018739432,114.999320219217,67.4258606186009,1.47180143884519
2010,30,women,1.59350041477535,1.06390332798065,171.75428044973,188.896337124254,1.53026608466963
2010,31,men,1.59839350893059,1.22670867856528,140.42496730018,79.9424332766862,1.05824582136862
2010,31,women,1.42638296094843,1.41735541255104,198.504919703802,116.426692460356,1.57651640320206
2010,32,men,1.47154250045121,1.4195984820447,98.3710066753388,75.1553069122116,1.51083312484974
2010,32,women,1.2409046657654,1.03942712453508,220.365966128511,120.954338031056,1.67601551037595
2010,33,men,1.54068144681042,1.60836911244867,183.088129495778,82.3874070098635,1.11911252415193
2010,33,women,1.36538093674993,1.09956052316066,196.674965810313,156.321894388506,1.73944487446165
2010,34,men,1.45597345707521,1.81062946334358,106.017466551682,69.7566419727131,1.13968037784973
2010,34,women,1.45810370525007,1.15607539466886,181.641862298734,129.861907832215,0.987279069961365
2010,35,men,1.50320008970465,1.60046382636295,123.491390756375,82.5353137330408,1.2005454830087
2010,35,women,1.3242076120371,1.2201861822756,178.792899534287,123.259624778808,1.02947355529255
2010,36,men,1.4871465931398,1.63695436217435,126.016149186775,78.3874480972574,1.25337474200258
2010,36,women,1.71898189801895,1.34009581081567,139.331807029088,164.462219465487,1.09258147121839
2010,37,men,1.20922571743809,1.56004018480689,90.178679012957,74.8601261890867,1.3010368271184
2010,37,women,1.38348536888039,1.42324250368579,173.63614449818,100.507229679433,1.16782704111007
2010,38,men,1.31587852751914,1.57920406808254,92.172423188285,64.8828920344641,1.37139711652601
2010,38,women,1.53519132353025,1.54011545314763,123.397056548079,107.403263399901,1.21203507320336
2010,39,men,1.3813392077981,1.55259582271829,102.140831685298,71.7779719618398,1.13769927547727
2010,39,women,1.52936749722745,1.69479222811101,162.431989062349,109.713940565941,1.30344374768646
2010,40,men,1.32405856329828,1.55367672801439,90.3238776109192,69.6498033171603,1.18111461445723
2010,40,women,1.26337337278183,1.61304560698236,166.878215142533,109.661466279092,1.37260795369679
2010,41,men,1.32838600166684,1.46700818954535,80.6863112631621,35.120888067081,1.25336645812056
2010,41,women,1.36903874555249,1.79103465877804,179.572940315667,108.36427746675,1.44001736814329
2010,42,men,1.34662851652877,1.54953205374298,80.82566276265,36.4404842721186,1.11232396053871
2010,42,women,1.24000102161451,1.63335484960793,128.558179267785,84.4647327344205,1.46813845445813
2010,43,men,1.33193811488324,1.50511644325147,43.4294889312164,36.6448944108841,1.20851227467892
2010,43,women,1.76103745225252,1.44996720425748,174.410749079598,89.1366631959254,1.1339860961414
2010,44,men,1.29950558134285,1.49344180804507,36.1920514653348,29.2694062038896,1.24107516043951
2010,44,women,1.31656072435602,1.43642966940497,146.175856810857,66.8432720147294,1.35088036085787
2010,45,men,1.36727728853911,1.42910999959404,44.4220222991991,35.393551555608,1.13164139877907
2010,45,women,1.39091190600751,1.57301548451169,153.516047901297,85.2856352070373,1.26983517811494
2010,46,men,1.4874404813455,1.47590675198401,43.0134213023265,33.8181909820193,1.16038348253172
2010,46,women,1.43831899679034,1.5898447218597,180.369266950245,64.3829429769727,1.27434788822538
2010,47,men,1.42836821619323,1.40248610013813,43.1750609336043,32.98043470745,1.20933721757335
2010,47,women,1.40155872896099,1.57943924738537,119.234251659411,66.8009428092932,1.03986993451699
2010,48,men,1.42785447903151,1.48382631098729,43.7134785344695,31.6485827768339,1.10980942443667
2010,48,women,1.43497317660896,1.64186382164531,122.040926270824,60.4397629035813,1.09843859516568
2010,49,men,1.54831278090709,1.41918129960228,41.1505995929912,31.6625217989791,1.18454871086637
2010,49,women,1.58261790080147,1.41488048282439,114.059982544127,32.0854048655363,1.16410397143387
2010,50,men,1.42578460582217,1.49190686713835,43.4344342026931,32.3481162609672,1.19252249233476
2010,50,women,1.54410733103531,1.34586109309153,126.917155518377,34.0411470976632,1.04430237428681
2010,51,men,1.39568009319369,1.44019937105458,42.2571624376299,17.743861474226,1.15124776018848
2010,51,women,1.65943891264346,1.33432076731654,108.598199371707,34.0327428915201,1.12373826138999
2010,52,men,1.41694985494285,1.39702122398306,42.4694729389706,18.2587267114953,1.12217639299445
2010,52,women,1.55665118153479,1.31718479161813,89.083828998807,33.8099404134296,1.15639874549494
2010,53,men,1.29047512409304,1.36965529273194,22.1714186717843,17.7370030026037,1.20638906401032
2010,53,women,1.31000852522891,1.37491108237098,80.9325858269722,33.5063252343373,1.06469277891626
2010,54,men,1.25460504573363,1.32030745184001,23.2776440781074,19.7176291602114,1.19045635642832
2010,54,women,1.31193523912489,1.33484157764456,85.8814758722721,32.6367793425303,1.12449091901782
2010,55,men,1.243036933116,1.22154358054204,23.4085659593652,14.7016002828874,1.1001544206676
2010,55,women,1.24863285079528,1.22862232687306,83.6983454186975,33.5070339849512,1.0407180689202
2010,56,men,1.19150674511096,1.248103314547,23.382904357861,15.0131265142497,1.08557774449461
2010,56,women,1.22147216993915,1.19959406486159,80.4759689657274,33.7530712073625,1.11530141898179
2010,57,men,1.16941437909126,1.23895422267691,18.0433055071025,16.2988720741143,1.14665844505304
2010,57,women,1.19304996418585,1.26483130017634,40.752716095325,35.3889571961204,1.10873570283645
2010,58,men,1.09216380425712,1.22980629288644,17.7772678124633,13.608445448021,1.0918489902794
2010,58,women,1.15753214659646,1.16138236541269,43.8613679368003,37.7346027993687,1.10948957614361
2010,59,men,1.17195720022053,1.2295086340769,19.1531304523717,14.9298888492206,1.10595944267709
2010,59,women,1.2271945754722,1.19174573793545,47.8335384436185,40.6015909481416,1.06401230792381
2010,60,men,1.1254938784469,1.15958028356723,16.0862412059759,13.3345757802472,1.1172420370586
2010,60,women,1.26251180788385,1.11052844729045,53.4476642025595,24.5427249060941,1.13841805794101
2010,61,men,1.10571712538205,1.20871629167225,14.215250260886,14.1787409687756,1.11639989304979
2010,61,women,1.19556021537708,1.12401899900868,58.8087267527911,27.3064892474194,1.06908187426454
2010,62,men,1.14388117062373,1.19859375787989,14.410109581283,14.0491089151903,1.09570310315899
2010,62,women,1.17823325855367,1.12358203215068,60.9861420920512,29.3660005145012,1.0640990521027
2010,63,men,1.17314273037588,1.24043520054941,11.5751630805109,13.7016248462581,1.09767207403052
2010,63,women,1.22133436316499,1.13025323447495,30.3419039006589,29.1030218976684,1.04448808020935
2010,64,men,1.16574313156598,1.15890575697457,11.1293944456863,11.6930361695994,1.11870140072911
2010,64,women,1.20979285070655,1.11408859136046,38.4698848179528,36.4676092595355,1.10451899938253
2010,65,men,1.21120911613219,1.17331270619323,11.0648465774507,12.0154706359671,1.10435309613636
2010,65,women,1.26589968122452,1.11871421755918,42.2468328537377,21.2448022848457,1.08655395286189
2010,66,men,1.19537676335778,1.1683161641214,10.8624471136935,11.6786005119315,1.13221311718648
2010,66,women,1.19556831704169,1.10415329028618,49.4161546423789,25.0706536422197,1.06177390622944
2010,67,men,1.19515226379835,1.17067323285778,9.10459176782398,11.3475533301641,1.11759904430328
2010,67,women,1.15582634522451,1.13592862312089,27.0477990097343,24.3403248809495,1.09602769255556
2010,68,men,1.24301434075022,1.15042335308046,9.37103161737921,10.3062904940101,1.09181331100019
2010,68,women,1.27393784990235,1.06259262569224,27.7641875236109,17.4568586895432,1.05651413002533
2010,69,men,1.21132803111817,1.18237091460924,10.6342980149098,9.0507567166514,1.11978273024975
2010,69,women,1.23349466793876,1.12441957095364,29.0775635491553,18.286241216751,1.08256995795758
2010,70,men,1.15065351044676,1.15502975389321,9.73786548941537,9.8214453714221,1.04421709534616
2010,70,women,1.15467006059517,1.09032667124053,27.7135748242303,17.3189050371698,1.10979118925239
2010,71,men,1.16816210787721,1.13946805410411,8.82326562833593,9.39385610485899,1.09801971743935
2010,71,women,1.23042755159702,1.03035952581356,25.5364337781963,16.9280974319256,1.08780688338803
2010,72,men,1.19161573517463,1.14615427063526,9.32592081338607,8.86850668190861,1.10805258050452
2010,72,women,1.19147152022066,1.04923387018646,28.3149214498223,18.7228861488113,1.04412450705909
2010,73,men,1.20383348852033,1.12323857240034,8.64178395780414,8.39353056677293,1.139308519558
2010,73,women,1.24387772691422,1.0208135212927,21.0140604466962,16.2849020526788,1.06939124599859
2010,74,men,1.23130801674406,1.19781937834477,8.56666101077448,9.50318896058759,1.11895676151431
2010,74,women,1.2707379138335,0.967637305021504,22.0807348636613,14.5131509696502,1.05322223395963
2010,75,men,1.21747700112122,1.15864248990179,8.36477448124094,8.87562043607036,1.13765767140672
2010,75,women,1.1962237856362,0.985343741334441,17.6139488723146,15.1490958372793,1.0573338191951
2010,76,men,1.18938533328326,1.14842419554394,7.26049331268159,9.01317672089081,1.13996199184416
2010,76,women,1.21852239529787,0.973415362293708,17.5181848558985,16.1721542458389,1.04202468437657
2010,77,men,1.2707934584466,1.16062264731922,7.04916892966829,8.9309515210325,1.17097949625256
2010,77,women,1.23760665009721,0.930369317908608,14.9713394559143,13.0032921211614,1.04882670003735
2010,78,men,1.30673748250772,1.1675561467625,7.99563154928915,8.61315350812317,1.16472743237062
2010,78,women,1.28200392045244,0.93291487691436,15.309949967173,14.1634708889224,1.02413296366221
2010,79,men,1.34500686073908,1.2449173991421,7.66687151709498,9.17721572992128,1.15457938202317
2010,79,women,1.27404004067611,0.944852342723145,14.2504375000505,13.3995988503592,1.06507579589125
2010,80,men,1.28536550735216,1.03813568710491,6.41035966372952,8.86023522224582,1.15594885354143
2010,80,women,1.18543414143534,0.919664660217283,14.3917179099962,12.6304847290821,1.07841140019988
2010,81,men,1.25695076681952,1.04178304778223,6.8191431004879,8.9866257864103,1.15912206327634
2010,81,women,1.2038771868472,0.925802832704007,13.7055054313083,13.028519808709,1.06077607121211
2010,82,men,1.2978630231819,1.05613222935435,6.33619148929281,9.1483875951416,1.17032385252818
2010,82,women,1.19997247542864,0.956184985263281,11.4066914347574,14.029510253069,1.06245744199725
2010,83,men,1.36655887154017,1.06439709061726,6.03522707129374,8.91150001349569,1.16500394108832
2010,83,women,1.25304183415962,0.973564170792518,11.34703313927,12.7330603751386,1.06083412793678
2010,84,men,1.36129897299127,1.08254002276631,5.98625974756183,9.12618709522097,1.18867724881939
2010,84,women,1.13516499440977,0.983799208899634,9.54397683114855,12.3605176806482,1.0616491881173
2010,85,men,1.30734685944208,1.09393251788561,5.33441844623754,8.62442136158572,1.15259169021977
2010,85,women,1.13843077646848,0.990610645040672,8.71023618455561,11.5515325670851,1.0512007497885
2010,86,men,1.27930462127553,1.11596099974006,5.43832635925948,8.56407868480938,1.19301788123771
2010,86,women,1.2167908439047,1.01505169997525,9.28971465609783,11.6974508676726,1.05062742447919
2010,87,men,1.33679475400312,1.13126017381287,5.74970903946087,8.6311887702124,1.1943799193703
2010,87,women,1.18807575390223,1.02805528032494,8.67875267080871,11.3937226531982,1.0387115227096
2010,88,men,1.39565415697104,1.14207272189159,5.00820930310684,8.83969218278717,1.20792732165722
2010,88,women,1.20428007902567,1.02452812835918,8.03947568305077,10.2497090048593,1.0709933817982
2010,89,men,1.36967865335606,1.14888347450291,4.570519702745,8.9280918173265,1.21719575796353
2010,89,women,1.23727873023878,1.05253791029779,7.56408665184774,11.0726949341216,1.05875253556688
2010,90,men,1.19380228783657,0.975555618981259,4.88109893362726,7.57085222837532,1.17378295955167
2010,90,women,1.04155314230472,0.892380576090254,7.53582593104924,10.4347374077943,1.05092422429064
2010,91,men,1.23622586693282,0.983884146610542,4.36022751817085,7.73378120505196,1.19119742752018
2010,91,women,1.08562914355514,0.942346227022422,6.95461523109453,11.6526680439732,1.05015779146608
2010,92,men,1.27788495521505,0.98596721803055,3.90305201827478,8.13271410088599,1.23390786250148
2010,92,women,1.10843530860164,0.906968965487612,6.22296588885756,9.72880699721005,1.07233479375132
2010,93,men,1.30512169752015,0.99878413793862,4.81920684960301,7.96899031814972,1.23871483028789
2010,93,women,1.15159879308821,0.914887346701825,6.8599741023258,10.164019041502,1.05533943918046
2010,94,men,1.39673087991271,1.0249389135072,4.49944439904508,8.83296213883131,1.30292997005253
2010,94,women,1.22239124120272,0.911155200901463,7.17277371660276,10.8230473565383,1.08534247740614
2010,95,men,1.4648198721119,1.06699619796282,4.03126050815489,8.24565876835312,1.30702482390312
2010,95,women,1.26321618609265,0.940677109098216,6.65127865300088,11.4661243402006,1.0998871666569
2010,96,men,1.56489342159527,1.04897404998239,3.08742071908231,10.0155946559963,1.35487483363508
2010,96,women,1.37610789535968,0.939862338293669,5.97192126481329,11.6473207752595,1.11272542920571
2010,97,men,1.68340759034348,1.11468226407501,4.14210043972822,10.7497760665542,1.33298530928386
2010,97,women,1.44326704790943,0.930160987757327,5.11635345756922,11.7052409042984,1.11794320662998
2010,98,men,1.8715329388451,1.19408635698544,4.45970753368787,13.0145808066184,1.29673754243191
2010,98,women,1.54851849071243,0.980097432672325,6.18658005859304,14.3433414366358,1.13186948649094
2010,99,men,1.8227932672561,1.17406198591053,4.65152303077067,13.750962047129,1.29969133336975
2010,99,women,1.61251078839676,1.0213790061456,6.00120990378436,16.0128845787297,1.13496024032271
2011,30,men,1.51168325452639,1.15520968804228,184.753213608817,94.7000831513627,1.48337869272386
2011,30,women,1.60164367158385,1.07769174328289,188.211575082075,117.770723272958,1.67562384687448
2011,31,men,1.59899483298545,1.2269399810781,150.573610960279,87.8849840731009,1.27422882237882
2011,31,women,1.439976433919,1.43102731892933,414.71932203454,133.200721803184,1.78747665226083
2011,32,men,1.47625990481099,1.40790842671214,131.524748338189,54.1646936821252,1.10557339279091
2011,32,women,1.25692592590954,1.03697831923685,196.945321795563,293.176009037538,0.997749246296487
2011,33,men,1.54058988097056,1.59590964161743,121.999814664417,71.2737623439812,1.14685290631524
2011,33,women,1.40527469024397,1.10354350311563,153.334446185452,132.025889155133,1.07315814020098
2011,34,men,1.46274289339568,1.79748225784846,115.401119522597,69.3529771532032,1.18220501502137
2011,34,women,1.49518130693852,1.15640770795811,175.828152786025,99.3926229644678,1.11480141600111
2011,35,men,1.51354936071554,1.60951997752558,107.224122737256,72.9285389614776,1.25138184293164
2011,35,women,1.3602629235763,1.21581978211059,321.16340328945,142.381732982847,1.17546033847841
2011,36,men,1.50692604480594,1.65253352735328,92.4366501162056,66.3462322754153,1.27701515406117
2011,36,women,1.75287211431538,1.33321020978627,131.13462861268,174.573793350402,1.24243876686573
2011,37,men,1.23372669118048,1.58512601991179,92.0462123410818,65.0922860102969,1.36691302287156
2011,37,women,1.41661218509169,1.41526800415475,135.671623647288,131.055465533403,1.30577244764353
2011,38,men,1.34688174240393,1.60421621927857,90.8065259711622,74.3950101186829,1.09663170536202
2011,38,women,1.56980557319708,1.53242408075267,149.571907229349,123.358673668284,1.36477189230705
2011,39,men,1.39813231581187,1.56220564640306,106.391918848522,61.7270663523778,1.16230382684864
2011,39,women,1.56139227088626,1.68628407908809,118.810520688937,124.828615428271,1.02240148743471
2011,40,men,1.3428382299404,1.56255396664771,112.155303306521,66.1091645035308,1.25254744570195
2011,40,women,1.29332937560835,1.61657148209212,140.283119328913,101.429947078252,1.51374560829787
2011,41,men,1.34774213550762,1.4783739319557,100.264158343898,34.6099341436508,1.27217363703407
2011,41,women,1.39921419878013,1.79512365882805,173.140520796483,94.1090005970516,1.11742132304126
2011,42,men,1.36852660337318,1.56540859184635,98.6800964880579,34.1805471121394,1.13215272419686
2011,42,women,1.26754575670487,1.65285111742617,109.538722896451,103.668604967354,1.15163344492284
2011,43,men,1.3577747454724,1.52259330429822,47.4978784486807,34.5251819293082,1.18771015171839
2011,43,women,1.78935314228234,1.4728743311608,207.296506404745,83.421990396112,1.21231259312889
2011,44,men,1.32360097088575,1.50529749000621,47.7118470828098,34.9126121620464,1.09422255946184
2011,44,women,1.34247691662179,1.45718931167432,124.145238425284,75.7370955875133,1.31061416382783
2011,45,men,1.38963381589744,1.44200987317736,37.5701721006583,28.9327674253703,1.30358430523616
2011,45,women,1.41780680375956,1.57781645333457,183.366574301461,82.2869949416106,1.15646093792778
2011,46,men,1.51112401899002,1.48970287729815,46.5803765470015,34.6675993802018,1.20665971006963
2011,46,women,1.46387107520445,1.59395065349226,157.699035865227,69.1853088546993,1.18086900095921
2011,47,men,1.45218491740993,1.4127516605167,43.7558718603541,32.5821573121415,1.09194022493559
2011,47,women,1.40335569461174,1.59077725963469,164.448760125754,75.7118029516568,1.17910178766775
2011,48,men,1.45406859610234,1.49538823744912,43.9009585554979,32.9602937782904,1.17611728051769
2011,48,women,1.43261247407495,1.65245652873875,119.9143210905,72.4067496074675,1.24641515075532
2011,49,men,1.57576162677941,1.43183917759173,44.6857950260655,32.2735107515931,1.21278898999938
2011,49,women,1.58085369122554,1.43261518816109,106.181972745431,62.1116259354179,1.07815588986824
2011,50,men,1.45071183814815,1.5052082382055,45.5332064041695,32.4888312613445,1.16599903515674
2011,50,women,1.55301338250176,1.35968348670133,135.888847401246,30.4929261916066,1.12496409773464
2011,51,men,1.41816913219375,1.4500343928174,48.8465221249416,32.5157208418734,1.16183292848846
2011,51,women,1.67275604964196,1.34833338739483,131.709018623176,31.029282525231,1.17483075337396
2011,52,men,1.43691445641867,1.40769789188734,27.0901740977588,33.0222194297547,1.17017094087412
2011,52,women,1.57911144756303,1.32262049082206,95.2759914705795,30.4949580876767,1.10939496201877
2011,53,men,1.30858036633127,1.37943606234752,26.955250363796,17.5105374896525,1.22360791314867
2011,53,women,1.33519613930928,1.38409852326369,83.4428288952326,30.5339767441798,1.12675211458073
2011,54,men,1.27046058916327,1.33098874710865,24.8145669527688,17.0802150885948,1.14179466059475
2011,54,women,1.3355108698937,1.34313558762061,77.3821543905797,30.4219083710224,1.06548294997684
2011,55,men,1.25357286946246,1.22618698712718,24.7066383532932,18.4331730281568,1.13157885292623
2011,55,women,1.25766472364486,1.23557488553268,77.6829352122907,30.6407122963427,1.17756102619619
2011,56,men,1.19997997402781,1.25279640834846,23.6238874028769,18.883720691517,1.12055118077068
2011,56,women,1.23347071597277,1.20477454172459,73.0087812808369,32.664833181562,1.13168059531227
2011,57,men,1.17743656392691,1.24273163920972,23.0812785593024,13.4618670311471,1.13615449093691
2011,57,women,1.2048962123304,1.27293584996156,69.336996981344,34.3506229032335,1.10058682533036
2011,58,men,1.09962821521373,1.23382844809996,16.8305128251102,14.6951641302571,1.09684847525898
2011,58,women,1.16500687456502,1.16622553825352,38.8105111777319,36.2464809844633,1.06274316168776
2011,59,men,1.18023589561348,1.23382499150188,17.0084131631361,15.8085814457329,1.10403682041232
2011,59,women,1.23775568557004,1.19415378718789,41.5508652069447,40.8291703693998,1.08879652064375
2011,60,men,1.13383917575853,1.16269696993236,14.6024218420075,13.5451708298135,1.11300449001831
2011,60,women,1.27645908807624,1.11417950774532,43.8153793603763,43.5929039302926,1.03250967584472
2011,61,men,1.11575196405922,1.21142253877845,13.0299190031253,14.496977890514,1.12310151221829
2011,61,women,1.21041939186622,1.12549851730162,49.9541164227106,26.1325613308743,1.09058755266388
2011,62,men,1.15552414026728,1.20136886106172,14.2853304223076,13.8856900365352,1.11456958243085
2011,62,women,1.1935503363715,1.12513448338257,58.0299003852876,28.3708699791318,1.02990830605161
2011,63,men,1.18678415539543,1.24316042872435,12.7786461723563,14.1695785713507,1.09717505064171
2011,63,women,1.23898158627402,1.13137633060069,57.0593528389792,29.0660228430328,1.0527338901469
2011,64,men,1.18094722758979,1.16158998276961,12.1108334131262,13.4940814478194,1.10943787278006
2011,64,women,1.22970437126137,1.1159419313302,31.6931967553161,28.6007400525067,1.07158044362847
2011,65,men,1.22621670012503,1.17312985611504,11.5571887266367,14.3015111964567,1.12323608557107
2011,65,women,1.28188587992322,1.11789835747411,38.698843892353,34.7403467191345,1.09102216437076
2011,66,men,1.21143029514458,1.16864648748652,9.83784052746785,11.8113223181653,1.13980830734275
2011,66,women,1.21388309901526,1.10357753389315,41.3967727881875,20.6370023157523,1.05683943824573
2011,67,men,1.21248894717999,1.17071077925507,10.5198034936318,10.2837595396191,1.10260565481809
2011,67,women,1.17504781849332,1.13650561249796,27.5306949867413,24.8189511843966,1.07365468558434
2011,68,men,1.26297096344499,1.15111399331116,11.1627522888112,10.0599167043231,1.1070554255707
2011,68,women,1.29535959476633,1.06137120782893,27.8464747606041,17.0697625257941,1.0621061507031
2011,69,men,1.23177396321011,1.18245309225507,9.43680344718331,9.89418348726001,1.09010876029889
2011,69,women,1.25663709602391,1.12305634093984,28.2306782333206,18.1885752710232,1.088729691094
2011,70,men,1.16869911686766,1.15325373438899,9.18580274307724,9.60351039262495,1.10529319267853
2011,70,women,1.17441886587573,1.08554999075379,28.5344186917404,18.7350751395078,1.08546744428288
2011,71,men,1.18748166308866,1.1382399222946,10.0329238525369,10.0144198348327,1.08828557926595
2011,71,women,1.25176100806531,1.0251739252811,28.0244746624912,18.2386679077434,1.06828996586749
2011,72,men,1.21059545536183,1.14453782510472,8.98342058567959,9.67011791252268,1.12011930146318
2011,72,women,1.21253258028058,1.04251923244094,24.9132320748702,17.1793039574592,1.07886577672382
2011,73,men,1.22318259897691,1.12190062259147,8.06283286563092,9.31543404081265,1.12059915235924
2011,73,women,1.26661786066315,1.01336390463915,20.0296669534799,16.1198276999585,1.0794947447561
2011,74,men,1.25070178959934,1.19482661650652,8.69722511021123,9.27722793645912,1.14487484739559
2011,74,women,1.29363462960903,0.958160771282167,20.9306798570003,14.6234651683154,1.05920864731477
2011,75,men,1.23490097720872,1.15367336534803,7.63935746220398,8.73275260441541,1.11016757348669
2011,75,women,1.21764059265521,0.974647873038305,16.7718078394116,15.4954967223819,1.03258512275209
2011,76,men,1.20580712789776,1.14433810773997,7.54984210685984,8.98328390502926,1.15269358943306
2011,76,women,1.2400747529252,0.962094863645613,16.6470374289516,14.181872968603,1.08401058149755
2011,77,men,1.28824616921787,1.15711596938293,8.01088665771253,9.36611992567614,1.1608707323989
2011,77,women,1.25912869031369,0.918548530464327,16.9079881256143,14.5890665881662,1.07450959185149
2011,78,men,1.32455060049684,1.16298167106909,7.01145016184039,9.36728308826371,1.1623731024656
2011,78,women,1.30338754347574,0.921681299510624,14.6247077643813,13.8474649551315,1.06020674926809
2011,79,men,1.36300512012272,1.24099787065119,7.21204634636415,9.43944567396621,1.15209856419666
2011,79,women,1.29577407720468,0.934434286029622,14.4176568535592,14.0643527221501,1.04852542710792
2011,80,men,1.29921024722547,1.02619775640278,6.49674497213249,8.97021631727339,1.15190228329503
2011,80,women,1.19891339681063,0.904690374944603,12.5974682199478,13.8159293347034,1.06237620382423
2011,81,men,1.27036625627241,1.03110753975921,6.64814126591239,9.11362281707996,1.16468835577764
2011,81,women,1.21674629942939,0.912173866853229,12.5439304750447,13.6362902781963,1.05300050451511
2011,82,men,1.31115737881826,1.04664169036488,6.76646396606267,9.15820816872812,1.1726942372638
2011,82,women,1.21043664804308,0.944099001149517,11.4057783521718,13.57840008502,1.07463265558983
2011,83,men,1.3801152406996,1.0555560054742,6.1466881492087,8.85114142177184,1.18045514302296
2011,83,women,1.26273354246456,0.96264589050746,11.146963906717,12.5651619451315,1.05603506519946
2011,84,men,1.37431591766856,1.07444263298139,5.67116896167671,9.2608327932078,1.21049478413147
2011,84,women,1.14332425656203,0.975082089818136,10.3187619158158,12.6502055931726,1.07784604988227
2011,85,men,1.31537380426713,1.08698708346223,5.72811648198377,8.83028982025598,1.1963738299841
2011,85,women,1.14309262931109,0.983098851496181,9.73398864914266,11.7096397310616,1.07282842346469
2011,86,men,1.28860139406257,1.10955740682613,4.97858233660904,8.79337364928466,1.18969870890778
2011,86,women,1.22034704772169,1.00822607240243,9.09565512345997,11.5005312401983,1.05983790693509
2011,87,men,1.34524388714282,1.12596517790854,4.90680785724713,8.83838227481269,1.21433562940693
2011,87,women,1.19186324060434,1.0222027635764,8.37374832400954,11.611023483402,1.05639169759497
2011,88,men,1.40462587811662,1.13804293090691,5.26925250258129,8.76430631664594,1.22182241844076
2011,88,women,1.20712189058795,1.02061645435939,7.99660551735155,11.4681173862467,1.0813219696783
2011,89,men,1.37904745013754,1.1455814672852,5.90008190711585,8.90059289285928,1.22378018163321
2011,89,women,1.24041493004221,1.04887562364298,8.34919542131989,11.0496086291629,1.06550966060558
2011,90,men,1.19024209116088,0.961190930861076,4.43462743467255,7.88122663069201,1.19350103130657
2011,90,women,1.03466459778665,0.88065530489275,7.01710315187147,9.70352323190435,1.05966641665819
2011,91,men,1.23304576250077,0.970665835182862,4.57510500840925,8.26398454416491,1.21153919558147
2011,91,women,1.07943394238805,0.929847729894746,6.65379554011706,10.2398425582139,1.04213946374196
2011,92,men,1.27611388196101,0.972324041110196,4.82362619510542,7.95280959641373,1.26416778891328
2011,92,women,1.10396313345999,0.896204956087177,6.62229155778504,10.1707397942762,1.06590824845725
2011,93,men,1.30459353968038,0.98536361384548,4.81564347687624,7.4823488055131,1.2720377143348
2011,93,women,1.14839370194706,0.904562461369737,6.54962805713683,10.2792606066144,1.09089829375957
2011,94,men,1.39626970556771,1.01146233748549,4.00864596502683,8.20287609855373,1.30334247803338
2011,94,women,1.22246868593961,0.901590409359285,5.5624727700951,9.85058184378889,1.09159786729093
2011,95,men,1.46318921032522,1.05018262926739,3.86962495833393,9.53721787784032,1.33147355071551
2011,95,women,1.26552406138817,0.931104186522872,5.65989056670378,10.1289439402649,1.12163012954234
2011,96,men,1.56172290833809,1.03458404971008,2.81345594503752,9.72786687072895,1.28353120513195
2011,96,women,1.3812738806654,0.930210593837467,5.16710887988662,10.7643341993935,1.11392900759484
2011,97,men,1.68267283431492,1.09694535736368,4.15667284251229,10.815580458916,1.39602979249317
2011,97,women,1.45311816533135,0.922018471196573,5.13684961517775,11.9123508001971,1.0941692720023
2011,98,men,1.86980846224411,1.1724268511466,4.14848447131959,8.51996651479388,1.3923209192941
2011,98,women,1.5615023214766,0.969986863607448,5.85967915881454,12.4409285846575,1.12091789753874
2011,99,men,1.82747957689517,1.15507604924597,4.25675294134159,9.73254280078006,1.39546274875241
2011,99,women,1.62877824522123,1.00859953933166,5.86167274002269,13.6559893584124,1.12407938032011
2012,30,men,1.5190270881362,1.16487463103511,141.081888403809,93.0860877643377,1.32130167663047
2012,30,women,1.60982446342191,1.09165187099216,304.578233611218,209.126603065861,1.40420603053652
2012,31,men,1.5995960841498,1.22717121218164,153.614951710234,61.0522562522326,1.34390357660659
2012,31,women,1.45369259842903,1.44482421003338,163.496365108441,190.049969520454,1.49458783599486
2012,32,men,1.4809900755115,1.39632037616925,126.188037261181,60.8463562647204,1.41915137891708
2012,32,women,1.2731459162706,1.03453649622709,171.167177081441,132.87299094976,1.55036334761313
2012,33,men,1.54049836608976,1.58355281221225,112.133153825257,69.0771770088058,1.46475213366115
2012,33,women,1.44631335347593,1.10753891990035,130.714656679805,98.7432636932158,1.64606569978922
2012,34,men,1.46954041483005,1.78443698080532,88.5194258339267,76.8723139024781,1.04964085460399
2012,34,women,1.53318260207919,1.15673995149274,161.093386328255,180.616900722425,1.72318372889907
2012,35,men,1.52396468639806,1.6186228320613,104.319667434917,72.2413945000516,1.11115853009988
2012,35,women,1.3972812823929,1.21147116605739,312.074656889288,150.649353548364,1.80922979811247
2012,36,men,1.52695853861928,1.6682531061917,104.10855713503,82.1069007654736,1.1747660997542
2012,36,women,1.78741313727946,1.3263633847143,140.892457179994,172.841508417377,1.02667287795064
2012,37,men,1.25871154416367,1.6106024684606,111.924248379523,72.87715140524,1.23908013420318
2012,37,women,1.45051514193178,1.40734211732858,160.300009640553,137.945829458745,2.03738724920712
2012,38,men,1.37859945890267,1.62961179330421,87.1579605311193,72.1193065560374,1.27720158051647
2012,38,women,1.60518248393623,1.52477491434354,131.103569730532,149.498215520171,1.1905872190666
2012,39,men,1.41512107849702,1.57187012843821,89.3313483070175,76.1489276551237,1.09188144734278
2012,39,women,1.59407121635623,1.67782284038261,155.383819675106,110.837220480752,1.26130282321546
2012,40,men,1.36187472094173,1.57147747602708,93.0626714968884,70.2422647039735,1.15262118289084
2012,40,women,1.32398024420765,1.62010330562694,164.022532846902,89.896063392268,1.35902296577559
2012,41,men,1.36737047709935,1.48982201505408,44.8406761419328,34.8320220058405,1.2379123162608
2012,41,women,1.43003925975737,1.79921995444494,164.912081853909,100.012296222716,1.03128697889778
2012,42,men,1.39076963122154,1.58143978684767,88.4467159441213,34.6389094610668,1.28713832121683
2012,42,women,1.29568820408784,1.67257023282383,193.4008771,121.480300004087,1.05993993544321
2012,43,men,1.38409932937496,1.54026426008925,94.1823702249701,34.0968126923733,1.32039983121376
2012,43,women,1.81810970222309,1.49613169461462,157.781943827336,81.9696767604798,1.13425565859115
2012,44,men,1.34813082305163,1.51724132400581,45.4796111964076,34.2827855470871,1.17863281705866
2012,44,women,1.36888999708333,1.47823843261809,156.223547238271,74.9753040282771,1.16942096249898
2012,45,men,1.41234450982366,1.45501968752688,46.8194653583692,34.5940776152744,1.26115895624638
2012,45,women,1.4452079856432,1.58262967740445,128.784460749623,89.4757089953275,1.28102732201027
2012,46,men,1.53517259782784,1.50362100773028,36.0886115668447,27.7758767877185,1.09884139741802
2012,46,women,1.48986404957867,1.59806513996087,204.190626372249,87.722671184817,1.11334703221035
2012,47,men,1.47638660234577,1.42308720057869,46.8171295649178,33.3804322832439,1.22599789891212
2012,47,women,1.40515406912269,1.60219096448358,129.716126015233,68.803112411946,1.09229142350965
2012,48,men,1.48075058824967,1.50703443886762,43.7008247735889,31.3988211622913,1.23420111748399
2012,48,women,1.43025682588758,1.66311225901799,138.035735149841,65.1210547523242,1.13878590114557
2012,49,men,1.60368308191907,1.44460357588143,42.3812001084269,30.9514462640419,1.17075900420796
2012,49,women,1.57909232388273,1.45056320487481,128.036048197416,58.4970412833623,1.18632798448588
2012,50,men,1.47606215892442,1.51862149884409,41.2351388466381,30.5485251126451,1.11719504710518
2012,50,women,1.56196633608309,1.37364086263394,129.77619529342,57.170026940221,1.2645993853527
2012,51,men,1.44100909288246,1.45993163771407,40.7397352304305,30.1148810058525,1.18688142024754
2012,51,women,1.68617335746171,1.36248608740634,102.118458029579,53.7151193114089,1.11549168707608
2012,52,men,1.45715022038378,1.41845078696119,41.826031991188,30.5699497699222,1.18632541127239
2012,52,women,1.60188437501173,1.32807590277439,111.431484334692,28.0386669040836,1.18840796088746
2012,53,men,1.32693043253669,1.38928176229167,41.3571252595963,31.513113998716,1.1765030863549
2012,53,women,1.36085515276873,1.39334274324213,103.072099653741,30.2173717036232,1.1092925755229
2012,54,men,1.28650848072285,1.34175107946284,21.6702983742794,16.9964269366563,1.13935784209146
2012,54,women,1.35949811997211,1.35147697047983,74.6352498130135,29.0491369674478,1.12220940627573
2012,55,men,1.26419280346805,1.23084572291381,21.3407736243579,16.7872815557063,1.19896080665658
2012,55,women,1.26675738882344,1.24256330172881,78.3759136001096,28.3416367093778,1.15525945896958
2012,56,men,1.20850920170339,1.25750480273015,22.1455632404173,18.1341937759813,1.17214930387974
2012,56,women,1.24558107092631,1.20997479847992,83.7603556346531,29.3549268540364,1.15932605872286
2012,57,men,1.18550975171109,1.24651868611024,22.2323812764416,13.158227713213,1.08536090628913
2012,57,women,1.2168541092365,1.28108826268558,79.0558096922541,31.0515874747399,1.13558808026494
2012,58,men,1.10713989284374,1.23786174861799,14.9934872012124,13.8653879375958,1.07462442049776
2012,58,women,1.17252611832131,1.17108648517961,33.9059822481575,31.6296978707196,1.07017725906379
2012,59,men,1.18856891228478,1.23815434493994,16.768177937971,14.9253125537961,1.08638849714757
2012,59,women,1.24840236523357,1.19656550138991,37.5145841756233,34.9303750881454,1.08879853228681
2012,60,men,1.14224215666667,1.16582047755352,13.2617014805268,12.4567567062766,1.16318581069974
2012,60,women,1.29055339839057,1.11784074766328,40.3612454499107,37.3911083034754,1.14357300640101
2012,61,men,1.1258728162618,1.21413349511063,14.3043712691797,13.7776347130921,1.10104069691401
2012,61,women,1.2254557223874,1.1269792460654,43.3409142597109,22.0108437419656,1.1082619052005
2012,62,men,1.1672797408643,1.20414900502591,13.8510364413818,14.5730069905375,1.13670626400238
2012,62,women,1.20905877314679,1.12668830624596,49.7868686709454,24.2846717346588,1.0640782040593
2012,63,men,1.20057730402558,1.24589028491797,13.7208608252384,13.4803328206735,1.11341936303697
2012,63,women,1.25687483257393,1.13249998354094,56.7460285038257,27.2996022612807,1.04450808662048
2012,64,men,1.19634191475527,1.16427908661719,13.2717715043491,13.7432493813721,1.1276113885395
2012,64,women,1.24993346388914,1.11779743074831,30.284916410886,27.5746701260768,1.08891409413827
2012,65,men,1.2414026368779,1.17294712541346,11.2619412406351,11.4242061826069,1.12210816476002
2012,65,women,1.29806585927008,1.1170834975369,55.7011593696848,27.7633679954823,1.05299543083126
2012,66,men,1.22769127868659,1.16897673995845,10.877541520146,13.773475221455,1.15590468438004
2012,66,women,1.23246912822617,1.10300236373464,37.1640191395287,34.6345873127119,1.04847012255499
2012,67,men,1.23006830676808,1.17074830818981,10.7408606957424,11.4171429326074,1.12587597732615
2012,67,women,1.19457915121352,1.13708260789013,41.297391144077,20.4839956792004,1.05652339753674
2012,68,men,1.28323782915544,1.15180470450285,10.5327573449013,11.4984038465503,1.08353764065488
2012,68,women,1.31713063513195,1.06015180011907,26.719364429575,17.7238780492388,1.0896757170168
2012,69,men,1.25255457815721,1.18253523475431,10.1115728154008,11.2071682474599,1.11188050236075
2012,69,women,1.28020188473047,1.12169544017263,26.8161259982957,17.7421741939601,1.07361069349917
2012,70,men,1.18701854812357,1.15148132666016,10.1841603166734,10.291762617169,1.08951073783283
2012,70,women,1.1944953724966,1.08079659582476,27.4832145075488,18.7414097750979,1.10601382226738
2012,71,men,1.20711088956257,1.13701372374819,9.98626118463312,10.7113878478923,1.12440917301088
2012,71,women,1.27345346668049,1.02001698141518,28.6285032783861,18.6139852252705,1.07397939422293
2012,72,men,1.2298678173984,1.14292446118422,8.99893368864763,9.85702216776012,1.13202242439405
2012,72,women,1.23395517742816,1.03585087157141,27.1603600527345,17.6333011840215,1.0746951325917
2012,73,men,1.24283285405011,1.12056493044891,8.08955972723755,9.35457585615696,1.13781669389422
2012,73,women,1.28976210523684,1.00597231628643,25.3534908904235,17.3800499256617,1.09022479811178
2012,74,men,1.27039115496363,1.19184281436303,8.96723711413326,9.48993142609386,1.11757814743066
2012,74,women,1.31693221676605,0.948781687890392,23.7027780245693,15.4042543283479,1.08663516752922
2012,75,men,1.25256546860992,1.14872800659593,8.03626320980541,8.66052274089867,1.11899475173437
2012,75,women,1.23942990511595,0.964073338983355,20.5746646913859,16.7080616831629,1.02542172783809
2012,76,men,1.22244732403575,1.14026857874959,7.26887038937847,9.02804669715966,1.15343384373065
2012,76,women,1.2619973134257,0.950911548635898,16.8603128383509,15.3960410473448,1.03886654768424
2012,77,men,1.30592971476456,1.1536216218615,7.88839724825095,8.59998223940667,1.17425889155831
2012,77,women,1.28101402024046,0.906883696723166,16.3551259230656,15.7583947705029,1.04914666929571
2012,78,men,1.34259750521524,1.15842737894524,7.59041621597054,9.10455500673771,1.15687340636394
2012,78,women,1.32511694435588,0.910588473912853,16.2336344342011,12.7379898984779,1.05569144511392
2012,79,men,1.38123509610067,1.23709262186556,7.61357527247638,9.96996239732272,1.17325331057313
2012,79,women,1.31786779548959,0.924136193906408,13.7332393751502,12.7375775048059,1.07828369656389
2012,80,men,1.31319711528092,1.01440293741134,7.14385335512586,8.84087712584293,1.20247710544646
2012,80,women,1.21253910554278,0.889967169166708,13.5613206716494,14.5331176328788,1.08465622958049
2012,81,men,1.2839181534149,1.02054665318612,6.8635460301955,9.30447607013621,1.1685947843011
2012,81,women,1.22974647866805,0.898752162705469,13.2489470753809,13.7872575610165,1.05033112442526
2012,82,men,1.32458120113196,1.0372410892513,6.14261779197187,9.37676537764606,1.16919098701109
2012,82,women,1.22098680149969,0.932171676286675,12.457706822576,12.9220423285689,1.08489756766986
2012,83,men,1.39379925016372,1.04679269668799,6.41407536414901,8.68706315678904,1.19593284561123
2012,83,women,1.27249533758649,0.951855392886648,12.1764337028768,12.5776678544558,1.09600764713649
2012,84,men,1.38745076805769,1.06640979206456,5.75021568286978,8.37513473815236,1.19823977511595
2012,84,women,1.15153806520342,0.966446486408808,9.85823781698168,12.7599255847995,1.065756761685
2012,85,men,1.32344600619804,1.08008916599465,5.63292473705327,8.50705369529364,1.18347987248678
2012,85,women,1.14777124050767,0.975647711854678,10.0101546343947,12.3449235933789,1.08506912081476
2012,86,men,1.29796105471342,1.10319371505576,5.21442536921942,8.68809782753263,1.19877176634778
2012,86,women,1.22391186924121,1.00144970230566,9.1729808419346,11.856028791098,1.07793724423652
2012,87,men,1.35374218224852,1.12069757975611,5.47245487404485,9.36770417508291,1.2271968583926
2012,87,women,1.1956609095736,1.01638644877525,8.26936191070257,11.0137860749446,1.0655683456108
2012,88,men,1.41365076914223,1.13402935177806,5.34175409525402,8.64684098182912,1.24738912985376
2012,88,women,1.20996899035769,1.01672164875821,8.75869052992528,10.6791371500049,1.08993344781062
2012,89,men,1.38847562535138,1.14229058486329,5.28808980555533,8.23916441084057,1.23621370537816
2012,89,women,1.24355751428189,1.0452278910294,7.60412471690695,11.8489064719035,1.06468856147022
2012,90,men,1.18669427383192,0.947044741446108,3.99497605082133,7.7977850345219,1.2064616864188
2012,90,women,1.0278250028603,0.869089810337189,6.91550077437814,9.90998015849219,1.05476839352207
2012,91,men,1.22987541353045,0.957631548818441,4.32462313335295,7.70233257053808,1.20432830137921
2012,91,women,1.07327714803582,0.91752109273525,6.98461226878637,10.2779754682738,1.06334309673824
2012,92,men,1.27434614195451,0.958876291918193,3.96123118707969,8.44611728240342,1.30213265954702
2012,92,women,1.09951121194974,0.885573951396806,6.47867043715081,9.08135292205964,1.08309997582881
2012,93,men,1.30406585798579,0.972129957325034,4.99345062048899,7.42465986356564,1.28750468712155
2012,93,women,1.14519911784501,0.894359142945835,5.59292304799251,10.0488635050242,1.08503933379976
2012,94,men,1.39580891264922,0.998169528449945,3.81162280035323,8.44640879254411,1.32654821880275
2012,94,women,1.22254609707837,0.892130703952594,5.62915528014403,9.31653970175269,1.07075445478027
2012,95,men,1.46156117313479,1.03364216818287,3.55051910990947,8.11269695187462,1.32763465469354
2012,95,women,1.26783500264857,0.921633370661388,5.22547230922481,10.0523203449709,1.09437208551514
2012,96,men,1.55856039002653,1.02039846098516,3.35308029969409,12.0169486141284,1.32349384270718
2012,96,women,1.38645667666925,0.920662690757314,5.26373425183289,11.2364213161864,1.10547113646516
2012,97,men,1.68193876402351,1.07949928969518,4.23388005380836,8.06049581082856,1.34131727606928
2012,97,women,1.4630315746177,0.913951228180584,4.43522272431255,11.7515595611807,1.15019452369652
2012,98,men,1.86808643074273,1.15117070269779,4.27074720625195,10.5846412077446,1.41418896743184
2012,98,women,1.5745884813763,0.959985542773117,5.84819126417631,13.3351858203607,1.13029672937561
2012,99,men,1.83217559605323,1.13640634768645,4.29757105906599,11.5833934882272,1.41754219876211
2012,99,women,1.64520160280993,0.995986203182956,5.63768203809006,14.6210306958969,1.13310731226935
2013,30,men,1.52640292273503,1.174615571952,136.569561212943,80.0435335516469,1.27828750446001
2013,30,women,1.61804294451652,1.10578576256629,442.603521462764,142.62718349143,1.39077394622266
2013,31,men,1.60019726246868,1.2274023719335,144.664185016818,67.8275708571994,1.34796632577825
2013,31,women,1.46753250005699,1.4587471654652,393.564869996293,150.696522656884,1.45202952428002
2013,32,men,1.48573304073037,1.38483339030914,135.174323241684,65.0470796622472,1.40962306947073
2013,32,women,1.2895670013143,1.03210163214168,241.04432371276,218.802928659243,1.53806494971336
2013,33,men,1.54040690211436,1.57129772828507,118.972164722936,59.1754928728029,1.47119778963595
2013,33,women,1.48852919049244,1.11154680613842,206.191854495175,116.366392792519,1.62850148575491
2013,34,men,1.47636612385241,1.77149279190479,115.968469140575,75.0159792639443,1.06721243382545
2013,34,women,1.57213012578929,1.15707212532202,160.402503656159,192.510497345965,1.71883740127571
2013,35,men,1.53444645520397,1.62777260743141,112.179587200263,64.5816779529261,1.13094284650218
2013,35,women,1.43528791380623,1.20714025289717,141.946509164108,107.531315250117,0.982658508854746
2013,36,men,1.547247183608,1.68411429349246,90.7248664210002,70.6772491257064,1.16998694384345
2013,36,women,1.8226171317809,1.31955509812498,205.471717664067,113.580007686399,1.9045530696501
2013,37,men,1.28418958505587,1.63647541403365,89.9205821347126,69.767601566631,1.22115223207855
2013,37,women,1.48521202451121,1.3994645229225,153.159743363241,104.926248152874,1.08099620213852
2013,38,men,1.41104777599874,1.65539647286113,119.392388001201,68.8628263581885,1.12247528275212
2013,38,women,1.64133846793392,1.51716770151242,172.762038187979,104.816017513953,1.15169523028571
2013,39,men,1.43230767645744,1.58158955230903,89.764221863332,67.106911192894,1.34537066341234
2013,39,women,1.62741736130069,1.6694082302284,129.70812744224,114.278895612833,1.21787217886799
2013,40,men,1.38117141827328,1.58044747415177,89.8713743709856,78.4914272307301,1.11717144434087
2013,40,women,1.35534173939665,1.62364108465822,115.01806605515,131.895050949847,1.30235186711756
2013,41,men,1.38727471637955,1.50135299399881,85.6023995892688,63.9741276807934,1.20564821983361
2013,41,women,1.46152757969739,1.8033235550096,129.852525750585,103.330074779698,1.3876664585658
2013,42,men,1.41336285811541,1.59762706730136,96.1774484780158,35.0796727933286,1.26444940106672
2013,42,women,1.32444102714912,1.69251463034612,172.114481513864,125.302327530462,1.50575497642475
2013,43,men,1.41092083270922,1.55813136812512,88.2282065832763,34.5130079350159,1.3384492795044
2013,43,women,1.84731377208123,1.51974447145193,214.483141571108,103.517658318511,1.09848705915338
2013,44,men,1.37310274981379,1.52927392118919,47.0622320872521,33.8302932325895,1.37694007687497
2013,44,women,1.39580923842781,1.49958092191955,135.71890269826,91.123349953871,1.1505863795161
2013,45,men,1.4354148007129,1.46814032428414,47.2624247440939,33.6194413986357,1.22882178836251
2013,45,women,1.47312472345954,1.58745518189035,189.680488654877,89.0416449103083,1.23112735266113
2013,46,men,1.55959165870396,1.51766216077996,46.7795216841299,34.4756741528003,1.30043983422231
2013,46,women,1.51630530265874,1.60218819482445,147.713462289574,76.0506610756655,1.35363359058324
2013,47,men,1.50097929804959,1.43349316223416,37.3304538904727,27.3141962619816,1.17968288062981
2013,47,women,1.4069538528973,1.61368082925833,158.561552700565,89.4322992633661,1.19129122731944
2013,48,men,1.50790856741506,1.51876548717858,47.6378927358626,33.4491291209022,1.15146069517446
2013,48,women,1.42790621872123,1.67383135584705,122.508922659515,69.8390962496672,1.22165308838569
2013,49,men,1.63208504264329,1.45747533726347,44.6956269490261,31.5428857506746,1.1812888933436
2013,49,women,1.5773337927848,1.46872699071764,122.035022859293,54.0242737082986,1.21095310800584
2013,50,men,1.50184253355122,1.53214753394202,43.787264154147,32.5432676180418,1.23864312048875
2013,50,women,1.57096641528524,1.38773447098343,132.686194926481,57.3914580835926,1.31222791037191
2013,51,men,1.46420527257419,1.4698914681912,41.5765080709288,30.1905929190311,1.19851164949698
2013,51,women,1.6996915392331,1.37678019701973,118.243963164235,57.5145119685682,1.12245293115917
2013,52,men,1.47766069228569,1.42928041514382,40.4699231859456,29.267077695097,1.06642352476813
2013,52,women,1.62497415767756,1.33355108911313,98.8751512381035,52.406264809205,1.15738367681131
2013,53,men,1.34552850912821,1.39919279101565,22.2952763154128,31.661733231264,1.12727891506585
2013,53,women,1.38699414719632,1.40264406472329,101.038222329723,27.6816363946328,1.08322039030077
2013,54,men,1.30275095649801,1.35259502298051,39.4659460673865,17.0790944385131,1.1253717095268
2013,54,women,1.38390396607791,1.35986597305466,92.6559579658747,28.3798008487967,1.15003553329787
2013,55,men,1.27489736255498,1.23551983085121,21.9328990027459,16.7524849946181,1.20757090761067
2013,55,women,1.27591122499579,1.24958774243524,88.9990036207596,29.1985938143338,1.04979569862496
2013,56,men,1.21709477011957,1.26222853993364,20.4189349920529,16.4617381187263,1.1115342895655
2013,56,women,1.25780422034621,1.215194900763,77.5696832243708,28.4959440432442,1.19860437396541
2013,57,men,1.19363424111582,1.25031538312593,21.301909349378,17.5652520514815,1.11567457269059
2013,57,women,1.22892465089647,1.28928879701221,67.5375630803607,29.5011843629936,1.05665950773203
2013,58,men,1.11469911273674,1.2419062197615,20.6064813125524,17.917362607608,1.11516130642522
2013,58,women,1.1800901206561,1.17596526253782,66.8025727648583,30.7386056670785,1.06451919326044
2013,59,men,1.19695657940264,1.24249672703237,15.4727716745594,18.334281385865,1.11557009757698
2013,59,women,1.25913526472811,1.1989808842936,67.0758760439979,31.9743372425531,1.12809027034387
2013,60,men,1.15070319091907,1.16895081795851,13.9756143058351,13.8837813263699,1.13347862212947
2013,60,women,1.30479621456157,1.12151219034493,36.0017158094251,34.4512732009522,1.03233966589809
2013,61,men,1.13608037595307,1.21684916651686,12.8796446667673,15.0680979866856,1.14286344665419
2013,61,women,1.24067122937856,1.12846118568812,38.7490237511407,37.114571545104,1.06732718452665
2013,62,men,1.1791490051827,1.20693419641642,13.8985848264759,13.0169951987066,1.12348820255417
2013,62,women,1.22476086266499,1.12824350126986,40.2654389149095,40.1138009965067,1.06958039817973
2013,63,men,1.21452378710699,1.24862477468355,14.803007161356,13.9744632151303,1.13977006949125
2013,63,women,1.27501740707694,1.13362419329474,46.3683285483881,23.3367827063524,1.0897670774868
2013,64,men,1.21192948570728,1.16697307495121,13.3384085145351,13.1276491412713,1.13105377461681
2013,64,women,1.27048503197081,1.11965509105589,52.8281298159436,26.0858648739413,1.12750529761554
2013,65,men,1.2567689557378,1.17276451395132,13.0973218874242,12.9672462692561,1.1197398285369
2013,65,women,1.314441870157,1.11626963602524,56.7233746471022,27.3903453855988,1.07625663583306
2013,66,men,1.2441622896678,1.16930692158744,10.7401236298649,12.6000194299995,1.14785426361729
2013,66,women,1.251330284106,1.10242777892271,29.3937896485833,26.9748052987008,1.0447283198808
2013,67,men,1.24789361635237,1.17078581967875,10.0827846709009,10.7148815116162,1.1515572321623
2013,67,women,1.21442518072727,1.13765960929444,36.3118300189757,34.4074119587369,1.10653252348623
2013,68,men,1.30381960307488,1.1524954866274,10.4620506291506,11.2910983091731,1.11012249096032
2013,68,women,1.33925648862315,1.05893439825804,39.8851326235832,19.6135935994634,1.08477819578711
2013,69,men,1.27367518399708,1.18261734213937,9.96737855868014,11.3593987882681,1.13271516800663
2013,69,women,1.30419652665668,1.12033686351742,25.7046418375685,24.3248684761356,1.06657203970942
2013,70,men,1.20561582004137,1.14971252157216,9.55759408147079,11.0320403818724,1.07800460134316
2013,70,women,1.21490485122093,1.0760663614511,25.3492721225537,16.7669982576237,1.10240067956013
2013,71,men,1.22705459336433,1.13578945446316,9.49712814779727,10.3540137688639,1.11723803793495
2013,71,women,1.29551078582659,1.01488852172817,26.0115004526895,18.0402534516858,1.07514775044892
2013,72,men,1.24943718460663,1.14131417147179,8.2268562108128,10.2002362650094,1.11503317319789
2013,72,women,1.25574533352542,1.02922844587725,26.7603573794725,18.2404429750981,1.08821363404532
2013,73,men,1.26278878749798,1.11923149104373,7.99085412833737,8.90342564917302,1.14467590692623
2013,73,women,1.31331743579192,0.998638275722152,25.8679303759228,17.6380555755694,1.04456709647915
2013,74,men,1.2903804678613,1.18886794065773,7.85844050943396,10.0272687201809,1.1552985398133
2013,74,women,1.34063748919334,0.939499005042584,23.2862152398561,13.7958898468147,1.06478958090694
2013,75,men,1.27047367330314,1.14380628825369,7.87441137266354,9.8047766781637,1.15605673298058
2013,75,women,1.26159801206658,0.953618703468612,18.4731743127518,19.953386622782,1.05978710276584
2013,76,men,1.23930871560561,1.13621553328823,7.8698212096027,9.45751301135058,1.16782429505155
2013,76,women,1.28429624698503,0.939863687904037,15.5915222776105,14.8979299205642,1.09187018200793
2013,77,men,1.32384703116496,1.15013955530196,7.75888729801738,9.09981433345469,1.13400816120173
2013,77,women,1.30326858701909,0.895372683178276,15.5181512692084,15.556722791858,1.04129505830402
2013,78,men,1.36088114648674,1.15389317137136,7.56208272268865,9.28542317815895,1.16054947123888
2013,78,women,1.34719753835604,0.89963456791713,15.146769822157,14.1378818385327,1.05448481975226
2013,79,men,1.39969965448549,1.23320159370275,7.28614897892491,9.78706268087748,1.20633139990204
2013,79,women,1.34032696476872,0.913956626356565,15.0753382213725,14.8203628586209,1.07738511504492
2013,80,men,1.32732749885644,1.00274944465613,7.15779945811785,9.31306178300513,1.19516100161878
2013,80,women,1.22631278488219,0.875490711274225,12.4571336589655,14.1021705936528,1.08034711017833
2013,81,men,1.29760777639696,1.01009910133459,6.61272563553983,8.8527865927501,1.20665873850116
2013,81,women,1.24287899328392,0.8855344676691,12.4298605154705,13.9740590205092,1.0778805071036
2013,82,men,1.33813568564125,1.02792952964306,6.25124199540334,9.25420324279932,1.1642328887146
2013,82,women,1.23162359901454,0.920400850560478,11.7473730089442,13.5226498355461,1.09814180396802
2013,83,men,1.40761203739578,1.03810644190118,6.46609408679469,9.27895113751729,1.17089725681719
2013,83,women,1.28232769115442,0.941191120020507,11.2441071830067,12.1725553598164,1.07918380106831
2013,84,men,1.40070453273367,1.05844095376122,6.18098748242735,8.43906595606462,1.21441051343545
2013,84,women,1.15980675760654,0.95789159645312,9.18461353971377,12.8407617698963,1.08337985303628
2013,85,men,1.33156369771698,1.07323841702255,5.4267007161436,8.68752333098662,1.18251526225646
2013,85,women,1.1524666619267,0.968256706585247,8.87450009904021,12.0705776682493,1.08034182210409
2013,86,men,1.30738399705806,1.09686965615612,5.26167022223877,9.34821859342492,1.21320340900171
2013,86,women,1.2274853250477,0.994722209998601,8.42876142637041,12.2078540017702,1.08231615583996
2013,87,men,1.36228990072536,1.11545722408055,4.70883169677199,8.70931790039353,1.25266287291938
2013,87,women,1.19946878310294,1.0106060941604,9.05639967924518,10.9995375524454,1.04168557438844
2013,88,men,1.42272911849144,1.13003191127575,4.74543033446546,9.11411637078733,1.24022379313171
2013,88,women,1.21282138553979,1.01284363048389,8.13980896119886,11.1361560328707,1.0897539544002
2013,89,men,1.39796352553879,1.13901078425536,4.81051878371352,8.91253695228771,1.24799137515826
2013,89,women,1.24670649277189,1.0415946474283,7.48394839209686,11.6414270719295,1.08693722002452
2013,90,men,1.18315878668414,0.933113621062668,3.95272603316716,7.3711339482261,1.17973063860215
2013,90,women,1.02103398562283,0.857681837402796,6.72869149149865,9.91489995017631,1.05813129191098
2013,91,men,1.22671478526915,0.944778635964067,4.34367918143821,7.5538034627001,1.22268302015997
2013,91,women,1.06715850348586,0.905363868730492,6.53376127895024,9.59172563293322,1.05051409546495
2013,92,men,1.27258172727024,0.945621076055548,3.74409501006235,7.68062917082689,1.26711824286345
2013,92,women,1.09507944234788,0.875074243069264,5.99082456250453,9.11604365144134,1.07373248194951
2013,93,men,1.30353865177086,0.959080475487392,5.54833140959066,7.76987988586965,1.29717037574381
2013,93,women,1.142015001141,0.884275900724431,6.15446641502842,9.63381783789091,1.09226262488286
2013,94,men,1.39534850065239,0.985057891075151,4.15433273316361,8.01697779381236,1.30513780214692
2013,94,women,1.22262347465029,0.882774878753289,5.92860966647741,9.68339446698975,1.10663398667545
2013,95,men,1.45993575501484,1.01737024609938,3.42653384681939,8.9211076081695,1.31998287431449
2013,95,women,1.27014901242007,0.912263522484011,5.54176556143941,9.74921367159865,1.1103296870357
2013,96,men,1.55540584254157,1.00641428068017,4.10644751893401,9.67595751009823,1.33068415392832
2013,96,women,1.39165632967913,0.911217461062344,5.06051538080829,10.0946390265665,1.11250515714212
2013,97,men,1.68120537848893,1.06233915105659,4.95622361522685,9.79298967809393,1.39639607871774
2013,97,women,1.47300763840629,0.905958525947909,5.61340375698791,10.2266164747518,1.13087576732924
2013,98,men,1.86636683966142,1.13031020515538,3.48941114384712,26.1893042259606,1.4776704516526
2013,98,women,1.58777772543397,0.950092236283412,5.48804350708344,11.9619948027324,1.13248711108335
2013,99,men,1.8368813400065,1.11804746066806,3.52033896862236,28.4902737666347,1.48150637360292
2013,99,women,1.66178227665158,0.983536757067254,5.38717395498898,12.0718759083903,1.13514591321438
2014,30,men,1.53381088176707,1.18443307018465,114.114413055607,62.563770059358,1.41033518294236
2014,30,women,1.62629926965127,1.12009549293426,312.65709786523,231.271570314435,1.37183303763197
2014,31,men,1.6007983679871,1.22763346039102,136.633209386001,60.021202329112,1.44170270366111
2014,31,women,1.48149719276562,1.47279727360931,257.867351867873,303.273882978467,1.42999166727519
2014,32,men,1.49048882869349,1.37344653814987,99.7685231894467,79.2453358332402,1.43792531999541
2014,32,women,1.30619157244273,1.02967370370622,296.288021226476,178.965061086039,1.5306232565203
2014,33,men,1.54031548899077,1.55914350214774,149.583988124645,79.5277928878577,1.45130199371932
2014,33,women,1.5319553578414,1.11556719452277,241.024018319585,179.927840297909,1.63230616454531
2014,34,men,1.48322012325961,1.75864885817754,116.018848748184,68.7562228394825,1.49230984244595
2014,34,women,1.61204695136056,1.15740422949517,156.631712388508,119.062182806448,0.914462162311772
2014,35,men,1.54499505767478,1.63696952200092,136.408797743233,75.2793883897903,1.54259221990439
2014,35,women,1.47430869083911,1.20282696182218,112.573462462502,137.020435399222,1.7996459237308
2014,36,men,1.56779512542653,1.70011829362378,113.872748563117,77.1507005552796,1.58245308803102
2014,36,women,1.85849648386038,1.31278511411464,184.222607218694,140.908062654952,1.03210809666128
2014,37,men,1.31017029684236,1.66275082584298,93.5043774918436,70.3453480232547,1.16572060548318
2014,37,women,1.52072101634036,1.39163490291945,137.611255406087,150.086789833762,1.10810323534551
2014,38,men,1.44424314714287,1.68157602198803,106.817872130373,70.1292097968515,1.20498912686206
2014,38,women,1.67829028214128,1.50960219148541,183.123434200779,126.751439987949,1.14180748884844
2014,39,men,1.44969431349855,1.59136420282914,125.942067788762,58.1203562764091,1.27077124431254
2014,39,women,1.66144398615797,1.66103996869029,110.67545524298,146.415390048121,1.20952329438509
2014,40,men,1.40073174672716,1.58946417993901,82.2921269845733,71.4299467789409,1.35694132292597
2014,40,women,1.38742997137737,1.62718482626237,126.673107161461,108.282087577409,1.30364581493353
2014,41,men,1.40745859143418,1.51296742741247,95.2575925549503,64.563814588531,1.14055916139724
2014,41,women,1.49369308968977,1.8074344699106,140.911669333416,123.264391215864,0.95572098730856
2014,42,men,1.43631161957386,1.61397187423813,48.1350999334817,36.3260768073559,1.20651010147362
2014,42,women,1.35381715107317,1.71268676990522,130.283524680673,100.729322649344,1.03568689987025
2014,43,men,1.43824838176693,1.57619670667835,51.5204983458417,36.7740094910321,1.30382153150229
2014,43,women,1.87697208849529,1.54371791239476,141.095712295361,111.627833319496,1.10589088353227
2014,44,men,1.39852449262865,1.54139589663204,49.2231468422234,36.3678386241514,1.19155646629865
2014,44,women,1.42324408164799,1.52122071955543,127.912141023145,95.0463798544152,1.17092927299222
2014,45,men,1.45885019946368,1.48137267171743,48.1418919319397,35.4616365302978,1.22127371123596
2014,45,women,1.50156645407439,1.59229299200058,157.255991996955,87.5848225665693,1.23662103653442
2014,46,men,1.58438672079377,1.53182736192083,46.6178183045622,34.4568751037085,1.10174894720017
2014,46,women,1.54320233705253,1.60631983165692,176.675553962055,82.7952087554874,1.34079048438819
2014,47,men,1.52596912286025,1.44396998996178,45.1672890954076,34.9080143259914,1.17850458585326
2014,47,women,1.40875504633902,1.62524732393603,147.262456340931,90.6049599494239,1.13342542244902
2014,48,men,1.53555078204767,1.5305819579124,34.8250850376277,26.8609276922335,1.22963478104886
2014,48,women,1.42556063929212,1.6846141642888,129.413925756951,66.55139506477,1.26590495650144
2014,49,men,1.66097553317823,1.4704553107746,45.204485401291,32.6926834282951,1.19013094064827
2014,49,women,1.57557809195908,1.48710903051751,137.02902340793,70.3271002184042,1.2597487882562
2014,50,men,1.52806003855503,1.54578723494062,42.3170271887045,31.6026592840217,1.18285232811548
2014,50,women,1.58001384456752,1.40196557279143,121.136967153129,57.29449728911,1.24271262258696
2014,51,men,1.48776304585711,1.47991424862509,43.2054319504252,31.0866210412008,1.28842360623869
2014,51,women,1.71331130266916,1.39121705785469,115.543727356082,62.3651587537744,1.10846950553937
2014,52,men,1.49844946213199,1.44018728547863,42.5920970609268,30.2477084554927,1.11972755762933
2014,52,women,1.6483850434834,1.33904611163829,113.03668835804,57.6630220200734,1.1395350802644
2014,53,men,1.36437782238201,1.40916954921612,41.1086158760195,29.8954781073102,1.18275903416939
2014,53,women,1.41362185602347,1.41200281179323,92.6653429113943,30.0433874901066,1.18921986281911
2014,54,men,1.31919027743911,1.36352115551822,21.9167940875206,16.4925920542966,1.16979510317858
2014,54,women,1.40873549962559,1.36830284334027,94.9720627719359,54.6089886218596,1.09444666223104
2014,55,men,1.28568717851663,1.24020935398776,38.2747875961306,16.533678809322,1.11929989299727
2014,55,women,1.28512661299527,1.25664837532001,92.3119161564502,28.1497006605362,1.20155679796452
2014,56,men,1.22573702317505,1.26696766229609,19.7901001120138,16.1633980648448,1.11594756035139
2014,56,women,1.27014115797023,1.22043491439449,76.290863920708,55.1676259685605,1.12069032379355
2014,57,men,1.20181033241238,1.25412175003496,19.0916539838917,15.4721063259379,1.16372158048907
2014,57,women,1.2411088416858,1.29753771287365,83.1155438999085,25.5611369863016,1.14766055310309
2014,58,men,1.12230615195107,1.24596188689646,19.5918583058661,17.0186959842975,1.1112827480248
2014,58,women,1.1876991255632,1.18086192682544,75.3152412309011,25.7695145423705,1.14486495032949
2014,59,men,1.20539922796515,1.2468521704856,14.1651198941299,17.6505299955033,1.13396554880419
2014,59,women,1.26995503893371,1.20139993965321,35.279922086913,27.876268045223,1.13779044425112
2014,60,men,1.15922265044806,1.17208800268871,15.0648406793218,14.7687356811641,1.16961753866246
2014,60,women,1.3191890263915,1.12519385913273,65.7917631563447,29.3165462667006,1.11359574029471
2014,61,men,1.14637534234623,1.21956955884941,15.5901617794995,13.5847995035032,1.15170484593023
2014,61,women,1.25606795734465,1.12994433655759,35.3860492443402,32.8929990583328,1.07704013525108
2014,62,men,1.19113297494047,1.20972444188289,13.375953398147,14.8401151957229,1.15805629606964
2014,62,women,1.24065892504652,1.12980006898357,39.4094801023823,37.1195852810459,1.0644624070221
2014,63,men,1.22862523176927,1.25136390357824,12.045961371512,16.184201430778,1.15336921472336
2014,63,women,1.29341265751883,1.13474895986117,41.6280344160425,41.7893313987295,1.07291301355676
2014,64,men,1.22771225950922,1.16967195421071,12.5911796271914,14.0886818352446,1.13555296179705
2014,64,women,1.29136405210361,1.12151491369414,45.3068014693326,23.5959815870212,1.13528367636041
2014,65,men,1.27231770811647,1.17258202159169,13.1655258267076,12.9589798735465,1.13791090348031
2014,65,women,1.33101618848362,1.11545677122073,28.3727257203267,26.5993654475748,1.11048754350101
2014,66,men,1.26084593444784,1.16963703242417,12.9421226534776,13.1949998673205,1.13141278602438
2014,66,women,1.27047049960149,1.10185377857149,54.1789758468146,27.3193896872896,1.05785108765079
2014,67,men,1.26596819222736,1.1708233137387,12.005528151995,12.9728992762553,1.11517464140133
2014,67,women,1.23459081743441,1.13823661670789,28.2371858014081,26.3680388639982,1.08358410491177
2014,68,men,1.32472101817749,1.153186339657,12.741471621514,10.7811563001216,1.12342395061632
2014,68,women,1.36174275721599,1.05771899795219,35.8299757063348,17.9400320754189,1.10055468032729
2014,69,men,1.29514117025184,1.18269941444276,10.2583559914601,11.0979072489475,1.14879608976731
2014,69,women,1.32862864349573,1.11898060585357,39.3196315498061,18.9083525500668,1.08787066061281
2014,70,men,1.2244950053035,1.14794731001792,10.1360110837871,11.2314889745692,1.08685299729496
2014,70,women,1.23565265490461,1.07135916336333,25.3281429766332,23.4045031473352,1.0834912216623
2014,71,men,1.24731765270499,1.13456711044785,9.98858364634672,9.61346644017728,1.10056292262579
2014,71,women,1.31793891650529,1.00978837485591,24.5434749131024,16.7211740571308,1.06276650197355
2014,72,men,1.26930798314963,1.1397069485869,8.44977757587295,10.1531899199119,1.13446161016095
2014,72,women,1.27790916766908,1.02265161634901,25.6475855579633,17.9616275490905,1.06607429094905
2014,73,men,1.28305499903112,1.11790029946031,8.0983129305201,9.33308088131756,1.15179265175106
2014,73,women,1.33729094432393,0.991361306648631,25.5545871773848,18.8420867608538,1.0883729117089
2014,74,men,1.31067414526819,1.18590196425851,9.03096062393518,10.2617224062468,1.13171448814592
2014,74,women,1.36475737312771,0.930311684757473,17.8338886227847,14.4290472742074,1.05848796046843
2014,75,men,1.28862883016735,1.13890808565271,8.10501406488632,9.76608151834013,1.12946338270136
2014,75,women,1.28415130552965,0.94328254848172,23.1152671832131,18.0691125790887,1.05638114894619
2014,76,men,1.25639413084211,1.1321788964511,7.41529273791441,9.65742247490555,1.16186519793647
2014,76,women,1.30697782348471,0.928949574733048,18.5162689376557,16.6865272597752,1.06435897132259
2014,77,men,1.34200109035596,1.14666972047363,7.5305409638655,9.56024248603489,1.16614938215939
2014,77,women,1.32589843211948,0.884013386548165,15.3166810977827,15.1215302217513,1.04407085798526
2014,78,men,1.37940450986149,1.14937894986258,7.67964755187155,9.26697578204437,1.1564476485965
2014,78,women,1.36963482279424,0.888817774062624,15.1930857600801,16.1913380878968,1.044880521054
2014,79,men,1.41840169508267,1.22932472735382,8.34306093619003,10.1438717732703,1.17039319794061
2014,79,women,1.36315744388178,0.903894161370678,14.7332175294704,15.0643977806426,1.08026141492563
2014,80,men,1.34160279813268,0.991235515808992,6.88010491368679,9.47186578729747,1.19528797697473
2014,80,women,1.24023596703233,0.861256746483089,14.6900330748558,13.6187522308566,1.0943405434968
2014,81,men,1.31143645544172,0.99976361254952,6.46868015870988,9.68720650890229,1.18490994414377
2014,81,women,1.25614512363928,0.872517581774134,11.9122637319438,14.2090187500671,1.05975143121772
2014,82,men,1.35182203830168,1.01870612454218,6.3514451977498,9.74994705809877,1.18863555993667
2014,82,women,1.24234770858632,0.908784394317381,11.5804827210863,13.6238322503513,1.07492976868183
2014,83,men,1.42155474942243,1.02949652581903,6.34284268225096,9.32350275430621,1.18330115261006
2014,83,women,1.29223107773411,0.930651533753316,10.96532344317,13.3241029982071,1.07763515784929
2014,84,men,1.41407822839132,1.05053557670759,5.89691266003118,8.91544043044235,1.18488376633236
2014,84,women,1.16813067296051,0.949416626020163,10.167218471241,12.1917471740487,1.06102855313065
2014,85,men,1.33972711238411,1.06643449081191,5.28020826780458,8.89325620877576,1.20448357367096
2014,85,women,1.15717894557137,0.960925320861765,8.47141886525317,11.8960768978116,1.0769945986568
2014,86,men,1.31687061719528,1.09058496379008,5.12064776993302,8.50734406775949,1.21569482698511
2014,86,women,1.23106743174933,0.98804321890811,9.21078159119807,11.9404545803539,1.07092016915366
2014,87,men,1.37088730523729,1.11024395656329,5.00792474061949,8.94381663013643,1.21318319776686
2014,87,women,1.20328688352274,1.00486145970451,8.5380620359531,11.6160700035834,1.05028550795324
2014,88,men,1.43186121602835,1.12605053653759,4.80002535182182,8.69345769111166,1.270541916907
2014,88,women,1.21567908334542,1.00898231889443,7.93371691717939,10.7919093802749,1.08755108159135
2014,89,men,1.4075114990896,1.13574202266672,4.96143817629223,8.62766254699011,1.24729802423611
2014,89,women,1.24986187533641,1.03797582813355,7.58529658186293,10.6423879676789,1.06726496167989
2014,90,men,1.17963558077149,0.919394195535238,3.9740312924077,7.76664598523619,1.20005229796328
2014,90,women,1.01429117717961,0.846429163992059,6.54423555511161,9.93396538004652,1.06416245100452
2014,91,men,1.22356384310505,0.932104484560915,4.24360860053823,7.54242248097128,1.19587248467277
2014,91,women,1.06107775357182,0.89337364709277,6.60236356887348,9.78642885219545,1.05669936920287
2014,92,men,1.27082063000559,0.932555543397344,4.47888724653028,7.85921502833271,1.26461057036489
2014,92,women,1.09066772349247,0.864704145532257,6.00837160377241,9.46844845261747,1.08375681828772
2014,93,men,1.30301192037119,0.94621251555815,4.66107500495399,7.05986222395291,1.29832227081478
2014,93,women,1.13884131236308,0.874311263006531,6.21161164046322,8.95907642744678,1.09227019979912
2014,94,men,1.39488846907335,0.97212486795159,4.68931769032654,7.14986517978772,1.30977228958829
2014,94,women,1.22270081868654,0.873521742260931,5.8107326078643,9.24208069822219,1.08809352775392
2014,95,men,1.45831295045417,1.00136237304511,3.21582538496583,7.15481054424912,1.32251455262352
2014,95,women,1.2724660932497,0.902993516223732,5.25506629725811,9.49823249062805,1.13544649461516
2014,96,men,1.55225924184872,0.992628551247886,2.55148899130188,10.7105060985234,1.32514785859571
2014,96,women,1.39687288610739,0.901873750469551,5.26525872285366,9.14080041893723,1.11954594798954
2014,97,men,1.68047267673278,1.04546011670528,3.33360230111142,7.46272375472078,1.36331561506637
2014,97,women,1.48304672126431,0.898039639229098,3.90447531015975,10.2556971550406,1.13169119911022
2014,98,men,1.86464968433192,1.10983780299465,3.74608109293159,21.3030120981256,1.45257382757176
2014,98,women,1.60107081386353,0.940305724791121,5.03496006962435,10.3155282946407,1.14111460860799
2014,99,men,1.84159682404764,1.0999940631647,3.57450329767417,20.2321421016951,1.4560890458353
2014,99,women,1.67852169437388,0.971248991662981,4.86215361374689,10.9959941291615,1.14370286839451
2015,30,men,1.54125108909102,1.19432768896125,142.862110666824,90.9339473764194,1.29258782907382
2015,30,women,1.63459359416809,1.13458316075316,238.081173627563,141.885430229932,1.31704630306469
2015,31,men,1.60139940075001,1.22786447761165,98.0982149062372,70.4109536440966,1.31240856168621
2015,31,women,1.49558773896489,1.48697563169899,375.995182492327,180.594004677736,1.36985746245153
2015,32,men,1.49525746767483,1.36215889774161,166.085107420951,84.3319606420655,1.35623750418677
2015,32,women,1.32302204828727,1.02725268773566,177.916017657768,129.4849809653,1.42635555244586
2015,33,men,1.5402241266655,1.54708925429203,90.8939777683872,59.1634236942339,1.38428211264185
2015,33,women,1.57662592879847,1.11960011781579,464.149152611451,135.714082464929,1.51887771147252
2015,34,men,1.490102516172,1.74590435392645,106.80855049707,81.382850673424,0.99555969996779
2015,34,women,1.65295670283434,1.1577362640614,362.344976913558,130.608931523491,1.57798285352446
2015,35,men,1.55561088645171,1.64621379504192,117.30538726077,89.0452825108627,1.4670785938538
2015,35,women,1.51437015051388,1.19853121243327,119.656424953469,112.889348362669,1.67543642669652
2015,36,men,1.5886055467681,1.7162663205914,121.256453432734,77.472398393278,1.50941187991889
2015,36,women,1.89506380463715,1.30605319833984,159.125692085581,131.826197585184,1.77498885427521
2015,37,men,1.33666334000039,1.6894347599343,103.640741468158,83.767106810473,1.118187361726
2015,37,women,1.5570607080493,1.38385294155305,123.678874144607,160.518236513296,0.993213453146655
2015,38,men,1.4782023878759,1.70815628718287,92.8674973283343,67.5214970280448,1.16571820825086
2015,38,women,1.71605503533943,1.5020781351109,171.351965311136,168.76350743801,1.07514981183441
2015,39,men,1.46728321686243,1.60119436614597,84.9810432843164,65.0322082732304,1.24087653538541
2015,39,women,1.69616462891686,1.65271777765151,140.308024516938,145.226725854897,1.15526042901251
2015,40,men,1.42055917443767,1.59852781322729,99.2022708505147,62.5316422893746,1.31114868968685
2015,40,women,1.42026140730226,1.63073453752061,133.419777059602,97.0394951513324,1.23380409674087
2015,41,men,1.4279258891016,1.52466587740209,84.8791613248067,62.5514497764398,1.445444846301
2015,41,women,1.52655000629468,1.81155270854351,193.966559278191,128.100896166559,1.34735133628934
2015,42,men,1.45962132969533,1.63047566126676,82.0223322368479,70.9087795176065,1.19718490060973
2015,42,women,1.3838297681209,1.73308913703204,143.150458135438,116.884947493266,1.02477674593167
2015,43,men,1.46609126579318,1.59446237499254,95.7464248814949,38.4797576684706,1.2730881858488
2015,43,women,1.90709148609287,1.56805734307139,180.9076645088,94.6274174567512,1.1013040742411
2015,44,men,1.42440392457192,1.55360786936329,46.2433578645705,38.1827786200916,1.24595226876839
2015,44,women,1.45120413901096,1.54316181642039,164.381872028357,85.8916754064279,1.18146285580197
2015,45,men,1.48265629862976,1.49471762476817,87.1463643042911,36.6902592658681,1.18419027487622
2015,45,women,1.53054278227222,1.59714313298252,173.010477035189,90.4438200352826,1.24382077555813
2015,46,men,1.60956338269075,1.54611764465853,45.7900778726817,36.0126800284514,1.25552070213604
2015,46,women,1.57056277711517,1.61046006404678,141.819686529363,72.4709302512439,1.33508840855159
2015,47,men,1.55136228774301,1.45451813082286,46.017662656298,35.3147459028598,1.15266632750117
2015,47,women,1.41055764985116,1.63689092115846,164.200851304907,86.6439021954678,1.09019633881254
2015,48,men,1.56368561933189,1.54248443021459,46.112798933123,35.1624494094313,1.22454945366569
2015,48,women,1.42322007435792,1.69546103111231,139.140033836767,73.3046158336361,1.18352765274643
2015,49,men,1.69036270766552,1.48354435173909,36.2016875558601,28.2268933244221,1.25592976290492
2015,49,women,1.57382521544856,1.50571183646231,136.451235473891,64.717122738856,1.30489159782759
2015,50,men,1.55472186330474,1.55954149987959,44.5549590352824,33.5700873001947,1.22727669201089
2015,50,women,1.58910884934609,1.41633544013733,142.447542514952,76.0036134388651,1.29813462161069
2015,51,men,1.51168786568021,1.49000034533075,40.0837234869149,31.5271376231477,1.1492272402933
2015,51,women,1.72703336009281,1.40579802358403,125.717416844968,61.5423648889451,1.10567110100626
2015,52,men,1.51952016502824,1.45117191013049,39.6866231219989,31.0634932398659,1.21894049859506
2015,52,women,1.67212133515004,1.3445610323122,147.91762314525,51.6258202411246,1.16808716471561
2015,53,men,1.3834816389101,1.41921243984643,37.7747564733693,29.9772210004848,1.14852479430747
2015,53,women,1.44074716713349,1.42141931021539,95.7167525200257,58.0242854938927,1.20971367144562
2015,54,men,1.33582872962458,1.37453005873417,36.9906997231754,29.5113461530304,1.21996300093452
2015,54,women,1.43399992855301,1.37678783049887,97.8327967739818,51.8623388564383,1.23382966050047
2015,55,men,1.2965628875461,1.2449143354709,36.0511739623981,16.1420020386163,1.14717457755931
2015,55,women,1.29440393583538,1.26374536874744,86.5494493093903,49.7115271991548,1.11777724390743
2015,56,men,1.23443630669534,1.2717222122503,19.931805674404,16.3206659323032,1.14993119075507
2015,56,women,1.28259288579063,1.22569490538028,89.4981790342904,26.4046563237562,1.22050364582522
2015,57,men,1.21003832747907,1.25793780664603,18.2828405152141,16.0863778048906,1.17109266343924
2015,57,women,1.25340769443,1.30583527147597,74.4332420482606,26.2586448159997,1.14854705114811
2015,58,men,1.12996128902073,1.25002877543345,17.9103099701921,15.9909475842714,1.10492932957043
2015,58,women,1.19535337824408,1.1857765346907,74.0293461402323,24.7012297158816,1.02841122984387
2015,59,men,1.21389719080928,1.25122070807203,19.7057255855558,17.3068142475393,1.12973923517564
2015,59,women,1.28086234737546,1.20382267122491,65.2940455367674,26.1781235795507,1.06112305713818
2015,60,men,1.16780090938253,1.17523204329942,13.9768067195847,13.0106686992862,1.17211431947845
2015,60,women,1.33373333787727,1.12888577741084,72.0451103957122,28.1006573794628,1.12377007293732
2015,61,men,1.15675841994158,1.22229467796497,14.1554089319626,18.6184682731477,1.16768076760189
2015,61,women,1.27164797308625,1.13142869906173,61.0953943241559,29.4450368360074,1.11100444432945
2015,62,men,1.20323270087798,1.21251974808016,15.0504880500507,14.1316792178094,1.1414953167591
2015,62,women,1.25675530703583,1.13135800991624,68.8414355493844,32.8825807837909,1.11946965718922
2015,63,men,1.24288328158774,1.25410767716329,12.2271348395131,15.1853671027018,1.1782909963079
2015,63,women,1.31206397488903,1.13587428323938,36.7672355319795,35.553633531077,1.11545703708667
2015,64,men,1.2436925819344,1.17237573084009,13.2591549520569,12.5903828251189,1.14728296568063
2015,64,women,1.31257557515678,1.12337690010438,37.6349760809597,38.2956536544724,1.08789887749575
2015,65,men,1.28805096771944,1.17239964819763,13.9724993825386,13.6896517771104,1.16465865047143
2015,65,women,1.34779111542216,1.11464490140877,41.2491618601165,40.7450963397553,1.10904561645253
2015,66,men,1.27774485041161,1.16996707251871,12.3222190482582,12.67835644995,1.16951895040052
2015,66,women,1.2898937618856,1.10128036179652,48.589690866993,24.4334276868099,1.05327888408403
2015,67,men,1.2842953937228,1.17086079038641,10.3142893744367,11.736222719761,1.1616170137791
2015,67,women,1.25508104585859,1.13881363012765,26.9318445089132,25.7701898465319,1.05535629113061
2015,68,men,1.34594687616895,1.15387726356369,11.2800046382829,12.5736742147751,1.11793766392649
2015,68,women,1.38459512848501,1.0565055949194,25.6777149085181,25.3054245809774,1.10323271113579
2015,69,men,1.31695800913737,1.18278145169685,9.40669749811162,10.6817580932476,1.15803645470404
2015,69,women,1.35350598819407,1.11762666207426,33.9115439212665,32.9246877621175,1.10833389581593
2015,70,men,1.24366023422369,1.14618568291783,9.58377718760242,11.5068487777776,1.12820649609452
2015,70,women,1.25674421973334,1.06667487801985,20.1275020587879,19.980189292202,1.13056889851744
2015,71,men,1.26790501898785,1.13334668772098,9.39079240478896,11.6824946831656,1.12586980181808
2015,71,women,1.34074390375312,1.00471637054936,24.6697930812642,23.9836834133355,1.0787106788741
2015,72,men,1.28948470290447,1.1381027851701,9.20300441083427,10.0109010772101,1.16319591557285
2015,72,women,1.30045289771107,1.0161200466456,23.8726173640846,17.5519607121217,1.11151721898246
2015,73,men,1.30363615523807,1.1165713507961,9.08726193074323,10.5828991674486,1.18198160004627
2015,73,women,1.36168984156464,0.984140936943994,25.2576077535243,19.2087373964718,1.07218038355109
2015,74,men,1.33127666696169,1.18294485415708,9.09858696929528,9.91094206098603,1.15466927483909
2015,74,women,1.38929890894915,0.921218700737431,25.7921571024454,19.9100053991176,1.09388371450431
2015,75,men,1.30703421948448,1.13403327484322,8.49677022511036,9.9995035891787,1.1459960100533
2015,75,women,1.30709628213538,0.933063473472726,24.4231555491377,17.6591941678801,1.06588085640423
2015,76,men,1.27370643271031,1.12815859371044,7.44919695786887,9.58417040292073,1.15106012581039
2015,76,women,1.33004841406233,0.918167524742519,15.9136830210192,15.2588904135963,1.07229037033236
2015,77,men,1.36039490055252,1.14321206836791,8.09793726465658,9.78993041439315,1.17564112536675
2015,77,women,1.34890969278813,0.872803733334273,16.9897497785222,14.501928492974,1.04253173121541
2015,78,men,1.39817061703011,1.14488461646548,8.2416279418988,9.42253927574585,1.17316401142035
2015,78,women,1.39243437824508,0.878136309285271,17.9557453208069,15.5291628934902,1.04336007297042
2015,79,men,1.4373441520769,1.22546196428179,7.19605516678515,9.44639178650052,1.1661356168981
2015,79,women,1.38636518261633,0.893947394693829,13.7882380802815,14.5875530951214,1.08476321859587
2015,80,men,1.35602442624506,0.979859411376829,6.61224258729348,9.39953642419394,1.18864126576826
2015,80,women,1.25431019928944,0.847261095435316,13.395330723978,15.0816521549359,1.08797701838385
2015,81,men,1.32540553295005,0.989538930065121,6.27317642997817,9.11534802765838,1.19389203790253
2015,81,women,1.26954616183888,0.859698356795526,12.9560712681979,13.5031473804264,1.0728183509516
2015,82,men,1.36564147559209,1.00956999622048,6.18522042852794,9.85574233736783,1.18139388438958
2015,82,women,1.25315980302803,0.897320207920753,10.5446401838305,14.2973986488351,1.06578359277693
2015,83,men,1.43562854290969,1.02096224013738,5.6978473776473,8.72369592028324,1.20803603927232
2015,83,women,1.30220597484528,0.920235115423075,12.041389284194,13.4019541328304,1.0927841550919
2015,84,men,1.42757287990658,1.04269312438437,5.77141298922534,8.90321717275328,1.23257460364823
2015,84,women,1.17651015238039,0.94102078937704,9.45390458536105,13.1490333169778,1.06229181783848
2015,85,men,1.34793648484179,1.05967704433289,5.52200792340205,9.21164665353379,1.19072961957261
2015,85,women,1.16190814357976,0.9536530445179,9.11611172568931,12.2818694354872,1.07870502883439
2015,86,men,1.3264213135045,1.08433937354138,5.7185437490535,8.79787447582421,1.22027893374791
2015,86,women,1.23465820597775,0.981412355547156,8.70818489226114,12.5781283810963,1.08442965521962
2015,87,men,1.37953465971292,1.10505762383591,5.23044717574428,8.59413437434929,1.23051938988065
2015,87,women,1.20711523320132,0.999152307100157,8.12924413805824,11.4386884165233,1.04732986533964
2015,88,men,1.44104735304344,1.122085155066,5.66544202638616,8.91889159137708,1.26733590061563
2015,88,women,1.21854209099197,1.00513763377485,7.98486956914125,11.6200888531894,1.08186378814032
2015,89,men,1.41711989625137,1.13248425748932,4.87253166145743,8.89251260588282,1.2519519204806
2015,89,women,1.25302367181008,1.03437136875995,7.4696932099592,11.2193191910904,1.07663286613942
2015,90,men,1.17612460736646,0.905883145261579,4.03083875160927,8.17788717254797,1.2153039283674
2015,90,women,1.00759621161852,0.835329600434013,6.37108487809605,9.85639514075401,1.05900413037395
2015,91,men,1.22042255256681,0.919606521437213,4.43926912463362,7.87945887975145,1.23523426282245
2015,91,women,1.05503464495957,0.881548052512317,6.34581434079927,10.0822999598352,1.06377110681586
2015,92,men,1.26906284228067,0.919676887394112,3.87976239233401,7.85947314315613,1.29615756410017
2015,92,women,1.08627595477938,0.854461995673849,5.97144980730618,9.62223913411646,1.08476391992629
2015,93,men,1.30248566312376,0.933523464261611,5.21216230017435,7.27404781455214,1.27030063985655
2015,93,women,1.13567801220771,0.864463776848438,5.25272862170342,9.0904779026772,1.10243259318994
2015,94,men,1.39442881740912,0.95936793901337,4.09197313970243,8.10463185426457,1.30291776264202
2015,94,women,1.22277812921834,0.864370117223156,5.17910186905906,8.47760494178736,1.08686868458718
2015,95,men,1.45669275395569,0.985614136294943,4.10224663231005,8.15897796631028,1.34622223716205
2015,95,women,1.27478624768535,0.893822239215386,5.77066869023679,9.49305894370699,1.11831858452909
2015,96,men,1.54912056399789,0.97903836000719,4.33508054800244,8.23837001393445,1.28540897160698
2015,96,women,1.40210639247099,0.892630418236459,4.57282996923931,8.88159815045178,1.13057679145858
2015,97,men,1.67974065777844,1.02885744564668,3.88521378608366,9.41957851602948,1.44571138993636
2015,97,women,1.4931491896976,0.890193850166358,4.02144736856303,10.127196603257,1.15958712683623
2015,98,men,1.8629349600972,1.08974608861995,4.58625421239936,7.67511475791542,1.42856086240653
2015,98,women,1.61446851210357,0.930624803309368,5.27965771983722,9.61704444623149,1.13012479518212
2015,99,men,1.84632206348579,1.08224092395839,4.59892312288488,8.76954571605571,1.43274089756536
2015,99,women,1.69542129584131,0.95912072850648,5.33036776951756,10.2208392649699,1.13300817415798
2016,30,men,1.54872366898129,1.2042999953709,129.324115476336,112.368762662998,1.2403751142023
2016,30,women,1.64292607396896,1.14925088866701,344.176822807765,174.011110241946,1.18557800016754
2016,31,men,1.60200036080233,1.22809542365266,181.676241749174,104.265784564803,1.2690604652666
2016,31,women,1.50980520957546,1.50128334588413,174.288692621262,149.41059778647,1.26635563776654
2016,32,men,1.50003898599671,1.35096955607425,91.6299629212288,72.642102932683,1.32944495090889
2016,32,women,1.34006087500508,1.02483856113391,120.970172371042,115.61098545868,1.3471876049389
2016,33,men,1.54013281508511,1.53513411331016,129.990975051377,84.5863382240854,1.35594405837948
2016,33,women,1.62257591823945,1.12364560884931,196.842710817969,118.483039182448,1.47969621462962
2016,34,men,1.49701340603432,1.73325846065967,151.271925080368,76.4836414690881,1.40741706590107
2016,34,women,1.6948835678643,1.15806822906983,266.336178144055,185.79189665072,1.5546363591321
2016,35,men,1.56629433628623,1.6555056467368,98.3293656863276,75.7387437298294,1.45339653766446
2016,35,women,1.55549951055091,1.19425292473783,225.571375189433,143.014625814562,1.68903920157616
2016,36,men,1.6096816677823,1.73255959811036,91.488213103825,81.1434994052472,1.50824329959942
2016,36,women,1.93233193428529,1.29935911800609,225.740601199348,121.679985850327,0.952234544157902
2016,37,men,1.36367855573091,1.71653336040621,89.5781821993419,77.620760057092,1.11245482705211
2016,37,women,1.59425010629395,1.37611832529037,126.16879505491,177.759994336247,1.06341877336108
2016,38,men,1.5129426836114,1.73514319854079,117.176432853575,81.9399764332437,1.15249143724456
2016,38,women,1.75465019534699,1.49459528484849,237.421887844711,129.370076615461,1.0958529024544
2016,39,men,1.48507663746518,1.61108032974664,120.045917949867,66.3397248735898,1.24336704696424
2016,39,women,1.7315930899796,1.64444138080103,193.751140138051,124.217991641855,1.17258901350155
2016,40,men,1.44065721340748,1.60763859478015,99.1612980733908,64.1248422166298,1.29100569790112
2016,40,women,1.453852879,1.6342902255192,135.062586096794,117.810023106384,1.24777055469604
2016,41,men,1.44868044558352,1.5364489095787,84.1138876720308,65.639660564252,1.36975225646412
2016,41,women,1.56011283724672,1.81567828031158,154.1640719248,96.5000793164832,1.32198330030963
2016,42,men,1.48329748227548,1.6471398946782,85.1953488203377,34.6780640450057,1.1643576243038
2016,42,women,1.41449234301245,1.75372424312982,140.599465125739,132.200941919964,1.40762115562992
2016,43,men,1.49445893981261,1.61293049348362,89.0749306382211,36.3968883590091,1.21709025953456
2016,43,women,1.93767889886638,1.59276816504654,160.182192535936,118.657353201414,1.05015397334489
2016,44,men,1.45074905250977,1.56591046238883,42.1169519019863,36.0252059469338,1.30342044148469
2016,44,women,1.47969919707785,1.56540825495951,138.237633679245,103.606470960087,1.1224379115878
2016,45,men,1.50683877358917,1.50817608509792,46.0481032548398,36.7031410113124,1.41492804098025
2016,45,women,1.56006348365869,1.60200563012277,162.405964898561,113.879094040623,1.22025764267545
2016,46,men,1.63512732350901,1.56053405059014,47.6747743851752,35.3833418218979,1.24810496003731
2016,46,women,1.59839437086269,1.61460890559742,150.616389245687,88.3009288457941,1.29872165206181
2016,47,men,1.57716509764494,1.46513803447505,46.0881913979313,33.2262424576812,1.12695991880475
2016,47,women,1.41236166383712,1.64861209624564,179.502466892368,82.7936800539897,1.37620026445631
2016,48,men,1.59232160744996,1.55447348686672,46.2347799304108,33.5095932291514,1.22671155045766
2016,48,women,1.42088451071784,1.70637230480053,152.596864652758,82.2339561446632,1.16698738707967
2016,49,men,1.72025485219967,1.49674332181227,46.6391823498582,34.0170918385505,1.1879826895596
2016,49,women,1.57207515731161,1.52453794838788,162.487349145545,77.4041639492835,1.02981382335713
2016,50,men,1.58183531175378,1.57341123344289,35.5320978541342,27.1649473299555,1.17973672745455
2016,50,women,1.59825165599728,1.43084535622948,112.750075455463,64.6922221126402,1.1225925609225
2016,51,men,1.5359852644565,1.5001501265714,42.8006596405121,32.2853537744519,1.19633429516881
2016,51,women,1.74085842846488,1.42052446003526,170.418684762339,63.2900204830113,1.18207473879072
2016,52,men,1.54087648172159,1.46223480440354,39.8528625012893,30.6383136938817,1.23325988194383
2016,52,women,1.69618739087449,1.35009591325978,95.4466786051397,55.3248776529145,1.21486836427054
2016,53,men,1.4028432661441,1.42932186812851,38.993502467972,30.4267881810412,1.20550396226295
2016,53,women,1.46837912551405,1.43089388743782,100.837369953952,65.5788988477998,1.26553436709232
2016,54,men,1.352668624528,1.38562231811102,37.435693084902,29.6157401372981,1.15695816820386
2016,54,women,1.45970457917701,1.38532118486528,75.1873876059179,56.0778321614041,1.12178345995362
2016,55,men,1.30752513026452,1.2496348185472,36.6821203184151,28.5395322857129,1.15028444992327
2016,55,women,1.30374357872116,1.27087889178113,67.8490469828655,55.1108230909107,1.15611743583967
2016,56,men,1.24319296844272,1.27649223232509,20.0278121561953,15.3188880233955,1.15141203116629
2016,56,women,1.29516041411928,1.23097493991223,82.8491990831008,50.4021052831769,1.07077810359633
2016,57,men,1.2183185298091,1.26176357279871,20.2189341366936,15.8404504018984,1.22348386640304
2016,57,women,1.26582223047114,1.31418173530477,65.8460884407319,27.6937416274426,1.15125267577353
2016,58,men,1.13766480396277,1.25410691082851,18.8986869432641,15.4038684107292,1.19897616945994
2016,58,women,1.2030531251135,1.19070914293299,81.3979306937553,27.0901223287656,1.15465830600181
2016,59,men,1.22245080261994,1.25560237263013,18.4617431716688,15.4873221956459,1.15695661129122
2016,59,women,1.29185785425441,1.20624908276674,63.126797926801,26.4809797211588,1.11768367942456
2016,60,men,1.17643834405942,1.17838295135969,19.5748470867172,16.8391526960009,1.19525661340306
2016,60,women,1.34843066733832,1.13258796860505,71.9259873833919,27.2915098258884,1.16795594967467
2016,61,men,1.16723031856363,1.2250245297247,13.6936438383598,17.7357063903686,1.17081701691735
2016,61,women,1.28741336593241,1.13291427358814,61.6127655436541,28.7183724149338,1.10946486049691
2016,62,men,1.21544924283212,1.21532012166874,13.426934715247,17.3906116144866,1.19015237887252
2016,62,women,1.27305238229324,1.13291732459685,57.3741389371586,29.6443576483627,1.16623224242491
2016,63,men,1.25729959674104,1.25685610100343,14.5306690712613,13.7699289928595,1.17902953535656
2016,63,women,1.33097479396794,1.1370001634285,31.2769660384544,32.4368011120972,1.12601521593976
2016,64,men,1.25987282576005,1.175084411289,14.7192627666034,14.7199134331666,1.13763974406291
2016,64,women,1.33412472734272,1.12524105172849,35.0957163284348,34.9563852046256,1.10023693154938
2016,65,men,1.30397083077667,1.17221739363272,12.4521781797541,12.3579273951854,1.15656369473252
2016,65,women,1.36476897768593,1.11383402487852,38.1538490131069,37.793811678076,1.08155037902647
2016,66,men,1.29486170632288,1.17029704192137,13.0589491952153,13.5923103326426,1.19725553892559
2016,66,women,1.30960411307795,1.10070752771537,41.9219380133381,28.2676945913378,1.04792522726855
2016,67,men,1.30287862374042,1.17089824963863,11.9968855463173,12.7062305125014,1.16180166494067
2016,67,women,1.27590092572865,1.13939064955068,48.1503317405396,24.4758896149534,1.06943020270835
2016,68,men,1.36750204844959,1.15456825831942,11.9688964468359,12.751339486468,1.14896503361895
2016,68,women,1.40781937686779,1.05529418488882,49.8602694867419,25.4725330579792,1.11000659246111
2016,69,men,1.33913125679058,1.18286345393398,10.0183470354583,12.6806960622162,1.17789235637492
2016,69,women,1.37883644714486,1.11627502708648,25.64419355546,25.7807790913736,1.08894762733416
2016,70,men,1.26311569553353,1.1444276312198,9.33939200231296,13.3064720535932,1.11835292199528
2016,70,women,1.27818506647727,1.06201338260259,33.1646961814984,31.5628922735631,1.06195509457446
2016,71,men,1.2888217178693,1.13212818231122,9.46268333086245,11.5238145439252,1.14081215436146
2016,71,women,1.36393188807946,0.999672339666902,37.0282372162876,19.1380189170417,1.08788324409695
2016,72,men,1.30997189834715,1.13650167388358,9.3878164566137,11.3718643347274,1.16323617629987
2016,72,women,1.32338284180182,1.00963340307204,23.7324648495622,24.4411013710461,1.10569072873813
2016,73,men,1.32453699052435,1.11524464016183,9.13906017055229,9.71844937903607,1.18460912872872
2016,73,women,1.38652145890959,0.976976698623244,23.4534561499559,17.8724888689858,1.08840469627911
2016,74,men,1.35219257638139,1.17999657946888,8.08299710242889,10.6953277453863,1.16475071362703
2016,74,women,1.41426925300378,0.91221903823111,24.4640088942138,18.9662398424465,1.08767595062891
2016,75,men,1.32569316344786,1.12918173258997,7.91468435901454,9.69632069055236,1.1446491503537
2016,75,women,1.33043954478089,0.922960095130437,17.2276295548685,20.3183317844726,1.08492415015889
2016,76,men,1.29124851931482,1.12415455091381,7.06678344749692,10.5059955517944,1.19010941535233
2016,76,women,1.35351449269515,0.907515875584691,16.6742941053333,15.9698087177833,1.05789834128435
2016,77,men,1.37903150667204,1.13976655019652,8.47014604043006,9.85853515035608,1.17809371305739
2016,77,women,1.37230860351737,0.861741679384432,15.1371576716113,15.2401545713841,1.04275334424397
2016,78,men,1.41718252624324,1.14041007375492,7.70453193876013,9.75854252421708,1.20833550713018
2016,78,women,1.41560186975797,0.867588414576563,16.5500703229208,17.7754994940241,1.09531868345736
2016,79,men,1.45652999442241,1.22161324622081,6.96837191673094,10.5844991891381,1.20245151476395
2016,79,women,1.40995622307325,0.884114939594824,13.4490615840096,16.0618156309881,1.08266747548989
2016,80,men,1.37059380939759,0.968619414394627,7.27492115242335,9.5486639969174,1.19734718898743
2016,80,women,1.26853704418368,0.833499652824994,13.2077153653156,14.6650579522514,1.09828746081848
2016,81,men,1.33951636360585,0.979423811823445,6.0378382006247,9.01983428735761,1.19498259515454
2016,81,women,1.283083411832,0.847073695391332,12.8106226504472,15.4365928713559,1.0555268835888
2016,82,men,1.37959522460099,1.00052027611839,6.49587732601393,9.36968360545267,1.19179484498052
2016,82,women,1.26406055999939,0.886006221312912,12.265884917356,14.9929446399342,1.08313306310976
2016,83,men,1.44983458423921,1.01250288347056,5.95857888947274,9.55049245348548,1.22177925217518
2016,83,women,1.31225286297831,0.909940365604864,12.0796993542064,14.2459632197746,1.0877963735297
2016,84,men,1.44118952039836,1.03491306507114,5.72180566642212,9.15510564902776,1.20684467100428
2016,84,women,1.18494553891753,0.932703308899924,9.39337487009604,12.8783838489426,1.09509833054155
2016,85,men,1.35619205081914,1.05296573723713,5.25136046898823,8.7902296804699,1.20729270864029
2016,85,women,1.16665430822519,0.946439372003067,8.96410890831459,12.8149357814381,1.08739642664763
2016,86,men,1.33603648665792,1.07813262289959,4.79189186910162,8.9203775225248,1.2183747897295
2016,86,women,1.23825766438855,0.974829249488146,8.53139881812554,12.0649787127801,1.09119986111605
2016,87,men,1.38823222935058,1.09989807347383,4.98410907726349,8.8086344973054,1.25005638884662
2016,87,women,1.21095385454457,0.993478399747044,7.87607596332328,11.1773643484204,1.04504826622729
2016,88,men,1.45028782226014,1.11813569472639,5.44414790446285,9.06169458585916,1.26477562842023
2016,88,women,1.22141041570311,1.00130949533498,7.49573935827585,10.766118629973,1.09037534486138
2016,89,men,1.42678906913839,1.12923744630036,4.86411248440891,8.7350641737063,1.26746875778198
2016,89,women,1.25619189203745,1.03078120524142,7.76469634411942,11.3179893800393,1.08218901588705
2016,90,men,1.17262581795882,0.892577204303656,3.97678417505442,7.47016738068074,1.19802292892825
2016,90,women,1.0009487259843,0.82438098899543,6.40790356929468,9.19393887425154,1.05916395959775
2016,91,men,1.21729087932266,0.907282211710415,4.66559609546783,8.2131716647261,1.23116132958301
2016,91,women,1.04902892613307,0.869884744617933,6.58100491090341,9.70664878536257,1.05204266334339
2016,92,men,1.26730835623824,0.906982344384399,3.81193596539864,7.82528127645706,1.29360757391026
2016,92,women,1.0819040361587,0.844346152532169,5.57958258167034,9.04605015032751,1.08319422990302
2016,93,men,1.30195987936674,0.921010747213316,4.94616276109662,7.42893842034875,1.29169413244946
2016,93,women,1.13252506153881,0.854732007813461,5.4721628654861,8.90264723477276,1.0997733564401
2016,94,men,1.39396954515762,0.946784620974791,4.21576299343061,8.39094142523893,1.29995131815727
2016,94,women,1.22285540627678,0.855318840458323,5.07647524647797,8.98091270073425,1.10796715522911
2016,95,men,1.45507516003673,0.970121199003823,3.38875270558883,6.5442751914795,1.32345426695052
2016,95,women,1.27710947827575,0.884748591736755,5.52643332567992,8.76299178666566,1.10269772819439
2016,96,men,1.54598978512306,0.965640838440823,2.95464090443256,8.33694169174455,1.32083095090819
2016,96,women,1.40735689539178,0.883486336995445,4.49976187299764,8.38522720324199,1.1259455378943
2016,97,men,1.67900932065124,1.01252647914011,3.58780561161749,7.98854509773225,1.36031110363081
2016,97,women,1.50331541216006,0.882420448234267,5.62457575854141,9.06141789648468,1.13602911453264
2016,98,men,1.86122266231146,1.0700277993971,4.42529195388516,9.19362538988224,1.37010778171357
2016,98,women,1.62797159085048,0.921048281035359,4.57757184369038,10.0916336578762,1.13877152784924
2016,99,men,1.85105707364649,1.06478290394102,4.22957222125015,9.010127344991,1.37331958646686
2016,99,women,1.71248253325394,0.947149819546082,4.28799248215057,10.7470249692226,1.14119388398871
2017,30,men,1.55622874612918,1.21435056038829,140.128196645919,74.326153136343,1.21689396805416
2017,30,women,1.65129686551762,1.16410082356933,782.234121794584,159.637337481627,1.25542694761376
2017,31,men,1.60260124818891,1.22832629857125,128.478953621254,83.6115543173003,1.26173219129463
2017,31,women,1.5241506840926,1.51572153129926,218.363558965361,239.09698129671,1.31832893688915
2017,32,men,1.50483341202973,1.33987760898667,96.0527810207394,72.1925621527601,1.29346939983375
2017,32,women,1.35731052657841,1.02243130089347,138.751608068964,100.2489110076,1.34034130395965
2017,33,men,1.54004155419629,1.52327721581618,97.7976022708364,89.560005559788,1.3419326073867
2017,33,women,1.66984130817362,1.12770370052486,126.949230403383,124.497718666283,1.41881117874202
2017,34,men,1.50395289661661,1.72071036702422,93.2232179274236,78.929246326367,1.36520216084032
2017,34,women,1.73785231087322,1.15840012456952,211.750666985111,210.928852581985,1.46116410615887
2017,35,men,1.57704580405006,1.66484529818161,124.032676671762,71.5130734621861,1.43888780616054
2017,35,women,1.59772468647835,1.18999201914746,163.645773574929,137.039984591029,1.53539608895179
2017,36,men,1.63102674649699,1.74899935967793,121.016248001845,80.393088463765,1.49461587656834
2017,36,women,1.97031394607643,1.29270264185698,402.257257142313,190.493776575475,1.61409261912895
2017,37,men,1.39122596924706,1.7440528606463,136.997537294045,71.8538165850703,1.26167505891245
2017,37,women,1.63230864285245,1.36843074281531,146.525873809282,148.561799124217,0.935322538392315
2017,38,men,1.54848159758199,1.76254277090707,114.715298049879,70.6255659542176,1.12266574836729
2017,38,women,1.79409359637011,1.48715339475765,141.841051722344,119.49812098327,1.8542359044953
2017,39,men,1.50307685013677,1.62102238246304,88.9829040391619,74.2996483707965,1.18134017615347
2017,39,women,1.76774343711405,1.63621050362088,173.463108307347,146.326190053521,1.10760447424816
2017,40,men,1.46102942004063,1.61679674628914,81.2937632392855,78.0324031384296,1.25348954413909
2017,40,women,1.48822159086444,1.63785189734912,115.573453764194,218.602501374963,1.19579777627052
2017,41,men,1.46972614706344,1.54831709307775,83.9502721595971,66.426397480027,1.3340597704477
2017,41,women,1.59439638726946,1.81981119462532,129.27863232711,108.186659618512,1.29525707399838
2017,42,men,1.50734565193968,1.6639660535494,84.1423127917403,81.0271048599308,1.41704887334825
2017,42,women,1.44581861841417,1.77459462573067,122.776450414259,93.6263051782232,1.42927939392488
2017,43,men,1.5233610275036,1.6316032039423,85.1507207577755,36.1923653622305,1.18940707563586
2017,43,women,1.96874136156712,1.61785585686626,210.709495221209,128.504835951021,1.25475247271734
2017,44,men,1.477568019304,1.57830430271496,79.0426096077285,38.1177666048728,1.28718736879199
2017,44,women,1.50873921977563,1.58796412980812,156.816678630319,110.817208528125,1.15378484852863
2017,45,men,1.53140338372834,1.52174896113496,40.728094168422,38.6390000886966,1.14844065507945
2017,45,women,1.59013850761147,1.6068805087473,182.823524315094,98.0014456775898,1.25125599939249
2017,46,men,1.66108430400076,1.57507762946302,42.8543620088007,38.9138107030763,1.24433215272785
2017,46,women,1.62670499191478,1.61876636992677,154.183919918024,92.8073544713763,1.34011055097352
2017,47,men,1.60338395286895,1.47583015318609,42.4157947099627,37.6598307182992,1.30496596577884
2017,47,women,1.41416708869995,1.66041132720997,143.980429931009,94.7797657050755,1.07767617186174
2017,48,men,1.62146741788062,1.56654971430736,42.569148202892,36.6962688039022,1.19109567172149
2017,48,women,1.41855393521232,1.71734833555773,143.806507390612,82.2880900750105,1.15151395505883
2017,49,men,1.75066038689619,1.51005308902387,42.5361027849327,34.6438674684682,1.12909787679675
2017,49,women,1.57032791162203,1.54358993406756,109.904468990797,76.8260997426395,1.20546004590579
2017,50,men,1.60940780420818,1.58739734700416,42.2921000742549,35.38788942267,1.22389676608559
2017,50,women,1.60744249186177,1.44549661549706,155.486849913295,77.6518546565851,1.27187711434059
2017,51,men,1.5606608551808,1.51036396256801,32.7700100742003,26.4878883866372,1.18258636429216
2017,51,women,1.75478722941138,1.43539774529403,96.8948083482878,57.3166127539917,1.40751156503817
2017,52,men,1.56252213915046,1.47337648675885,41.1087788335577,31.9329626403123,1.22748368690888
2017,52,women,1.72058762501802,1.35565081676895,122.156160585626,32.7880166553832,1.20735345279549
2017,53,men,1.4224660528248,1.43949824156415,38.6279004703775,30.1274638136883,1.2577528510697
2017,53,women,1.49652693595446,1.44042687260141,114.607028788333,57.7265398083748,1.19632247250312
2017,54,men,1.36971229928698,1.39679852297951,37.1969619068467,29.4870019360509,1.13170845384739
2017,54,women,1.48585689807726,1.39390315795132,104.400664723485,56.391041857647,1.08714346702151
2017,55,men,1.31857455174926,1.25437084656271,35.2140468043915,27.5560851771751,1.20682464808403
2017,55,women,1.3131459290603,1.2780491141861,81.3456515751756,49.0097400442151,1.14714828972753
2017,56,men,1.25200735812565,1.28127776514511,34.5254494117643,26.7681736848345,1.1711016107167
2017,56,women,1.30784476165214,1.23627508436851,83.9957210008934,50.3269158809641,1.20382227686858
2017,57,men,1.2266512445184,1.2655990683632,18.4262750803264,15.0924958834294,1.20125548922317
2017,57,women,1.27835347973521,1.32257736813079,78.7439868024962,48.0479870812298,1.12759658240357
2017,58,men,1.1454169782842,1.25819631858245,18.6748850398919,15.3934413106892,1.14535362366289
2017,58,women,1.21079861380496,1.1956598085031,74.3012664948391,44.2917552173183,1.10482879904251
2017,59,men,1.23106039993965,1.2599971970642,17.8832477647426,15.155380789205,1.16818944587338
2017,59,women,1.30294222847807,1.20867917803883,61.2681370038763,46.8101628531808,1.10883011068966
2017,60,men,1.18513533303592,1.18154073845216,17.3155410321034,15.3483271017967,1.15900783362443
2017,60,women,1.36328254754599,1.13630045618343,65.8415245050942,23.6850066726568,1.1494089052205
2017,61,men,1.17779175339891,1.22775911999384,17.5621100428017,16.636110445592,1.15835581614323
2017,61,women,1.30336624797393,1.13440106052486,63.9417556353152,26.2530128707197,1.12579870063036
2017,62,men,1.22778366981036,1.21812556931436,18.4096681786261,17.2380928939256,1.16649117567841
2017,62,women,1.28955255169024,1.13447801355444,30.0411334492167,29.8980037534817,1.06107459188175
2017,63,men,1.27187585417052,1.2596091806677,12.8579010327085,18.2674350541099,1.18250872705398
2017,63,women,1.3501485938701,1.13812660042759,31.1453278626821,31.2899557938945,1.07949783889093
2017,64,men,1.27625539106432,1.17779800201238,13.9206733316686,13.7670531632565,1.1640790356526
2017,64,women,1.35601671130241,1.12710737000821,32.9487867192724,34.179185559639,1.12626435362515
2017,65,men,1.3200794162762,1.17203525776061,11.3143761293066,15.1791301925181,1.1549946567293
2017,65,women,1.3819521277991,1.11302413992301,36.7851735562382,38.0827512749149,1.12710104555477
2017,66,men,1.31219920268193,1.17062694068246,12.1135985357106,12.9310742279064,1.15245735871659
2017,66,women,1.32960565097391,1.10013527544735,39.7383260642179,39.8820863537395,1.04179387969686
2017,67,men,1.32172132929674,1.17093569151192,12.9686276416765,12.6811343894564,1.17655540591545
2017,67,women,1.29705559307489,1.13996767497422,43.5795708724922,43.0041345539666,1.13752095494718
2017,68,men,1.38939147709056,1.15525932389655,11.4629070945191,13.0555358017217,1.11950597326051
2017,68,women,1.43142136494773,1.0540847636008,26.4752332175115,25.2980503533186,1.06230528537652
2017,69,men,1.36166655451317,1.18294542118654,11.3232275119726,13.2147667382688,1.18174042050665
2017,69,women,1.40462804241691,1.11492569581077,26.9802009337809,26.5102632989974,1.05387479267136
2017,70,men,1.28286563717898,1.14267314589915,9.23343080467418,13.1151563931958,1.11927992266316
2017,70,women,1.29998080176413,1.05737455501202,25.9010878874531,26.233544475885,1.12122374030557
2017,71,men,1.31007285033452,1.13091159025794,11.2636224217722,13.7392556403422,1.14949956929062
2017,71,women,1.3875091069259,0.994656114166867,33.6165340604508,33.2164849530422,1.09073779386478
2017,72,men,1.33077418944917,1.13490360741058,8.892625895488,11.5465851578406,1.17566116916481
2017,72,women,1.34670541995731,1.0031913545576,37.3912592258823,19.5927530777354,1.08857988899004
2017,73,men,1.345762308063,1.11392016268109,8.74356320905337,11.6080792248348,1.17198537638797
2017,73,women,1.41179325037614,0.969868127800385,23.6656474807003,20.3621004979156,1.07611322345084
2017,74,men,1.3734264815018,1.17705710943186,8.48529551708678,11.8266785803283,1.14912983748921
2017,74,women,1.43967567945505,0.903311693897975,23.4286756277415,17.6721670069054,1.10189732494255
2017,75,men,1.34460902667633,1.1243533363676,7.95188294115894,10.9471488197592,1.16681761393778
2017,75,women,1.35418780431376,0.912971047161794,17.3301419295254,15.6290755847649,1.06276749036404
2017,76,men,1.30902332431333,1.12016669428212,8.21706791036089,10.3176783757443,1.18382080043288
2017,76,women,1.37738263780797,0.896992986646225,16.9790571322232,19.1543788411373,1.08653263458357
2017,77,men,1.39791399076386,1.1363331173908,8.05008811902654,10.5226838842335,1.19896041071455
2017,77,women,1.39610149753717,0.850825209463624,16.1403681065718,16.6244638020785,1.10839245256057
2017,78,men,1.43644333273535,1.13595522483113,8.32501271343981,9.25527823291243,1.18682398607626
2017,78,women,1.43914304809326,0.857172354647529,20.8319190553455,16.6868916268428,1.04494438935964
2017,79,men,1.47596222623692,1.21777851517452,7.54315033157904,10.6782455328204,1.19138686056723
2017,79,women,1.43393670105209,0.874395426639199,15.7847232275262,15.9705321105737,1.07806696511095
2017,80,men,1.38531238697659,0.957513830122697,6.81821039407107,8.79470318199962,1.19363291395323
2017,80,women,1.28291807962131,0.819968386050788,16.2367964866867,14.7508535556206,1.09904907260654
2017,81,men,1.35377031448223,0.969417030295049,6.63357907195286,9.60796144232516,1.20321951431359
2017,81,women,1.29675818951457,0.834640550255664,12.5555948905762,13.5075234707649,1.05674765035376
2017,82,men,1.39368452311381,0.991556104744515,6.34999328869564,9.76313394096012,1.21748122247071
2017,82,women,1.27505066203943,0.874840393584202,11.8653066388312,14.0132346915995,1.07388171279469
2017,83,men,1.46417404958451,1.0041177612809,6.19901847884949,9.29504398806362,1.21183590866228
2017,83,women,1.32237222561126,0.899765803858126,11.5946197838923,13.6658405714872,1.08291334547513
2017,84,men,1.4549291912903,1.02719487180107,5.71824825159877,9.69410075401509,1.22056576118641
2017,84,women,1.19343717756951,0.9244634149869,10.5030493729652,13.0849958517813,1.07362111873154
2017,85,men,1.36449404713662,1.04630023183545,5.13996139161157,8.25438165378529,1.2227280279403
2017,85,women,1.17141749191647,0.939283802338092,8.98045896516118,13.0349333716999,1.08617073062115
2017,86,men,1.34571653963246,1.07196445124562,4.65685314083936,8.81173288294764,1.23985981902264
2017,86,women,1.24186582366078,0.968293533336091,9.65246705728206,11.6705351689743,1.103607533492
2017,87,men,1.39698028062408,1.0947651539901,4.50396174415909,8.61589505455088,1.28039175923069
2017,87,women,1.21480276999644,0.987839502738644,8.69731326152836,11.1508641735311,1.05233024607778
2017,88,men,1.459582917841,1.11420208374506,5.67388050071369,8.39106290755769,1.2801443389899
2017,88,women,1.22428406470864,0.997497824206708,8.44910076699332,11.9822456797673,1.0867475469382
2017,89,men,1.43651937174049,1.12600154686185,4.81628343304653,8.27678420256003,1.28557154189805
2017,89,women,1.25936654587347,1.02720527382929,7.95552211800993,11.1627036863128,1.08184813308401
2017,90,men,1.16913916425466,0.879473159494099,4.07426295592077,7.71626705622456,1.20775257104691
2017,90,women,0.994348360253376,0.813581203399437,6.07287546186259,10.031762311152,1.06740921359398
2017,91,men,1.21416878917995,0.895129058198944,3.61734734320575,7.06159554569961,1.23130132649698
2017,91,women,1.04306034738037,0.858381417446178,6.25543247240946,9.2865122626883,1.05617888274336
2017,92,men,1.26555716404356,0.894469192918576,4.2291556345344,7.4728491946899,1.28089928248577
2017,92,women,1.07755186813158,0.834354996989713,5.77256198997957,8.84124985364162,1.08137138682516
2017,93,men,1.30143456843957,0.908671828322437,3.2041717741545,7.46347086161833,1.30895787402651
2017,93,women,1.1293824213871,0.845114539727334,5.81265668921483,8.74628112202215,1.10432770655863
2017,94,men,1.39351065181774,0.934372466775612,3.90810443929236,7.44405900279043,1.332961438724
2017,94,women,1.22293264989299,0.846366762680528,4.94571325914328,9.0878847852176,1.1010022403859
2017,95,men,1.45346016322883,0.954879298865584,3.37828279001416,7.49061783225861,1.33064023407451
2017,95,women,1.27943578757048,0.875771486851795,5.28838018883604,8.65095979354129,1.10468453105082
2017,96,men,1.54286688144185,0.952433161504359,4.90986140180823,8.91013674128767,1.38518506489574
2017,96,women,1.41262444159649,0.874440392590596,4.45094473178061,8.62834690431667,1.12201372466479
2017,97,men,1.67827866437834,0.996462639231973,4.56024839294412,7.80248515063222,1.40385778407824
2017,97,women,1.51354575906282,0.874718730161346,6.16894916865358,9.30069782601941,1.15136208697644
2017,98,men,1.85951278634012,1.05067581474694,3.99977974286171,9.72834528968384,1.47225104473394
2017,98,women,1.64158082609207,0.911574981176583,4.36781973662986,10.0231677003364,1.16831321087014
2017,99,men,1.85580186987176,1.04761495444818,4.04854502764925,10.7722694129544,1.47525791915297
2017,99,women,1.7297068712469,0.935334146702681,4.3461436156208,9.7705005664074,1.17060647587044
2018,30,men,1.56376644564411,1.22447995889821,144.29533407636,93.1588154048637,1.21836096875755
2018,30,women,1.65970612584141,1.17913513686785,231.119566699056,245.263164384897,1.19558543421856
2018,31,men,1.60320206295455,1.22855710242462,111.573138513222,57.8493843379276,1.2385470562573
2018,31,women,1.53862525065058,1.53029131213201,420.489080822695,171.130766902557,1.25412473152409
2018,32,men,1.5096407741929,1.32888216107654,200.98137699543,77.0077468119125,1.26889005054509
2018,32,women,1.37477350511712,1.020030884095,213.780819409175,200.056811105323,1.32060744464403
2018,33,men,1.53995034394577,1.51151770636826,133.735447622743,71.2627584600057,1.30395137686157
2018,33,women,1.71845907395785,1.13177442581368,312.501031340089,190.209119054346,1.38153016728505
2018,34,men,1.51092109201508,1.70825926874012,73.6510287790616,81.6578753440336,1.33901338185225
2018,34,women,1.78188828651041,1.15873195060949,327.27846709053,127.701433091077,1.45921589918948
2018,35,men,1.58786568874579,1.67423297138959,95.8064036928441,79.6565700262796,1.38830744823611
2018,35,women,1.64107430916296,1.1857484164756,114.125307018017,181.705812078072,1.52491738758264
2018,36,men,1.65264407924468,1.76558684864722,98.7279945411844,83.8927513278188,1.16850735331241
2018,36,women,2.00902315049299,1.28608354016319,226.329042148185,159.817615027154,1.59824087207025
2018,37,men,1.4193157931215,1.77199958458306,75.2417738066679,81.3305536584122,1.03849631066288
2018,37,women,1.67125618391657,1.36078988501156,215.676633847051,131.549251849778,1.7058705470746
2018,38,men,1.58483707895195,1.79036110504577,90.9882212372916,63.2421267411657,1.58137598547039
2018,38,women,1.83440344650092,1.47975222048659,216.739008476659,149.238033487527,0.992838107910832
2018,39,men,1.52128615386293,1.63102081447799,92.2426421579148,62.6201142300753,1.17495013560316
2018,39,women,1.80463001049782,1.62802487337356,169.486088814163,207.700498678743,1.09003082234884
2018,40,men,1.48167939568129,1.62600249037757,88.5617757724549,66.6965225698587,1.23993794947043
2018,40,women,1.52338512791057,1.64141956010624,188.585204761336,152.934006159962,1.16816319567118
2018,41,men,1.49106693033295,1.56027100057904,83.7486043031571,64.0816592342942,1.32014082947998
2018,41,women,1.62941576400377,1.82395146090263,141.226256587197,128.918449168737,1.28428041673207
2018,42,men,1.53177149529111,1.68095562984856,97.3752119342371,73.6732808498223,1.42114734797971
2018,42,women,1.4778226205345,1.79570284875426,135.867833577658,126.631346014254,1.39017628327298
2018,43,men,1.55280732412099,1.65048266973918,83.9518577063341,35.8986834889472,1.17543483178216
2018,43,women,2.00028601111878,1.64332597511568,153.859478822649,131.320401563621,1.53445899864853
2018,44,men,1.50486910605304,1.59079002137209,76.7173927002808,37.8652288080615,1.25527268766248
2018,44,women,1.53833435152101,1.61083358843906,279.284220231916,135.149825507278,1.14291606430268
2018,45,men,1.55635597364347,1.53543716812263,37.6327532061896,39.3243345843235,1.33523454237267
2018,45,women,1.62077798028114,1.61176779422143,145.493732029609,120.035208583172,1.22371244017774
2018,46,men,1.68744016768814,1.58974943923486,39.0796328887852,37.1575489288282,1.21698792984841
2018,46,women,1.65550264146741,1.62293247066778,177.380760155637,122.602031013786,1.3060227625687
2018,47,men,1.63002535046829,1.48659494184756,40.8393157353326,37.0266383797441,1.29544883848286
2018,47,women,1.41597392484282,1.67228909476999,181.497444140244,102.292503079741,1.10879660434991
2018,48,men,1.65113186773438,1.57871370265328,40.3516508268334,36.5847412056592,1.20664762203683
2018,48,women,1.41622833472285,1.72838947531744,150.780006824455,85.1027983858926,1.16263668386899
2018,49,men,1.78158786799147,1.52347452782267,40.5114993393976,34.7803012126364,1.268024534147
2018,49,women,1.568583472469,1.56287038950623,137.151651560503,78.8153977661982,1.23680834117829
2018,50,men,1.63744687912078,1.60150075867318,40.2335250842605,33.5562580205058,1.22749450695514
2018,50,women,1.61668158524774,1.46029052368229,123.549644970317,58.7348027102393,1.3096855593788
2018,51,men,1.58572033256237,1.52064222550837,41.42397996591,34.5934945073952,1.1989413848407
2018,51,women,1.7688204892523,1.45041926980799,115.923224244555,76.8418951907759,1.16864572823837
2018,52,men,1.58446091100147,1.48459747883199,32.7887681157088,26.2836862601048,1.17980813346522
2018,52,women,1.74532650880123,1.36122580529103,117.996954848404,57.0011503013831,1.22295846785584
2018,53,men,1.44235338949711,1.44974196994727,39.6787538174899,31.1054181917448,1.23630668261908
2018,53,women,1.52519996578739,1.45001859654793,112.733234768155,64.6267512559041,1.11061910228265
2018,54,men,1.38696211697547,1.40805926654138,36.6251958631,28.7709376417914,1.21601663979504
2018,54,women,1.51246445400954,1.40253400245115,130.27493764446,55.8670927963813,1.28694844989729
2018,55,men,1.32971180156345,1.25912246296337,35.8970925364346,29.0149341336458,1.22480430195391
2018,55,women,1.32261137647497,1.28525620643173,71.3668487713125,49.6168766052532,1.16638991618616
2018,56,men,1.26087982740913,1.28607885343144,34.6092525424124,28.072338241885,1.14265603571881
2018,56,women,1.3206469555348,1.24159540531405,72.9015853770752,49.3399309217343,1.2014202290598
2018,57,men,1.23503677835325,1.26944431324052,17.8361013934314,27.3650127618788,1.18691270879483
2018,57,women,1.29100248080028,1.33102243501546,78.105483168087,57.1923287729957,1.11763053199606
2018,58,men,1.15321809498934,1.26229702424124,18.1287925965669,14.7548026680795,1.20057771876637
2018,58,women,1.21859009317605,1.2006285885037,72.0679480829911,25.8033490972077,1.15951660314389
2018,59,men,1.23972632117778,1.26440521434454,18.7734913122981,15.2346185289247,1.15284361872055
2018,59,women,1.31411614369156,1.21111296080321,62.0240871651799,26.1889108671938,1.12531838947703
2018,60,men,1.19389225710136,1.18470541617348,17.5373918491608,15.4246171338602,1.23968104804336
2018,60,women,1.37829052585367,1.14002326365562,74.1826148567349,25.8107996761002,1.09558047354699
2018,61,men,1.18844344503364,1.23049845464243,16.9459093284334,15.2757004143867,1.18551627048257
2018,61,women,1.3195087543008,1.1358890602592,58.0582815028659,26.0632016135901,1.08733161669146
2018,62,men,1.2402370600654,1.22093609768841,12.9168779679551,16.3010453982235,1.15847093146558
2018,62,women,1.30625824360759,1.13604007731799,64.221111403036,27.2160432424834,1.05189201870644
2018,63,men,1.28661374774139,1.26236692172905,13.0049480551961,17.5717378006901,1.18873382547078
2018,63,women,1.36958889859419,1.13925359423574,64.4299552990525,29.4554574876322,1.12922553456966
2018,64,men,1.29284270552711,1.18051650947044,13.3402313540578,17.8784530331043,1.13799689802367
2018,64,women,1.3782568072063,1.12897585638589,33.3766533476155,29.966463241025,1.14712018600192
2018,65,men,1.33637886619963,1.17185324044525,14.1925264869053,13.6860373554209,1.14287885358813
2018,65,women,1.39934294437082,1.11221524483894,34.1219588941277,32.8140771310387,1.1343484800199
2018,66,men,1.32976007208693,1.17095676885199,12.0326886255221,15.0467016926471,1.21375396400563
2018,66,women,1.34990252978359,1.0995636041135,38.1525161491745,36.249828567744,1.11376543942626
2018,67,men,1.34082700207309,1.17097311602318,12.6280054036039,13.1308327501278,1.17824960541593
2018,67,women,1.31855026134152,1.14054470639537,40.1519634647427,39.8661338485947,1.12838568177729
2018,68,men,1.41162017582322,1.155950460267,11.2784492328766,14.105030529469,1.14119978776521
2018,68,women,1.45540704475453,1.05287732680692,44.6307729793348,23.2585116204157,1.0720925408803
2018,69,men,1.38456963003444,1.18302735348664,11.5511720503079,11.5271348208597,1.19482689705652
2018,69,women,1.43088893401992,1.11357866318159,51.3181463236823,26.7247765416458,1.09893126988741
2018,70,men,1.30291436712756,1.1409222179583,10.1494672215076,11.8745698985967,1.10409266732144
2018,70,women,1.32213711937116,1.05275827386296,27.4663096505116,28.212911527331,1.12039295008107
2018,71,men,1.33166359378869,1.12969690761012,10.7403658261189,11.8192501449138,1.15595559467314
2018,71,women,1.41148189614716,0.989667527099423,26.593613390036,29.3280697821917,1.12305318096476
2018,72,men,1.35189626258607,1.13330857845565,9.02058173377813,11.8275965228359,1.15558697758105
2018,72,women,1.37042715565001,0.996793572633285,34.3845963821229,36.8041315984415,1.06714804667544
2018,73,men,1.36731698075915,1.11259791349063,8.92006291381094,12.1978881410424,1.16232224282957
2018,73,women,1.43751279459184,0.962814764650249,20.4240030957966,22.609033892314,1.08005927313858
2018,74,men,1.39498305571629,1.17412641340634,8.76525215542002,10.6389475249862,1.17841560030013
2018,74,women,1.46552558216354,0.894495675674434,23.801853547359,19.9976385538058,1.07651117047885
2018,75,men,1.36378521673496,1.11954796435616,8.51103106031363,10.5112145353142,1.14932795287843
2018,75,women,1.37834788124273,0.903094980074292,23.5373255137824,20.0197417940175,1.07795639089233
2018,76,men,1.32703381733456,1.11619495040715,8.61987475231278,10.3836837968091,1.17954795953004
2018,76,women,1.40165953390507,0.886597238752766,17.2478463821379,17.3673617415217,1.09353108554219
2018,77,men,1.41704547244334,1.13291172160019,7.62325222883607,10.5243854006483,1.17473818987292
2018,77,women,1.42029480832884,0.840052336830452,17.1709856765371,17.5295461341943,1.07311726706388
2018,78,men,1.45595616915309,1.13151997331633,7.78397301705593,9.97420567585075,1.20002566936941
2018,78,women,1.46306375097555,0.846886417597031,16.1067326015485,17.185267885861,1.06978495461819
2018,79,men,1.49564388720119,1.21395771341431,8.06232989135479,10.2885098795433,1.18767459809632
2018,79,women,1.458312847457,0.864787503465121,14.341846228489,15.9609561302033,1.09282372007743
2018,80,men,1.40018161166646,0.9465409857481,6.76985563425453,9.95682185467015,1.22590101388569
2018,80,women,1.29745489902852,0.806663333892979,11.8416396381855,14.5927537897663,1.08502565973988
2018,81,men,1.36816876514874,0.959517372301855,6.65408397277501,9.65232566205613,1.23308657559515
2018,81,women,1.31057182283314,0.82239592328618,12.5108282927186,15.8872628599212,1.07653719554696
2018,82,men,1.4079106197009,0.982676631576621,6.52408853340891,9.29625208331858,1.21284600685278
2018,82,women,1.28613079659907,0.8638207125481,11.80689063206,14.0414022693373,1.08224178188886
2018,83,men,1.478648124989,0.995806185807963,6.38927411987185,8.90140830255746,1.220932931186
2018,83,women,1.33256454922687,0.889709968476641,11.2819240880707,14.514146884571,1.10699963389812
2018,84,men,1.4687929423739,1.01953802231609,5.55784490875604,9.12034181767851,1.22975486823989
2018,84,women,1.20198541529015,0.916300345970751,10.4314361328699,13.5609347219251,1.09629832253174
2018,85,men,1.3728427117103,1.03968019307588,5.23416410530611,9.28738079059548,1.21589761296972
2018,85,women,1.17619774719809,0.932185839071811,8.29959066918359,12.4980220187568,1.07667987950271
2018,86,men,1.35546187772201,1.06583459983723,5.55485082724644,8.88836140394953,1.23808583370316
2018,86,women,1.24548270049743,0.961804842702612,9.26641561311991,12.9413839616285,1.09139152008481
2018,87,men,1.40577908128805,1.08965871482895,5.02615440386034,9.49699561777852,1.28036736988652
2018,87,women,1.21866200203851,0.982235382849566,8.76263746284354,11.0146245871663,1.05682831297869
2018,88,men,1.46893293539429,1.11028425070721,5.55970371913114,8.77438963739289,1.27601337017256
2018,88,women,1.22716304524465,0.993702541441809,8.11162130948574,10.9156822214049,1.09754044939478
2018,89,men,1.44631115993246,1.12277651711925,4.72896881651692,8.76098019319285,1.27791276116226
2018,89,women,1.26254764318333,1.02364351109052,7.53530334392052,10.887680431012,1.10320898289247
2018,90,men,1.16566459817542,0.866567849557861,3.92949693330646,7.03973246133864,1.22455197975866
2018,90,women,0.987794757308503,0.802928148351565,6.44757978600075,9.25667716194762,1.07015052584808
2018,91,men,1.21105624808447,0.883144600842986,3.59445778363917,7.17371248412074,1.23726295773464
2018,91,women,1.03712866077991,0.847035798918606,6.14107567148667,9.06180583478455,1.05540930850062
2018,92,men,1.26380925788431,0.882134753093594,4.09524419019821,6.97244924373293,1.27922646819435
2018,92,women,1.07321935174692,0.824486931471795,5.53375957966767,8.83381988526371,1.09298775870841
2018,93,men,1.30090972968293,0.896504209203534,3.3087402784984,6.61016010361838,1.28596434035943
2018,93,women,1.12625005294921,0.835609974436603,5.58045502251127,8.84660995844598,1.09186368097167
2018,94,men,1.39305213688922,0.922129065035054,4.49590548677616,6.91213092448997,1.32961402987329
2018,94,women,1.22300986009798,0.837512748326677,4.47167785534969,8.69315243831484,1.10262506694003
2018,95,men,1.4518477580777,0.939884246795409,3.45136688980481,6.85098221839797,1.37379473956929
2018,95,women,1.28176517812,0.866889850255512,5.23368216275899,9.36472164759414,1.11186140170004
2018,96,men,1.5397518292552,0.939412546946096,4.50851194559555,8.55553517311982,1.39654350631487
2018,96,women,1.41790907791722,0.86549148391633,4.34116231261014,7.70705169424028,1.1393013647058
2018,97,men,1.67754868798889,0.980661427315734,3.54066384548357,7.15911129234514,1.34090031654572
2018,97,women,1.52384060278396,0.867087999852246,5.50544288725358,8.37689052257382,1.13866292401662
2018,98,men,1.8578053275596,1.03168315329792,3.46606524835169,18.7251729252165,1.38276814656809
2018,98,women,1.65529699914118,0.902203740779063,5.09273835718596,8.47735296257266,1.16415344930668
2018,99,men,1.86055646752006,1.03073211562368,3.42320593241177,19.1766328900296,1.38573694102154
2018,99,women,1.74709578699075,0.923671621436934,4.98452893572767,8.67187115474237,1.1665024503777
2019,30,men,1.57133689305478,1.23468876972047,199.802007221937,96.8210718088929,1.16773193139742
2019,30,women,1.66815401253295,1.19435602475172,252.29949455368,168.33525152045,1.18677175800714
2019,31,men,1.60380280514403,1.22878783526982,102.502971244043,78.9030336245795,1.20765550291859
2019,31,women,1.55323000608743,1.54499382169171,180.717261096184,140.567647269578,1.24400012422441
2019,32,men,1.51446110095363,1.31798232561103,147.430751991877,81.7327209194805,1.24159798792376
2019,32,women,1.39245234116428,1.01763728790699,193.87100384114,163.897794836939,1.31858160103551
2019,33,men,1.53985918428038,1.49985473739169,88.8232120666149,88.1757556418206,1.26849049010477
2019,33,women,1.76846721120581,1.13585781775697,199.012587061354,193.721157167607,1.39510881768013
2019,34,men,1.51791809665289,1.69590436853534,122.586691177386,88.5978200861364,1.32720522485383
2019,34,women,1.82701745341513,1.15906370723862,193.269842680275,196.031953227752,1.45481018616811
2019,35,men,1.59875439151694,1.68366888929413,105.320022588688,64.7239022118577,1.35123401248683
2019,35,women,1.6855777427724,1.18152203793554,556.485237014118,160.724514443706,1.56348432120361
2019,36,men,1.67453700109376,1.78232331830085,119.721980683927,71.9038472119978,1.4064400555498
2019,36,women,2.04847309941152,1.27950158471162,273.254268983034,128.782401652355,1.65208303080528
2019,37,men,1.44795843069161,1.80037994795547,123.030244490448,75.5494453010441,1.46123604783229
2019,37,women,1.71111303957973,1.35319544494613,173.083720630623,133.302616989711,1.7584524191018
2019,38,men,1.62202747109983,1.81860438882297,88.6736563079409,80.3235019728255,1.54141027635831
2019,38,women,1.87559833536372,1.47239151926132,235.397790275922,144.895118124655,1.90952848500066
2019,39,men,1.53970687202951,1.64107591733064,103.352068189845,73.3657156917755,1.37297038311226
2019,39,women,1.84226742785366,1.61988421908972,317.750117720477,118.062753143676,1.07458100604206
2019,40,men,1.50261078715899,1.63525605060402,91.2985666243158,63.8151876402974,1.20507907253245
2019,40,women,1.55936146399976,1.64499322089161,163.679456475139,134.88867062611,1.17382606633656
2019,41,men,1.51270678342486,1.57231120832759,83.5979494818581,68.994496299893,1.29828767228436
2019,41,women,1.6651863840503,1.82809908856898,188.02297222457,128.480715692926,1.25308740816007
2019,42,men,1.55658075207545,1.69811012854121,103.211831119397,76.8476302093142,1.38894674189722
2019,42,women,1.51051866482862,1.81705150276888,136.479195493864,107.554751679693,1.36677826172775
2019,43,men,1.58280779946728,1.6695710760311,85.3814431946554,71.7951616591996,1.45755895285993
2019,43,women,2.0323200880493,1.66918415549106,172.477551377035,106.697298907548,1.4557816773335
2019,44,men,1.53266073436823,1.60336825343873,78.6503209374896,37.5082761371791,1.23926963411909
2019,44,women,1.56849492039807,1.63402083181778,118.816133714656,108.845162945748,1.12503122846694
2019,45,men,1.58170247435758,1.54924162816601,72.6573159101206,38.5920440301829,1.34218013597511
2019,45,women,1.65199220764123,1.61666751194959,178.84826057466,120.557560247023,1.21047027535651
2019,46,men,1.71420084201092,1.6045505461335,74.7640323255524,40.0143563985788,1.45880995853769
2019,46,women,1.68479545029496,1.62710722146804,206.164132039964,85.0607639185063,1.30425522607137
2019,47,men,1.65709588565915,1.49743285798889,38.4509466509881,38.3113331784252,1.29472987313649
2019,47,women,1.41778217266875,1.68424588236426,192.363467874854,104.26692126432,1.36224483905677
2019,48,men,1.68132392212488,1.59096604572081,40.904958547003,39.0969520732036,1.19521899441732
2019,48,women,1.41390769617206,1.73949607774993,144.153274695496,89.0802902772954,1.19485646727064
2019,49,men,1.81304598997398,1.53700851911999,40.8629719584865,38.422234878106,1.26696995462049
2019,49,women,1.56684183395717,1.5823819392361,169.079363873741,87.049216784852,1.21969213782775
2019,50,men,1.66596019491282,1.61572239334218,39.9445995592506,35.9296242868626,1.20980709769606
2019,50,women,1.6259691654347,1.47522839793399,126.750875122315,76.5863493754431,1.29050266124787
2019,51,men,1.61116947417335,1.53098528955703,40.663360283284,34.2528949059039,1.30365462033629
2019,51,women,1.78295893902935,1.46559043649099,153.035297866735,97.9688553060953,1.12538057537067
2019,52,men,1.60669661827163,1.4958983054512,41.5530908854847,34.84158003883,1.26132300031138
2019,52,women,1.7704085710075,1.36682094144095,148.098427225142,64.4139919731518,1.24215533594244
2019,53,men,1.46250870901098,1.46005346537494,32.4318385650308,26.1908334904605,1.25295765807128
2019,53,women,1.55440774767654,1.4596693918276,81.0840083898118,63.1824134989126,1.2758326949473
2019,54,men,1.40442046687865,1.41940514589323,40.3169314959766,30.6809657497554,1.17140765215353
2019,54,women,1.53953493984802,1.4112139722459,105.823831036417,61.9368347594563,1.16663916150171
2019,55,men,1.34093753378425,1.26388971129444,35.9585962080226,27.6675751441501,1.21236140393815
2019,55,women,1.33214031281346,1.29250033969404,85.9316520448408,59.6788828547288,1.19109302204955
2019,56,men,1.26981072992468,1.29089554000139,19.9456358767248,15.4599366022189,1.203621298658
2019,56,women,1.33356803142835,1.24693596950092,71.180416224456,51.8404973827628,1.19643939355856
2019,57,men,1.24347543969877,1.27329932736253,18.8040118913089,28.366786120096,1.20361075286559
2019,57,women,1.30377028096433,1.33951720231682,72.4808640210517,55.8128706281865,1.12934038602289
2019,58,men,1.16106843858694,1.26640905339622,18.0777657282088,15.2075999392413,1.18899261670045
2019,58,women,1.22642781331399,1.20561554018945,68.5502003357822,48.6171391102573,1.14828184921428
2019,59,men,1.24844890661999,1.26882645750798,18.0741452764935,15.2862053650227,1.24278784637921
2019,59,women,1.32538027830877,1.21355043482397,66.8023718922483,24.0085140359037,1.10957917774141
2019,60,men,1.20270949928931,1.18787699613392,18.7897160865663,16.3704592441649,1.19377072473175
2019,60,women,1.39345616432831,1.14375641457345,62.5391068028482,25.0247026516024,1.14588612935695
2019,61,men,1.19918611949185,1.23324253954425,17.3994934090695,16.1325525362664,1.19034952020523
2019,61,women,1.33584304324039,1.13737827317899,56.0004908882549,24.8113732034604,1.13262882754793
2019,62,men,1.2528105011706,1.22375171346763,16.9091578786523,16.0931813473422,1.17325381089571
2019,62,women,1.32317191423684,1.13760351641633,69.9982913786436,23.8431587901277,1.1503045333727
2019,63,men,1.30151498840442,1.26512932976388,15.0701092914529,17.6615036338874,1.1784239239148
2019,63,women,1.38929927757931,1.14038114485218,70.3250061098122,25.3231588309665,1.10854858595844
2019,64,men,1.30963722473336,1.18323994012887,12.7432769698206,13.0607587396426,1.13291911965485
2019,64,women,1.40085037387026,1.13084651230381,29.1744722539289,27.562412090032,1.11448699230045
2019,65,men,1.35287134575992,1.17167134155081,12.7083478405286,19.1678780339497,1.16440319476498
2019,65,women,1.41694383237094,1.11140733792679,29.3668114881171,28.7383788470319,1.09870621722703
2019,66,men,1.34754707959905,1.17128652648002,13.3718493133505,14.5949098034378,1.15538143911627
2019,66,women,1.37049896087975,1.09899251283676,30.8888512084812,31.7280957033491,1.106601776158
2019,67,men,1.36019917897125,1.17101052318877,10.845545929279,15.5374294646546,1.16546610641444
2019,67,women,1.3403902225138,1.141121743811,33.9623108139958,35.3701030327447,1.10693451005844
2019,68,men,1.43419323104206,1.15664166740307,11.6145918915232,12.7749731167426,1.13474022770471
2019,68,women,1.47978245908368,1.05167187026988,38.2085362060079,38.4230410160947,1.11965894932622
2019,69,men,1.40784629879117,1.18310925086656,10.2970204934489,14.498461279043,1.15915994102568
2019,69,women,1.45762742220648,1.11223392414679,40.8306850791401,22.9472249136125,1.12521971304471
2019,70,men,1.3232662541858,1.13917483842687,9.31433979263358,13.1918059352029,1.15443316257905
2019,70,women,1.34465980153522,1.04816441848002,25.1188002891961,25.9857911775533,1.08493716904583
2019,71,men,1.35359920316305,1.1284841304269,10.9774647914235,12.1389443613336,1.14243354783961
2019,71,women,1.43585669151411,0.984706412599223,25.5035253945683,27.4578917458579,1.10658816608771
2019,72,men,1.37334287145865,1.1317165797442,9.04786589391855,11.9655799652081,1.15711520267988
2019,72,women,1.394554677423,0.990439731410733,24.0898485512309,19.8414626716511,1.08500992741833
2019,73,men,1.38920595222644,1.11127788774022,8.62797077259221,11.7000107942242,1.19543168706419
2019,73,women,1.46368779681424,0.955816153370915,31.3294269541089,19.9731894699962,1.11036429830427
2019,74,men,1.41686703873265,1.17120446087442,8.73388769378718,12.6021349141082,1.18289623589812
2019,74,women,1.49182647659577,0.885770002641408,33.24536763801,21.7996190069062,1.10120635045902
2019,75,men,1.38322518466104,1.11476549543658,8.47954648795131,10.9437642548145,1.15101939982823
2019,75,women,1.40292670747347,0.893330560961124,21.7719550197105,19.7447430253717,1.09112495410701
2019,76,men,1.34528300440162,1.11223924624992,7.88019993835737,11.0010868285126,1.17477372893252
2019,76,women,1.4263519732269,0.876327033879086,21.5239493999338,20.5704844392963,1.07018769057875
2019,77,men,1.4364291093306,1.12950231469167,8.20894061937538,10.3136171887674,1.20183452185433
2019,77,women,1.44489507116085,0.829421102820742,15.363001923084,17.9471487794189,1.06495123539737
2019,78,men,1.47572420598915,1.12710422335194,7.78311791261558,10.0187565574693,1.19333628490219
2019,78,women,1.4873699043649,0.836728914585442,22.3457296709097,18.3809916417705,1.10110538358983
2019,79,men,1.51557805296131,1.21015078347852,7.22029128590297,10.5761393272441,1.19040455031411
2019,79,women,1.48309098972202,0.855289834562201,14.6427761666602,15.6216735462362,1.10009009118431
2019,80,men,1.41520294956548,0.93569923009037,6.26883805265464,9.64797690022851,1.21275408516627
2019,80,women,1.31214911149608,0.793580605215539,12.8282094921637,14.0729895887451,1.09453514508274
2019,81,men,1.38271310777922,0.949723638842604,6.41302530314272,9.42875646451416,1.21647649108791
2019,81,women,1.32452565188885,0.810336864765707,13.3422783218786,15.9827600087519,1.07244767060728
2019,82,men,1.4222747738059,0.973881014963578,6.31167520202526,9.58050212464145,1.22084911780947
2019,82,women,1.29730165607399,0.852945194323405,10.8577985309736,14.9171874406338,1.08417715276236
2019,83,men,1.49325800644305,0.987567475999475,5.70458107237037,8.90378962988252,1.22310577533786
2019,83,women,1.34283032332997,0.879771416242588,13.5520480962311,13.3315606773198,1.09520506388228
2019,84,men,1.48278183187125,1.01194199902241,6.49345897957742,8.46515056977113,1.2187534250198
2019,84,women,1.21059060099976,0.908213348033603,9.72881656822847,13.3659556804806,1.09094156656452
2019,85,men,1.38123828355673,1.03310528852162,5.61394883010585,9.00766642546741,1.22781443590934
2019,85,women,1.1809951267508,0.92514499023757,9.37490842091575,12.9560690531204,1.07301097001084
2019,86,men,1.36527290854945,1.05974281179421,5.28999507885465,9.61950897589512,1.26323452183371
2019,86,women,1.2491083116252,0.955362816179535,9.01982208335236,12.0406306341426,1.08474554008927
2019,87,men,1.41462890038357,1.08457860635995,4.85973475171425,9.18845974657278,1.27032941390155
2019,87,women,1.22253157319055,0.976665808522351,8.27109781800213,12.0875038951339,1.06686288622226
2019,88,men,1.47833817198026,1.10638212455485,5.17384806769801,8.60996024660167,1.29055329856155
2019,88,women,1.23004736455354,0.989923568509408,7.77380264990751,11.0922833394974,1.08703490567308
2019,89,men,1.45616479148277,1.11956231520104,4.73231400514588,8.55702419894898,1.280519500828
2019,89,women,1.26573519384229,1.02009585390611,8.57127280596101,10.6251786400162,1.07824060535082
2019,90,men,1.16220207185651,0.853858164249236,3.63576804079943,6.74212066660318,1.22007390876418
2019,90,women,0.981287562914025,0.792419759073367,6.40501425534382,9.28703863892483,1.07231345611553
2019,91,men,1.20795322211979,0.87132641613482,3.45471352765,7.92055399427574,1.25015992002072
2019,91,women,1.03123362018666,0.835845650327704,6.85773660672555,8.92061488581297,1.05847059122987
2019,92,men,1.26206462997064,0.869976385898725,3.76699486947988,6.94660624467216,1.29853186743468
2019,92,women,1.06890638859795,0.814740379649578,5.8611520220795,8.97834682911551,1.08981504339356
2019,93,men,1.30038536243875,0.884505428597754,3.32436993551586,7.34613278792002,1.33635712905289
2019,93,women,1.12312791758694,0.826216931570633,5.5063650127594,8.6631889989905,1.10429369758761
2019,94,men,1.39259399987271,0.910052039514222,4.37551847473011,7.78372225607286,1.31730732236908
2019,94,women,1.22308703692274,0.828755675386126,4.87168232759116,7.94913395563394,1.08956545033629
2019,95,men,1.45023793914321,0.925131925636973,3.24248748897289,7.04923733874862,1.37189644177096
2019,95,women,1.28409765247557,0.85810262012128,5.14340054284187,8.10515750176575,1.1179344825648
2019,96,men,1.53664460494714,0.926576254638266,2.76002041603221,7.68806043988188,1.37295142525304
2019,96,women,1.42321085129134,0.856638522758136,4.30289321706883,8.69681584661147,1.12623958822329
2019,97,men,1.67681939051369,0.965118422718374,3.74269632360524,7.67537577689062,1.40327153750315
2019,97,women,1.53420031767778,0.859527568311241,5.70683324580935,8.55260640545764,1.15193206128938
2019,98,men,1.85610028135763,1.01304297009801,4.13141258412176,8.04127332478665,1.45804320356069
2019,98,women,1.66912089666961,0.892933410558054,4.57079725487751,8.35759567304315,1.1803110397349
2019,99,men,1.86532088196635,1.01412951481445,4.06934329629628,8.17653343796014,1.46096526758234
2019,99,women,1.76465077029228,0.912160184323022,4.45781316858717,8.73951242977893,1.18222425028255
2020,30,men,1.57894021431027,1.24497757563486,182.673978111684,66.5714313045738,1.1284705077659
2020,30,women,1.67664068375184,1.20976570846208,250.008497178169,240.750932788688,1.14649450378698
2020,31,men,1.60440347480202,1.2290184971638,109.699405402526,69.2984823552517,1.18900511844382
2020,31,women,1.56796605601012,1.55983020247933,300.758410723947,213.256773153396,1.23585759350971
2020,32,men,1.51929442082781,1.30717722443895,139.990488247208,73.8616362100263,1.24396869738504
2020,32,women,1.41034959400479,1.01525048958534,108.964812326626,215.33026373212,1.32513208367973
2020,33,men,1.53976807514705,1.48828746910275,83.4470598945599,86.1304463765968,1.28583868343686
2020,33,women,1.81990476341335,1.13995390946579,195.143733593073,211.680962814242,1.39670745953281
2020,34,men,1.52494401528099,1.68364487608136,76.0086999134496,58.4007716221237,1.33061103027012
2020,34,women,1.87326638829504,1.1593953945059,118.178416634835,127.276542587551,1.48271411075902
2020,35,men,1.6097123156586,1.69315327575249,107.025603887836,57.4291500038169,1.41930826820368
2020,35,women,1.73126510317885,1.177312805138,144.012809147168,116.447653131062,1.60592771612486
2020,36,men,1.69670888628378,1.79921003192475,111.436848619647,79.3735689609622,1.47719327361397
2020,36,women,2.08867759035736,1.27295654879481,178.775869818443,116.176907672001,1.70651955301028
2020,37,men,1.47716447952635,1.82920045959851,78.3864095332245,83.4086444275411,1.06314369705622
2020,37,women,1.75189997352915,1.34564711785293,166.968770777834,126.750929831156,0.972697302246764
2020,38,men,1.66007152007464,1.84727889840667,99.0067315944576,87.9940106562571,1.15264640018279
2020,38,women,1.91769724191513,1.46507104987466,162.622739524707,134.160416650037,1.05287158976489
2020,39,men,1.55834135266916,1.65118798392198,84.8420297943085,74.6766526575752,1.21729572787078
2020,39,women,1.88067058967967,1.61178827155587,277.684744179829,163.508024039476,1.1375516552713
2020,40,men,1.52382728733996,1.64455765146542,92.0916840827414,66.6288380282154,1.31318290661485
2020,40,women,1.596168970239,1.64857288681069,139.547017489575,102.451985527245,1.2205901013417
2020,41,men,1.53464974625444,1.5844382961529,87.268306151061,64.9594696983365,1.3388463901056
2020,41,women,1.70172397913049,1.83225408705712,131.860253526884,140.785753242667,1.32714655407774
2020,42,men,1.5817792463597,1.71543106769642,86.7236164890248,63.6399026752722,1.46011829051593
2020,42,women,1.5439213618157,1.8386432052548,107.953592703666,154.384721527769,1.44742358863792
2020,43,men,1.61337260091427,1.68887062996948,95.1055992432529,79.6792694950593,1.24212112497398
2020,43,women,2.06485093794178,1.69543611388618,170.819215625175,103.344025864846,1.09946009711449
2020,44,men,1.56095146868651,1.61603963806491,71.0972444932147,33.5813598735947,1.34195200078719
2020,44,women,1.5992314413898,1.6575301150655,114.97597164611,107.003790209138,1.17123821903381
2020,45,men,1.60744890455505,1.5631632702805,76.8154659073327,33.702290097494,1.19529829141157
2020,45,women,1.68379167859088,1.62157968737578,159.084041336687,134.606239558411,1.30653603544822
2020,46,men,1.74137233948872,1.61948202471751,79.0602602795924,34.2893805214497,1.26175063610274
2020,46,women,1.71459168078281,1.63129063598998,161.760196613559,112.257816404125,1.39162922116305
2020,47,men,1.68460225325468,1.50834436179115,74.9195122925021,34.8065145875017,1.18254066361596
2020,47,women,1.4195918325806,1.69628217616532,159.82641842722,104.889653255803,1.17757433577622
2020,48,men,1.71205269657775,1.60330734104684,37.7018371062714,35.3398277503585,1.27481195258594
2020,48,women,1.41159200652322,1.75066849826999,128.037022425466,104.871008757205,1.26003690609889
2020,49,men,1.84504358774764,1.55065595033463,42.1504893401959,35.4315770034567,1.20796025016959
2020,49,women,1.56510299020628,1.60212723661547,133.678776079696,94.2599086286226,1.37645844263581
2020,50,men,1.69495553182164,1.63006318273216,40.9682789362985,34.9382685053777,1.29444797019973
2020,50,women,1.63530546267699,1.49031156690098,111.383434384564,72.0141528406617,1.17712514454942
2020,51,men,1.63701414161217,1.54139353086413,40.1880321235782,33.1059474165183,1.24575728609275
2020,51,women,1.79720331453415,1.48091266082917,145.713820810012,71.1120335620469,1.23491265824693
2020,52,men,1.62923312983776,1.50727949465509,40.1482060799179,32.7074714764366,1.32973532086921
2020,52,women,1.79583839869523,1.3724362879978,113.157903744436,62.3618398782845,1.29187591325746
2020,53,men,1.48293548702751,1.47043314225967,40.6904328043216,32.9160172663674,1.18434978205641
2020,53,women,1.58415998245038,1.46937959270703,141.518151337764,65.9776083752103,1.17747902858438
2020,54,men,1.42208976476971,1.43083676204992,32.7996288694607,24.8269174405476,1.24114369175808
2020,54,women,1.56707617455741,1.41994332240909,115.371193341191,62.3404428823803,1.19059668338491
2020,55,men,1.35225240703224,1.26867263520158,39.7561640304239,29.8347483581782,1.22219630831779
2020,55,women,1.34173313216122,1.29978168585843,90.7123187167819,57.4215091679368,1.27329403377438
2020,56,men,1.27880042127982,1.29572786776901,35.0715481914856,28.7922549763134,1.16733949962915
2020,56,women,1.34660903357565,1.25229684386885,101.227171366809,57.3550091238897,1.11595912389534
2020,57,men,1.25196753858612,1.27716413069187,32.9706798104682,28.2321001885738,1.22935415119132
2020,57,women,1.31665793631443,1.34806193769488,82.9879272778496,55.4917366795938,1.18098220746573
2020,58,men,1.16896829509752,1.27053243168376,17.8651830500607,26.6261250711086,1.18468492179147
2020,58,women,1.23431202554091,1.21062072096779,79.4533452011601,49.1955658790867,1.05273918028356
2020,59,men,1.25722849843757,1.27326095965736,32.5335552534243,19.0957590840174,1.18147814557356
2020,59,women,1.33673531554375,1.21599160386715,66.4339096421594,25.1035547510802,1.16082358935878
2020,60,men,1.21158744488963,1.19105548995757,22.5644346909753,19.3942658402896,1.18951663474924
2020,60,women,1.40878103988285,1.1474999325307,77.630621175419,25.4067836592291,1.17659688872299
2020,61,men,1.21002050827358,1.23599138057793,17.2299669793059,29.10556257005,1.18024304026602
2020,61,women,1.35237129659875,1.13886869967152,78.5413685664586,26.1703597122898,1.13883719152901
2020,62,men,1.26550509009576,1.22657242333412,16.3700102311837,15.2138603515537,1.17984442060649
2020,62,women,1.34029604788461,1.13916833137833,62.9221877286169,25.6166854968464,1.10700761239579
2020,63,men,1.31658130436032,1.26789641035305,16.1392530203076,15.1538775822735,1.18069143709382
2020,63,women,1.40928334626789,1.14150925227584,58.7843645799021,25.6073634535258,1.06571899989227
2020,64,men,1.32664143247937,1.18596830045839,16.9836069423155,16.2935439545087,1.17354351185395
2020,64,women,1.42380284988694,1.13271933920476,54.2890799216483,26.3794223452892,1.10714513837681
2020,65,men,1.36955904364176,1.17148956094157,16.996548073475,17.4304482669373,1.16264772838805
2020,65,women,1.43475722340855,1.11060041749096,57.4720127546364,28.6671060987543,1.15275573581072
2020,66,men,1.36556302311199,1.17161621361667,16.6097308612168,15.1291324677313,1.22256061954597
2020,66,women,1.39139921355525,1.09842200074146,55.0893128420135,30.1057714838574,1.07901613187403
2020,67,men,1.37984144267682,1.17104791302559,15.1900967736274,13.8346263793008,1.20071489940202
2020,67,women,1.36258084826141,1.14169878721841,28.8075712448941,33.6995729710636,1.0927806768693
2020,68,men,1.45711580282095,1.15733294527687,12.7489615688162,14.7641564001091,1.14648852812978
2020,68,women,1.50455374283433,1.05046838976349,32.1233174133927,25.9843175574643,1.0688703045309
2020,69,men,1.43150246522642,1.18319111335849,13.2332669736052,12.9083602019304,1.18077942501246
2020,69,women,1.48485194981019,1.11089147366812,34.9284887136722,22.7992493698843,1.11870810938359
2020,70,men,1.34392572882785,1.13743099836159,11.0950293611825,14.1816648277257,1.14224307389686
2020,70,women,1.36755472028235,1.04359286889291,37.0106874276991,24.8706609443824,1.15388467924155
2020,71,men,1.37588501203617,1.12727325477792,11.7653790220723,13.402275077102,1.15107778721824
2020,71,women,1.46064003023833,0.979772605877776,43.9017219102953,28.8044540663412,1.10182329706696
2020,72,men,1.39511883802565,1.1301276040228,9.66787676631041,13.5360344253638,1.17426047091191
2020,72,women,1.4190947205291,0.984129507560373,23.1292627055917,30.8217702773637,1.08030015979079
2020,73,men,1.41143423777794,1.10996008059245,10.5896582513265,12.0418891544784,1.18217709150619
2020,73,women,1.49032609098215,0.94887184214693,22.8154337478767,21.8130731845143,1.07932563810302
2020,74,men,1.43908323748047,1.16829122143931,9.35763151427668,11.6421762663575,1.1717821771828
2020,74,women,1.51858600176243,0.877133704894173,28.6491377345618,22.5454735185677,1.08152718751388
2020,75,men,1.40293242549684,1.11000580918696,9.60590859494334,12.5921714635401,1.17299131591608
2020,75,women,1.42793132807145,0.883676473289338,31.0526162920503,17.5066629754167,1.05671626749516
2020,76,men,1.3637739283589,1.10829950913827,8.66045102679504,10.9774919303784,1.20546452862997
2020,76,women,1.4514668574318,0.866180794861977,20.1367339983948,17.2850772095231,1.119594976873
2020,77,men,1.45606809749425,1.12610484874813,8.27014884037187,10.6633308895246,1.19044007719585
2020,77,women,1.46990892464742,0.818929576437001,19.2571093397559,17.1628635597845,1.07225025619727
2020,78,men,1.49575065201968,1.12270787959525,8.52455275973851,11.3638618483763,1.19813864602583
2020,78,women,1.51206752374488,0.826698179512797,19.6736107785771,19.2253826013005,1.06604611021001
2020,79,men,1.53576783553636,1.20635766817078,8.01839027742098,11.8130992498396,1.21318960958685
2020,79,women,1.50827755325772,0.845901101053139,19.7088817883913,19.9136086920185,1.10831181759888
2020,80,men,1.43037788030306,0.924986933311291,7.52599939397991,10.5941672354901,1.20281625855595
2020,80,women,1.32700234192537,0.780716377692477,17.7785742195788,16.2338830144782,1.10983328444148
2020,81,men,1.39740474726047,0.940034644920084,6.61672191160558,9.35584388432768,1.21939339201362
2020,81,women,1.33862102904263,0.798460472558158,15.6219569803327,15.1025822620301,1.07115979569403
2020,82,men,1.43677825583499,0.965168422028596,6.61519351190294,10.1055883931256,1.21864201238841
2020,82,women,1.30856393783773,0.842211882922221,11.7427480264421,16.1430550745544,1.05169196458147
2020,83,men,1.50800489996289,0.979400957442685,6.35003522023725,9.27094377424731,1.22391767678433
2020,83,women,1.35317004046444,0.869948722183739,11.7116467552469,14.6476534419688,1.07963643735885
2020,84,men,1.49689692649836,1.00440628894676,6.56157406651916,8.96645372464993,1.2363211766154
2020,84,women,1.21925308559504,0.900201675122291,11.3341265880471,12.514296959411,1.07073108840751
2020,85,men,1.38968100279707,1.02657518832934,6.61326773881464,9.05299200477834,1.22489369515819
2020,85,women,1.18580968339147,0.918160768311085,10.2384587834745,12.7624033327307,1.09002993270065
2020,86,men,1.37515004207876,1.05368883208462,5.84359850400457,8.79020388629457,1.24156579034258
2020,86,women,1.25274267379451,0.948967095313455,9.89161644532593,14.028053005742,1.09152443253901
2020,87,men,1.42353000824368,1.07952467987154,5.42381550867746,10.0538367665272,1.2743506488964
2020,87,women,1.22641150601004,0.971130549855087,7.46542839417454,12.1195577297136,1.04531878107615
2020,88,men,1.48779892611741,1.10249563458526,6.3736605745029,8.69280451653702,1.29966506166413
2020,88,women,1.23293702988386,0.986160827293515,9.12428079744309,12.2170685331861,1.10123309327082
2020,89,men,1.4660806260629,1.11635889941755,5.73873395364924,9.06079305977579,1.30254714553502
2020,89,women,1.26892920773596,1.01656223946919,8.13328601923728,11.9984424687413,1.08603880518114
2020,90,men,1.15875153764662,0.84134104350346,4.85616641347034,7.55621313061323,1.20191102820687
2020,90,women,0.974826425691192,0.782054000843251,6.93643902587781,9.86744765797658,1.06822373840222
2020,91,men,1.20485967750668,0.859672116558052,4.21220903798872,7.16184734963459,1.2428871665716
2020,91,women,1.02537498121874,0.824808765830419,6.16243579066532,9.62075255374119,1.06094213015433
2020,92,men,1.26032327253499,0.857991492571727,3.59827098630781,6.56229247110104,1.28878495773048
2020,92,women,1.06461288081919,0.805113786147233,5.55563656533092,8.40943241345029,1.10144919530931
2020,93,men,1.29986146605019,0.87267306180318,4.9461424782983,7.03660151718683,1.28907180591799
2020,93,women,1.12001597682649,0.816934048307001,6.48678361852932,8.2278454206455,1.09791669497994
2020,94,men,1.3921362402698,0.898139048587136,3.92689914762984,7.7005575908727,1.31222087104872
2020,94,women,1.22316418039825,0.820094435232269,5.68756152497205,8.56537975405792,1.09969758154711
2020,95,men,1.44863070099937,0.91061828889249,3.14955592702468,6.50927930816083,1.34890568958109
2020,95,women,1.28643321318932,0.849408746949733,4.41695617850419,8.50972066044301,1.13194838178836
2020,96,men,1.53354518498427,0.913921585918962,3.41536773043149,7.87967407599613,1.36568269609486
2020,96,women,1.42852980876173,0.847880433635579,6.52745882937058,7.98442345316382,1.12199418575075
2020,97,men,1.67609077098559,0.949829281312738,3.25752235555547,8.05087259293281,1.43451973437818
2020,97,women,1.54462528008427,0.852036753566319,5.36265403610344,7.70998421579994,1.15271924389527
2020,98,men,1.85439764313284,0.99474855388327,3.4745132264899,7.54553844485141,1.44774190829555
2020,98,women,1.68305331074206,0.883762854730579,3.93701944697493,10.1628355160428,1.17446404808972
2020,99,men,1.87009512860207,0.99780236499546,3.32370602855791,7.39231422587596,1.44990876077123
2020,99,women,1.78237332369628,0.900797804628743,3.77032597067458,10.0658485748134,1.17600699862739
2021,30,men,1.5865765357815,1.2553469634062,95.7303381645012,85.3745575911309,1.13376598158122
2021,30,women,1.68516629822661,1.22536643456552,229.52439607171,344.971159890762,1.19265197250836
2021,31,men,1.60500407197321,1.2292490881636,108.57943061708,83.6858523840409,2.21427622797048
2021,31,women,1.58283451486047,1.57480160625727,1466.05973213187,155.709532947414,1.25179834655877
2021,32,men,1.52414076237997,1.29646598790316,110.068419701598,84.7547314385544,1.24865119750513
2021,32,women,1.42846785197771,1.01287046647298,212.820733913032,272.303074202088,1.31192363658305
2021,33,men,1.53967701649275,1.47681506943316,101.285656418439,83.5340974218549,1.27713754481937
2021,33,women,1.87281185031809,1.14406273412139,159.497710839602,154.465433040475,1.37586696143702
2021,34,men,1.53199895297921,1.6714800079291,91.4962918332416,50.4246108925465,1.31320685251353
2021,34,women,1.92066230032527,1.15972701246006,137.817467732757,135.801454911173,1.46574125495672
2021,35,men,1.62073986662791,1.70268635554893,104.877033692972,74.3897620758529,1.40647554011664
2021,35,women,1.77816727681653,1.17312064008907,110.617182477962,127.592727970018,1.55094468914166
2021,36,men,1.71916314866607,1.81624826288385,81.6641173868295,71.4005898394894,1.46125830543296
2021,36,women,2.12965067083266,1.26644820720007,192.932760165929,139.561662505087,1.61740056770333
2021,37,men,1.50694473495368,1.85846772274858,96.4238972704444,85.1572386878199,1.54319184170351
2021,37,women,1.79363821294396,1.33814460111607,154.804123493226,130.69863594314,1.74081612355342
2021,38,men,1.69898838322937,1.87639099948199,100.75487591208,67.253412278473,1.12958927239155
2021,38,women,1.96071954239922,1.4577905726752,190.033948376481,185.902184342301,1.05668970866109
2021,39,men,1.57719196871049,1.66135730852082,130.652526930472,73.1524370195721,1.20963267613179
2021,39,women,1.91985468457565,1.60373676330191,166.666169249436,147.376591903187,1.12464257908335
2021,40,men,1.54533263568534,1.65390751840094,75.7005941237805,69.759037371942,1.3063049014961
2021,40,women,1.63382642355757,1.65215856497433,129.374291642397,139.311720253436,1.23231855117819
2021,41,men,1.55689991126806,1.59665284749087,96.0065931362875,79.6029701145276,1.37909951275475
2021,41,women,1.73904460236677,1.83641646580704,190.655749990457,106.734109712578,1.36566292256073
2021,42,men,1.60737288772952,1.73291997859474,80.1927163776521,66.2759168783544,1.18742324019427
2021,42,women,1.57804562301047,1.86048060087063,137.48474426437,179.459854724525,1.4966741753411
2021,43,men,1.64451205647583,1.70838356091108,87.7937746248752,64.5580276017136,1.25068967671524
2021,43,women,2.09788601290735,1.7220876474933,150.133285799082,101.751000416421,1.14452382354441
2021,44,men,1.58975001862034,1.62880481849701,70.672855187092,32.4661416413938,1.33162281414813
2021,44,women,1.63055461966569,1.68136574812989,144.752887198249,111.358640694205,1.21184812353145
2021,45,men,1.63360137183283,1.57720303044009,73.0062653335784,69.6766154967338,1.19180273816322
2021,45,women,1.71618706810824,1.62650434598351,138.682286338434,84.9917289183319,1.30107230928501
2021,46,men,1.76896075889963,1.63454495793732,67.7490589851359,65.1707010591809,1.25869041393072
2021,46,women,1.74489972899127,1.6354827279107,144.927151332933,106.49502261891,1.37569868880945
2021,47,men,1.71255124911844,1.51932991610144,73.2978341934327,34.2904677764848,1.17497327718696
2021,47,women,1.42140290498133,1.70839846509436,125.897687370171,108.606874498884,1.17934140949164
2021,48,men,1.7433274594788,1.61573818991063,69.1827152902095,34.8156177094311,1.26223579498475
2021,48,women,1.40928125278045,1.76190709404452,111.40941083132,108.224812031077,1.27191731018907
2021,49,men,1.8775896388293,1.56441771543768,37.6147234979361,34.9403670996935,1.2465849415818
2021,49,women,1.56336693535155,1.62210896413171,130.673376253669,77.8958057849063,1.35558484298748
2021,50,men,1.72444079377716,1.64452406544062,39.8830697129363,34.9242477587785,1.32181597147517
2021,50,women,1.64469070820789,1.50554137082728,210.702211266099,84.2937537496947,1.21900086497463
2021,51,men,1.66326028168366,1.55186732757596,39.1650483047739,34.1719630067136,1.2544558393493
2021,51,women,1.81155435633719,1.49638737098717,115.770671284846,79.2355772893668,1.10161525148623
2021,52,men,1.65207436303274,1.51874157771067,38.8289322312663,32.2937353161082,1.19442952924138
2021,52,women,1.82162063791831,1.37807190790494,149.028497674661,68.4397831672943,1.16770052756792
2021,53,men,1.50363724253185,1.48088141734101,38.7432155054155,32.1652239109817,1.29694868161296
2021,53,women,1.61446654198337,1.47914953517786,116.150839264632,80.0093014740174,1.21231941991946
2021,54,men,1.43997245319109,1.44235471996851,39.5798340043276,32.2224673769034,1.18533119304216
2021,54,women,1.59509610519618,1.42872230921095,96.372158002212,64.9864890002656,1.14612487123769
2021,55,men,1.36365708450068,1.27347127843037,31.0869225807398,24.3264501062005,1.20657526866869
2021,55,women,1.35139023085335,1.30710041752213,78.3634303293867,57.4485514532992,1.27931480886005
2021,56,men,1.28784925906877,1.30057587974479,20.076759122237,29.01851159962,1.20232780155281
2021,56,women,1.35977101486815,1.25767809554551,85.3901654562228,60.9462409225835,1.08815651989766
2021,57,men,1.26051338670092,1.28103874322209,34.5995423479662,27.9903157794923,1.23140232501595
2021,57,women,1.32966651179616,1.35665691011768,82.5484866652404,55.9476154817465,1.11650460373746
2021,58,men,1.17691795206042,1.27466718478563,18.1107473695061,28.2410774872824,1.16399074745844
2021,58,women,1.24224298241944,1.21564418839863,82.4035666587555,49.5834871873713,1.11356733143751
2021,59,men,1.26606544069731,1.27770875396203,32.1495506747872,14.5398361033629,1.21986501004501
2021,59,women,1.3481819434422,1.21843647170064,84.7845173157298,55.1620699049115,1.23708020565899
2021,60,men,1.22052648146064,1.19424090928241,16.8106209615161,25.9029892125801,1.20875574728595
2021,60,women,1.42426674440999,1.15125384116327,84.5458965706317,25.2287743332053,1.19092036697377
2021,61,men,1.22094734839361,1.23874498362632,16.6097729898935,14.9678483441428,1.19297978941979
2021,61,women,1.36909571990443,1.14036034012446,66.9369458601001,25.1894087439884,1.1467225932597
2021,62,men,1.27832193328361,1.22939823397578,17.2973554998061,15.5028608097774,1.14262605033631
2021,62,women,1.35763315728025,1.14073452273278,66.8595308903498,26.4419830021618,1.04813328001959
2021,63,men,1.33181444122445,1.27066816908081,16.3305112987081,15.8131547994019,1.17261740657573
2021,63,women,1.42954476667536,1.14263791650596,65.0229643664084,25.8565537041307,1.09954473474987
2021,64,men,1.34385784108346,1.18870159693509,16.0054139090652,15.2229924952358,1.17261752907726
2021,64,women,1.4471197547734,1.13459433853156,55.6076014641641,25.7923387675837,1.11948487914137
2021,65,men,1.38644417224445,1.17130789848212,16.4980259572965,16.3336085462062,1.15406688879985
2021,65,women,1.45278557601436,1.10979448183942,70.6209733703394,26.816154619215,1.12695972054692
2021,66,men,1.38381073372515,1.17194583031182,16.402517484537,12.3722131234403,1.18067457985223
2021,66,women,1.41260761579102,1.0978520669541,60.3482796534054,29.7863985253267,1.02436182118701
2021,67,men,1.39975742222829,1.17108528555014,16.1870858290433,12.7210657077259,1.15691123781446
2021,67,women,1.38512759109825,1.14227583661458,26.2295868424808,30.478529381944,1.10187568347849
2021,68,men,1.48039312594303,1.15802429386067,12.1067049564827,13.855112550227,1.13949056080112
2021,68,women,1.52972712436702,1.04926688107291,27.7492051186347,34.0681479460693,1.06428475942685
2021,69,men,1.45554412410641,1.18327294099456,12.5537146308609,14.805077436998,1.18937753213196
2021,69,women,1.51257110462356,1.10955130672067,31.100254239931,39.0174271636685,1.09522766999264
2021,70,men,1.36489728403498,1.13569068884602,12.3188663379875,12.828995113585,1.1283505569331
2021,70,women,1.39082783877673,1.039043505832,33.5733390022766,22.3605026593947,1.1105796877927
2021,71,men,1.39852643377165,1.12606427674242,10.7031119130681,12.0440108601972,1.16227773032382
2021,71,women,1.48583855251993,0.974865943215885,35.9280735830609,25.328268343266,1.10903108163788
2021,72,men,1.41722905344952,1.12854164405892,9.2137187936364,13.2181656630779,1.16916125328405
2021,72,women,1.44405412859498,0.977862580290242,40.6219753935581,20.2065426447264,1.08190449835209
2021,73,men,1.43400692542923,1.10864448722293,10.8208809978104,13.8446514961636,1.18973845800261
2021,73,women,1.51743564180009,0.941981383111753,41.0172575345884,21.8093212204405,1.08287357932735
2021,74,men,1.46163652703079,1.16538666482502,10.3866105246607,12.0395653998898,1.15823068216464
2021,74,women,1.54581192218676,0.868585823412682,21.5190009235393,22.8538221929775,1.07973940022551
2021,75,men,1.42291047882892,1.10526878587719,8.9745834730738,13.5004112013586,1.15632905595112
2021,75,women,1.45336890305236,0.874131416690647,27.238273310538,23.3726459786603,1.11496024546174
2021,76,men,1.38250966930559,1.10437566676528,9.24313656584337,13.2149938198703,1.19977271450832
2021,76,women,1.47701119930327,0.856156965118134,28.8442189848385,17.9688367522782,1.12904013877564
2021,77,men,1.47596567190067,1.12271927606775,8.46591616568485,11.2819396114465,1.20178232578054
2021,77,women,1.49534311233092,0.808575853944309,18.8930270035383,17.9314678216683,1.06440069276551
2021,78,men,1.51603875474781,1.1183308472169,8.35379960102598,11.8407839214832,1.20578175334486
2021,78,women,1.53716271543091,0.816792568701255,18.3913401248579,18.8610304493841,1.0687662256686
2021,79,men,1.55621638373037,1.20257831055864,8.32066739716092,11.8956292076978,1.20691136259853
2021,79,women,1.53387906291917,0.836620000478733,19.0955265968173,19.524269377207,1.10563629223794
2021,80,men,1.44570789715789,0.914402486628533,7.41215769973038,11.3418795393233,1.23521074741749
2021,80,women,1.34201623117608,0.768066896557675,13.0714683843228,17.3093628327103,1.09873400542076
2021,81,men,1.41224510130234,0.930449219370767,7.04456758479593,9.66259905246039,1.20501353772059
2021,81,women,1.35285931902141,0.786763891317844,16.7922966157486,16.4447999560329,1.09722715983289
2021,82,men,1.451422347247,0.956538028573449,7.16329354208194,10.1291457472927,1.20479467030084
2021,82,women,1.31991834427514,0.831618849844129,14.3334684282125,14.9989648594363,1.07049181885848
2021,83,men,1.52289002166985,0.971305962295961,7.29388908095287,9.76797096769612,1.23263162779539
2021,83,women,1.36358419623092,0.860240479333744,15.7700192681989,14.463386389844,1.07155899324247
2021,84,men,1.5111393015295,0.996930383692793,5.69827653764326,9.16721289874369,1.2229850838305
2021,84,women,1.22797322195952,0.89226458886417,10.2484195895377,14.6031108113434,1.07919549038336
2021,85,men,1.39817111066214,1.02008956522808,5.44201539146908,8.67012589975297,1.2332809631948
2021,85,women,1.19064147007379,0.91123269016775,10.3798069376024,12.0926420803982,1.11265056495088
2021,86,men,1.38509369062769,1.04767240751017,5.90767275438564,8.84444304857472,1.27064956069127
2021,86,women,1.25638580377959,0.942617324579598,9.68598478310891,12.760944027954,1.0943312705761
2021,87,men,1.43248267649886,1.07449678756504,5.22196991170457,9.492727323039,1.28564770864789
2021,87,women,1.23030182309261,0.965629378588443,9.41862549349633,12.4002811974709,1.05916914626784
2021,88,men,1.49731549778905,1.09862471044846,5.02267994251309,9.00222507819902,1.30075807046606
2021,88,women,1.2358320484904,0.982414240090714,8.64764878717032,11.638602730595,1.09003417242645
2021,89,men,1.47605902525643,1.11316622826004,5.64171732972329,9.63471322668662,1.31441487600801
2021,89,women,1.27212969476016,1.01304260528357,7.94325629612376,11.2943389335308,1.10117049220799
2021,90,men,1.15531294810636,0.829013476602668,4.936311453483,7.09997634978878,1.20277876104315
2021,90,women,0.968410997093709,0.771828868544179,6.98502734789703,9.17058137744484,1.04456044938294
2021,91,men,1.20177558060244,0.848179350035447,4.0462306169679,7.65432093778206,1.2434633937849
2021,91,women,1.0195525012436,0.813922971949731,6.54172318122463,9.18027961045594,1.05269012970104
2021,92,men,1.258585177832,0.846177513965412,3.46834796510059,7.31519673811881,1.30388948873848
2021,92,women,1.06033873108297,0.795605616253065,5.40445785970001,8.2494991395718,1.08793499207469
2021,93,men,1.29933803986171,0.861004720113952,4.48183447777372,6.91943574031477,1.32512752985483
2021,93,women,1.11691419235764,0.807759979139464,6.39306847101652,8.65108255672951,1.08763989587562
2021,94,men,1.39167885758298,0.886387784719513,3.91863908718597,7.42651986689564,1.33530565068088
2021,94,women,1.22324129055543,0.811527932456347,5.77076609323452,8.3903021906363,1.1189405167084
2021,95,men,1.44702603823417,0.896339359475888,3.18074428182616,6.34652279107544,1.37140732059676
2021,95,women,1.2887718628142,0.840807193419534,4.73737632879757,8.02727269797958,1.10143909772813
2021,96,men,1.53045354591563,0.901445882944231,3.85015180844619,8.89751112385761,1.37025988859297
2021,96,women,1.43386599747716,0.839216153646781,6.55401443524086,8.29472562184061,1.12761906064085
2021,97,men,1.67536282843926,0.934789734154917,3.49458712236635,6.29868841907331,1.38645681659764
2021,97,women,1.55511586833884,0.844614880593938,4.89581169401752,8.26732643192339,1.13823175039074
2021,98,men,1.85269740829498,0.976793324402287,3.37811402739017,7.7991814907995,1.45227608153137
2021,98,women,1.69709503885064,0.874690950850228,3.93900484753923,7.36827413088522,1.15337236702055
2021,99,men,1.87487922283514,0.981745963223413,3.41512503691798,8.46461360017093,1.45413991665356
2021,99,women,1.80026496258825,0.889582479901596,3.78720094404907,7.48191077080453,1.15465661461655
2022,30,men,1.59424598426212,1.26579752380961,93.8609847673045,89.9025846330654,1.14709749493735
2022,30,women,1.69373101525622,1.24116047522933,155.887306708587,293.60088757374,1.16771191058284
2022,31,men,1.60560459670219,1.22947960832597,200.808130579648,76.6731614473649,1.18504403578612
2022,31,women,1.59783650598113,1.58990919411949,126.981177824142,241.878588890698,1.24724943101605
2022,32,men,1.52900015422317,1.28584775475463,99.4045829906244,70.1990952862082,1.24454319320487
2022,32,women,1.44680973279097,1.01049719599953,204.916112413192,226.846566491739,1.29099377665468
2022,33,men,1.53958600826458,1.46543671395555,111.383031814779,71.4194011674412,1.27905569306406
2022,33,women,1.92722969701052,1.14818432497515,134.139514695524,138.837357101099,1.37735118835105
2022,34,men,1.53908301515686,1.65940898744605,109.761219459259,99.9455290132907,1.32408805349302
2022,34,women,1.96923304587468,1.16005856114995,139.132694113216,139.30469453023,1.47841110402164
2022,35,men,1.63183745205443,1.71226835439813,97.1706834307018,100.405081196531,1.39803582834907
2022,35,women,1.82631594000045,1.16894546518795,255.854085286009,150.413555688338,1.56055425287112
2022,36,men,1.74190324214877,1.83343929469664,111.84967790406,73.3153470334247,1.43882669840622
2022,36,women,2.17140664271804,1.25997633619901,149.622148679472,141.338915509802,1.6603636113206
2022,37,men,1.53731019364951,1.88818843636317,111.641277165239,69.4429475412981,1.48938577962657
2022,37,women,1.83634945860359,1.33068759425416,195.140288340948,125.328603956543,1.75411582862485
2022,38,men,1.73879763803489,1.90594714848264,106.692485335612,74.8984202874954,1.59397478587924
2022,38,women,2.00468501846037,1.45054984955674,144.625437358713,126.271019373289,1.04545367630265
2022,39,men,1.59626111822921,1.67158418676937,82.9899880401101,87.3691571333051,1.19101910834696
2022,39,women,1.95983519466646,1.59572942858928,197.388633019208,145.002790190615,1.10687990434245
2022,40,men,1.56713061881549,1.66330587779527,89.6259674862082,85.4272654729987,1.23170232611445
2022,40,women,1.67235301546373,1.65575026249782,111.20784797839,112.272322183196,1.18813709793377
2022,41,men,1.57946142409969,1.60895544940356,98.0958731218139,73.5933380415228,1.34165617216788
2022,41,women,1.77716463468454,1.84058623426657,265.066465289963,110.495468688192,1.27863544504964
2022,42,men,1.6333676725004,1.75057840583647,91.9467449758478,70.6665801374139,1.42703328000467
2022,42,women,1.6129066669694,1.88256636172161,151.702175386164,96.4897590861834,1.40128406809439
2022,43,men,1.67623667793117,1.72811212062976,87.6924752158702,64.4704523052269,1.20754937228799
2022,43,women,2.13143287307387,1.74914463591775,268.106921018982,131.941703731067,1.44292531569176
2022,44,men,1.61906524134471,1.64166444210119,74.015351584922,67.8663291267854,1.27586414727323
2022,44,women,1.66247535392458,1.70553209646361,155.218219528889,134.536656061211,1.15379268758017
2022,45,men,1.66016607396866,1.59136185162576,73.2491151712623,33.0830104259965,1.15450194612781
2022,45,women,1.74918924045696,1.63144151329554,242.96486275235,118.703704223062,1.25298424929718
2022,46,men,1.79697228647372,1.64974043719612,77.0096571435508,64.0742737723619,1.23725251070605
2022,46,women,1.77572812675012,1.63968351092239,117.127964974909,104.170285844594,1.34408188465784
2022,47,men,1.74094977163809,1.53038998644679,74.4621152440225,32.9779591494598,1.25479856970854
2022,47,women,1.42321539027357,1.72059524083455,155.582593470371,81.8610506329348,1.12334915467635
2022,48,men,1.77515763455884,1.62825919735524,35.1447088778054,34.4300152272548,1.24781831642909
2022,48,women,1.40697542198829,1.7732122240005,116.856460511448,97.8251677433992,1.24829884708309
2022,49,men,1.91069326557728,1.57829471499754,37.062073445795,34.2193521098947,1.20168046213847
2022,49,women,1.56163366354326,1.64232983370557,155.168411834646,90.8101975459308,1.12414267821088
2022,50,men,1.75442401030505,1.65910598698837,37.0946230959575,35.4444665701078,1.32395281293229
2022,50,women,1.65412513424249,1.52091916164715,133.810519989751,85.6500017769006,1.19070331586563
2022,51,men,1.68991392759352,1.56240705984322,38.262574629295,34.4092623111437,1.15242963072573
2022,51,women,1.82601280981605,1.51201600791499,103.034586750424,83.0410754573827,1.29234284261121
2022,52,men,1.67522428422705,1.53028508913161,38.6280868100332,33.6225651505448,1.21192477791626
2022,52,women,1.84775999445477,1.38372786427046,136.702047983741,70.391997107848,1.15318159855726
2022,53,men,1.52461753835082,1.49139870969776,38.1862368338122,31.9321917206346,1.28526274470132
2022,53,women,1.64533747212512,1.48897955696402,130.518073997009,86.1560448085572,1.20223567799229
2022,54,men,1.45807100173713,1.45395962857196,36.7116291006802,31.3985057651124,1.26253522265067
2022,54,women,1.62360280894963,1.43755119012431,110.326915928482,72.2264447900921,1.23705665635435
2022,55,men,1.37515223398495,1.27828568482678,38.9192459668,30.9988376815766,1.14722636396231
2022,55,women,1.36111200748534,1.31445670799687,117.423896658478,66.932693987278,1.17601515791126
2022,56,men,1.29695760288225,1.3054396190365,29.5714297307037,24.0176755044341,1.16831493773855
2022,56,women,1.37305503691295,1.26307979184722,83.1181193803562,54.9642779527889,1.31392824507171
2022,57,men,1.26911329739127,1.28492318497775,36.47802856478,28.8378307581498,1.23537347673942
2022,57,women,1.34279708128308,1.36530238986675,96.0037210542565,61.6527277677534,1.23139562987469
2022,58,men,1.18491769854148,1.27881333842905,32.8461690298771,15.3301541949104,1.16137087051476
2022,58,women,1.25022093775829,1.22068600019516,64.2646575232705,56.4464161752111,1.12561440619438
2022,59,men,1.27496007937066,1.28216987365784,31.6163760959407,27.3733502518642,1.19011097272259
2022,59,women,1.35972085491329,1.22088504209451,64.958640490383,54.7599831888987,1.16302149099116
2022,60,men,1.22952699884141,1.19743326576024,30.1218173862979,26.6968179755421,1.17302791757243
2022,60,women,1.43991488491673,1.15501816414919,87.065544794814,52.353996093902,1.0884437885811
2022,61,men,1.23196738242007,1.24150335457658,16.8210469144948,14.3550451004841,1.11369404849627
2022,61,women,1.38601854265433,1.14185319492492,80.0331130205402,24.7522316713128,1.15407988508528
2022,62,men,1.29126214672699,1.23222915208569,15.8694321847742,19.2537044650648,1.21653976272836
2022,62,women,1.37518578388692,1.1423020910084,54.8350858285286,25.0070680219587,1.11594755867962
2022,63,men,1.34721616219396,1.27344461153584,16.1645456041679,15.2793742421155,1.14337866611789
2022,63,women,1.45008724796676,1.1437671375417,67.1086674837287,26.7595851580999,1.10305148978076
2022,64,men,1.3612889916984,1.19143983604036,15.3350489951097,15.217892621715,1.16703532785761
2022,64,women,1.47080669013411,1.13647151172745,54.2458777822886,26.0970166751241,1.20232409633456
2022,65,men,1.40352896792627,1.17112635403726,14.7577593522049,14.8375655064363,1.15396359870631
2022,65,women,1.4710313759245,1.10898952928382,51.2283657641355,25.9129714917966,1.13336501027601
2022,66,men,1.40229307612103,1.17227537661542,15.6662981772935,15.3937713968864,1.16510319054653
2022,66,women,1.43412855503233,1.09728271060263,51.9849490026,27.723816458615,1.08900265471376
2022,67,men,1.41995079359363,1.17112264077887,15.4662861564081,17.978506002965,1.1464183486174
2022,67,women,1.40803598555817,1.14285289199676,25.9095127182197,30.1355380606046,1.12161971294273
2022,68,men,1.50403051094472,1.15871571312669,15.3100196851623,12.7688708971321,1.13312052892593
2022,68,women,1.55530892687964,1.04806733999409,50.2259813528271,31.390067106197,1.07817412906079
2022,69,men,1.47997736185687,1.18335473380684,11.3025619139562,14.0192704529506,1.16493470871127
2022,69,women,1.5407936218126,1.10821341829306,27.1417460687004,35.2958258088746,1.1307082260389
2022,70,men,1.38618547614519,1.13395390099063,11.2652460323027,15.2237724168501,1.12798211245775
2022,70,women,1.41448521268878,1.03451621072409,29.328365774787,38.2023210738712,1.13478313954905
2022,71,men,1.42152896267082,1.12485719240994,11.5920302708604,12.9164406149102,1.13525529783749
2022,71,women,1.51145900311778,0.969986261956239,31.5157983221217,23.1557199223056,1.10515898227314
2022,72,men,1.43967847905461,1.12695869264102,12.9278652715229,11.9931171271811,1.16670607577171
2022,72,women,1.46943985530954,0.971638631324511,34.3259994697101,25.8775542831882,1.07341195426729
2022,73,men,1.45692917691563,1.10733110282014,10.4092574683567,11.7920439728469,1.17521352145747
2022,73,women,1.54502454685371,0.935144332312282,38.309340567356,21.7241727420077,1.08664180508125
2022,74,men,1.48453185152696,1.16249076087547,10.5004563910214,14.1096674802595,1.16441827801849
2022,74,women,1.57351212990278,0.860125409934724,21.5181613922793,23.1578506723659,1.12395496519232
2022,75,men,1.44316292933284,1.10055430646551,9.947159913205,12.6641842350349,1.1701726721432
2022,75,women,1.47924670919838,0.864694106755362,20.1384076486825,23.9377558336678,1.0631749379553
2022,76,men,1.401493345032,1.10046764718686,8.36852564680506,12.0652102642248,1.20529558167718
2022,76,women,1.50299212448255,0.84625400836549,26.7473321344615,25.4458398699292,1.08012941013196
2022,77,men,1.49612510686702,1.11934554916274,8.76344827820252,12.076564547368,1.18819856276152
2022,77,women,1.5212044842866,0.798358058471989,27.4084759863394,19.0871448557668,1.07486694215311
2022,78,men,1.53659180085128,1.11397303189703,8.23967486801726,11.6072653083795,1.18902145776611
2022,78,women,1.56266167789487,0.807010460582906,18.7220075992897,19.5340629352775,1.07217738923423
2022,79,men,1.57692688354839,1.1988126539724,7.61536272678517,11.2036008856146,1.2015347972046
2022,79,women,1.55990214449383,0.827445246585303,17.7559346053075,16.5709668996673,1.07538804173238
2022,80,men,1.4611945071768,0.90394430203358,7.58916595436831,10.3444303770477,1.2244559017577
2022,80,women,1.35719243621456,0.755628473378263,17.9255267511952,15.4180947090407,1.09399956730595
2022,81,men,1.42723560054793,0.920966204696681,7.32524224253712,10.0940885610621,1.20557810358566
2022,81,women,1.36724189902455,0.775244311712546,17.3573250584595,15.3742533765822,1.06985225182274
2022,82,men,1.46620834064382,0.947989018983751,8.24518845640056,10.3365656667549,1.20330101904173
2022,82,women,1.33136558281564,0.821164193676742,16.6029294820201,15.3773600890267,1.08488740442405
2022,83,men,1.53791459786919,0.963281829222035,6.81351580544561,9.43735814512478,1.23114094876531
2022,83,women,1.37407328930377,0.850645298496027,13.8557558542263,15.1569494128252,1.08316464961148
2022,84,men,1.52551004086107,0.989513779397971,6.84395185531411,9.49309237921743,1.23554453860797
2022,84,women,1.23675136497384,0.884401358484796,10.2427174191539,14.6034494205845,1.09257594552849
2022,85,men,1.40670884949636,1.01364809449721,5.11743573937701,9.53475408849804,1.22987827694139
2022,85,women,1.19549053988827,0.904360277040871,10.2731539485361,13.1204589672254,1.09214601364831
2022,86,men,1.39510426887972,1.04169328669216,5.87276329100807,9.48362643167118,1.24387622968955
2022,86,women,1.2600377183786,0.936313151357066,9.98837555767837,13.412958616573,1.08880258841284
2022,87,men,1.44148717808266,1.06949478254874,5.34254084036506,9.23581632534971,1.30707115164316
2022,87,women,1.23420254707197,0.960162068093215,8.89064509502064,12.4285349757804,1.05735380219809
2022,88,men,1.50688818844979,1.09476928214578,4.88817582306962,10.1703134508011,1.28274545119448
2022,88,women,1.23873242763432,0.978683729607706,11.6804996054701,11.4119551042456,1.09253715789568
2022,89,men,1.4861003525684,1.10998426040011,5.62565151256475,9.19811058829432,1.32079305568268
2022,89,women,1.27533666482099,1.00953688916184,7.85636978230651,11.7789777195619,1.0911677752647
2022,90,men,1.15188625600747,0.81687250135645,4.69429964465115,7.6295846296239,1.23136167597196
2022,90,women,0.962040931383519,0.761742386218847,7.11940037677922,9.40175663437689,1.06678612482959
2022,91,men,1.19870089790034,0.836845799386034,3.86076796099469,6.93137955985176,1.23631074523971
2022,91,women,1.013765939365,0.803186127084254,6.03077928266113,9.76985433525853,1.06840593490917
2022,92,men,1.25685033813854,0.834531929924783,5.77268679928572,7.13035412877783,1.29599914534146
2022,92,women,1.05608384259639,0.786214355635149,7.22984402610395,7.7055460743255,1.07631350811186
2022,93,men,1.2988150832189,0.849498050268754,4.81898873315444,6.4926577562721,1.3203440100514
2022,93,women,1.11382252603297,0.798693395649901,6.24800994292822,7.99051029952802,1.09330533538169
2022,94,men,1.39122185131563,0.874795973956052,3.97767644200223,7.64749958463575,1.35189346527814
2022,94,women,1.22331836742512,0.803055084703498,5.35498910665197,7.87420203744866,1.09945518076997
2022,95,men,1.44542394544972,0.882291228488874,3.06958611761989,6.66083890119181,1.34010514301835
2022,95,women,1.29111360390407,0.832296934240354,4.51403850303616,7.78320499005355,1.12733907334607
2022,96,men,1.52736966437224,0.889146528051314,2.48168317639296,8.08828148201354,1.36057585983555
2022,96,women,1.43921946469224,0.83064463231553,6.17807107499624,7.88064426443198,1.12647315312267
2022,97,men,1.67463556191109,0.919995586147089,3.41621345460972,6.04980533590342,1.41671907818596
2022,97,women,1.56567246278168,0.837261281245167,5.13513604401066,7.58578373090715,1.14358303680387
2022,98,men,1.85099957226487,0.959170829795996,3.317971861405,7.25231069349884,1.45094671733671
2022,98,women,1.71124688394905,0.865716589644146,3.8765421172361,7.64812269707245,1.14619280680375
2022,99,men,1.87967318009,0.965955689119557,3.34017635092289,7.17981902161855,1.45251423875104
2022,99,women,1.8183272152975,0.878512235561501,3.85492019172099,7.40931018269394,1.1472280823165
2023,30,men,1.60194868696994,1.27632985165594,187.988581656127,65.2422381401028,1.13799395387672
2023,30,women,1.70233499471207,1.25715012850112,196.329996389866,223.47806686933,1.18635119356577
2023,31,men,1.60620504903352,1.22971005770771,160.286376635807,86.7003927567307,1.19430549133896
2023,31,women,1.61297316168226,1.60515413656276,227.206019051541,212.114994454232,1.2446650694963
2023,32,men,1.53387262501918,1.27532167206671,88.5589881315778,73.7506337172022,1.22840042884117
2023,32,women,1.46537788384031,1.00813065568096,118.598246966675,140.540242692865,1.33488906850533
2023,33,men,1.53949505040967,1.45415158580948,127.061232307295,65.5409278860162,1.27674630002866
2023,33,women,1.98320066381858,1.15231871534882,287.960776997074,145.266414746263,1.38517797910302
2023,34,men,1.5461963075537,1.64743104475325,107.847475211458,76.4110975161671,1.33736034663857
2023,34,women,2.01900714356909,1.16039004062424,89.745146509632,123.914859305088,1.4672716549481
2023,35,men,1.64300548175079,1.72189949894884,92.4506170353761,63.5100855133214,1.38684166034037
2023,35,women,1.87574357872113,1.16478720322473,285.750645393056,128.294486668807,1.55175927733929
2023,36,men,1.76493266114661,1.85078442111156,119.50940042777,73.2672330722914,1.43353393390854
2023,36,women,2.21396006674979,1.25354071353692,160.709370399931,192.555980671171,1.64352430431952
2023,37,men,1.56827205729158,1.91836939646106,86.0076194293775,71.9235879329743,1.51931598302728
2023,37,women,1.88005589521254,1.32327579890368,122.230663467179,146.923996929825,1.75977310729748
2023,38,men,1.77951929107824,1.9359538938391,100.418890840167,69.9904332991659,1.5780472224162
2023,38,women,2.04961386541924,1.44334864394743,151.167344011985,149.602190084891,1.87615192789329
2023,39,men,1.61555122470249,1.68186891568891,84.657834503805,81.7469983128788,1.67318561843957
2023,39,women,2.00062790112516,1.58776600339876,129.413128472623,159.584056759318,1.09810990763644
2023,40,men,1.58922507108075,1.67275295698213,78.9876576889673,82.2531101191601,1.23588413190331
2023,40,women,1.71176836098669,1.6593479865018,119.888598595866,182.189924348115,1.16654153706736
2023,41,men,1.60233848423566,1.6213466925998,113.909418574367,63.9183736219542,1.35125101539558
2023,41,women,1.81610079133925,1.8447634018905,124.133560390432,222.261627260497,1.25789628104952
2023,42,men,1.65976968494767,1.76840790745057,75.6421533411666,71.1242619025812,1.43857982696699
2023,42,women,1.64852002545728,1.90490318763084,128.364374967468,145.167683439203,1.39323105932546
2023,43,men,1.70855716400172,1.74805858353096,96.6448119081229,71.3133824416137,1.21879233865039
2023,43,women,2.16549918809902,1.77661304230843,283.372896740224,159.465134873556,1.23981522924208
2023,44,men,1.64890614402252,1.65461916038841,80.8911381227724,72.7169447925798,1.30224707215896
2023,44,women,1.6950047397951,1.73003358171127,174.368629223046,124.556713333629,1.12010252173395
2023,45,men,1.68714930020756,1.60564068387465,80.2414107039265,32.9333495425023,1.15963669645976
2023,45,women,1.78280925244669,1.63639121487441,148.465843119762,128.114035782611,1.24515666687666
2023,46,men,1.82541319710276,1.66506956241199,79.3459132785512,32.7195437787172,1.28801438753513
2023,46,women,1.80708554378552,1.64389299873178,120.097042739724,134.226765719134,1.36224077013876
2023,47,men,1.76980482322077,1.54152504104814,82.0846797112127,33.8647389849663,1.34121090956793
2023,47,women,1.42502928886007,1.7328729978459,128.971383415407,125.024663303013,1.16526206376425
2023,48,men,1.80755280341875,1.64087097220901,34.5225451484647,33.0068141083782,1.2538248576759
2023,48,women,1.40467450123175,1.78458424883264,116.166357647148,93.9902622783914,1.26461500965512
2023,49,men,1.94436373745556,1.59228785622513,70.5583578996063,33.0082116429374,1.20785719206058
2023,49,women,1.55990316894684,1.66279258699959,137.512934047906,109.508731577303,1.12570103047975
2023,50,men,1.78491333845967,1.67380989986728,36.1679280332889,33.8492425334924,1.27089852806005
2023,50,women,1.66360897398226,1.53644630308111,99.6872259916396,86.9620143494071,1.20989030408384
2023,51,men,1.71698120016128,1.57301310983217,36.4804860054674,33.5040557340262,1.23498587214309
2023,51,women,1.84057942518442,1.5278000254564,147.93950155773,81.2917985837525,1.29489514978341
2023,52,men,1.69868690941874,1.54191056669626,38.8572339731124,33.6494002628107,1.23492065746442
2023,52,women,1.87426123454494,1.38940422036756,114.517776345933,80.9177337772635,1.19942064444855
2023,53,men,1.54587998167724,1.5019854407596,37.830917305219,32.4430836162429,1.19717995463254
2023,53,women,1.67678299567754,1.49886999753023,102.231949235977,72.37526802756,1.10628682805138
2023,54,men,1.47638790734011,1.4656521007733,36.8616309869293,31.3201562004815,1.1610896163368
2023,54,women,1.65260449519493,1.44643022382888,95.8639770597273,73.3345246083824,1.13396766428522
2023,55,men,1.38673852791235,1.28311589833734,36.8258643368975,30.1091472772055,1.15891846767786
2023,55,women,1.3708988629258,1.32185073131171,74.9063217372354,69.8957243976903,1.18528676629683
2023,56,men,1.30612581431767,1.31031912884864,37.3218902127052,30.4078170071338,1.24840303722365
2023,56,women,1.38646217010121,1.26850200027902,88.9063052742269,29.9018295805012,1.2218777757257
2023,57,men,1.27776758567553,1.28881747601426,29.0133170383126,23.6702490937007,1.17688667853103
2023,57,women,1.35605072764736,1.3739986485431,79.5153948586668,56.6907661315034,1.21646617649027
2023,58,men,1.19296782514003,1.28297091838643,19.4568547519579,28.2500434627839,1.15614162875677
2023,58,women,1.25824614661759,1.22574621422407,93.2663211940042,55.3249336869914,1.09868054134555
2023,59,men,1.2839127623434,1.2866443520472,17.7458021782425,26.6583872422672,1.17785523306805
2023,59,women,1.37135274776148,1.22333731882061,83.2913329047638,54.2070217216344,1.10436955105018
2023,60,men,1.23858938916397,1.20063257105645,32.2519274847809,27.5668666944166,1.21845530758744
2023,60,women,1.45572708366046,1.15879292520879,90.6747380336681,49.0211180737957,1.1496447238121
2023,61,men,1.24308135851374,1.24426649932032,16.7078252404222,26.0438987475748,1.21383827091119
2023,61,women,1.40314201856215,1.14334726446046,78.543142905189,49.1328440706644,1.09477831151952
2023,62,men,1.30432685604631,1.23506518436239,16.0935819656847,19.1238954439695,1.20860296187289
2023,62,women,1.39295649821545,1.14387103673375,78.8240295912276,51.796688026497,1.0555146884854
2023,63,men,1.36278824821579,1.27622574331035,16.19233875625,26.1405454858139,1.18340831283989
2023,63,women,1.47091454703988,1.144896915382,56.6464437655289,47.5716553995527,1.12679776854654
2023,64,men,1.37893745462825,1.19418302426108,15.7811135555218,15.0728467217011,1.17701330370022
2023,64,women,1.49486934084006,1.13835086023575,55.5705308192751,27.2755342191766,1.13416256612199
2023,65,men,1.42081569125257,1.17094492747212,15.0446190188462,15.273523426159,1.14859032029893
2023,65,women,1.48949713636859,1.1081855581398,55.4180973943633,26.5111692796085,1.1516973413274
2023,66,men,1.42101294894652,1.17260485257725,14.6975645183594,15.0895726357315,1.23350966587804
2023,66,women,1.45596647897648,1.09671393081709,49.5525276107924,26.1856275604905,1.05247014162726
2023,67,men,1.44042528025334,1.17115997872854,14.9329146268235,16.1956711146128,1.14721221567486
2023,67,women,1.43131164938709,1.14342995336188,47.8275386288945,28.0692797319179,1.1303009206346
2023,68,men,1.52803334517355,1.1594072030472,15.1278519668818,12.2536135161071,1.14047515119097
2023,68,women,1.58130556980358,1.04686976233412,49.2295276201467,31.2990036362537,1.07449037250372
2023,69,men,1.50480835791784,1.18343649182729,15.0072453497287,12.5898121621614,1.19569876696133
2023,69,women,1.5695283863711,1.10687780338736,46.821329398186,31.7303056321639,1.12617072191238
2023,70,men,1.40779492571529,1.13222062593267,11.0973085623604,14.2702308011777,1.14528350399082
2023,70,women,1.43853299158345,1.0300108656878,26.2831544427791,35.7170175053738,1.0972600313114
2023,71,men,1.44489817514229,1.1236519978798,11.6610625426353,11.8887714843952,1.135749688063
2023,71,women,1.53750823294282,0.965133400495855,28.3465284581923,21.6463583819996,1.09050161366358
2023,72,men,1.46247214729816,1.12537874257806,10.3321235211312,13.0531887879546,1.15893420308499
2023,72,women,1.49525896613822,0.965457344882857,30.6920474169785,23.9763202978252,1.09687387011632
2023,73,men,1.48020622872311,1.10601992258536,9.84950886067914,12.2020226274847,1.1754592792642
2023,73,women,1.57310103876013,0.928360249671851,33.8912468674362,27.2919439219087,1.09601773176062
2023,74,men,1.50777422512934,1.15960347955416,10.1273825508526,14.0502394536944,1.18423087493407
2023,74,women,1.60169464648497,0.851751526829483,38.3941383012321,22.622026139699,1.0681026940647
2023,75,men,1.46369340732498,1.09586225259372,10.1723738500856,12.4807269403612,1.1776852875592
2023,75,women,1.50557214190412,0.855363274828459,38.9306384737088,24.9130853241522,1.08103442971147
2023,76,men,1.42072811146242,1.09657537882001,8.07307749115081,12.4973046471015,1.1883365507121
2023,76,women,1.52941687322824,0.836470408348417,19.9826603859162,20.7464417068474,1.09360991008851
2023,77,men,1.516549716521,1.11598362075811,8.40809399144411,12.3356768721083,1.16926548392415
2023,77,women,1.54749999875215,0.788274339621707,25.2497233105728,26.3941765865319,1.06377375382247
2023,78,men,1.55741311663537,1.10963433982307,8.88230487404794,12.4566625759697,1.20740130893725
2023,78,women,1.58857070310951,0.797350255391329,28.26446121226,20.8303729847982,1.06393446520465
2023,79,men,1.59790255861737,1.19506064200349,8.20907120196499,13.5443958685554,1.20133440553776
2023,79,women,1.58635352621234,0.818375569115383,17.616459435229,20.7401682896685,1.11449485293187
2023,80,men,1.47683923129507,0.893610812013315,9.36379852946958,10.0950219910842,1.21414978594152
2023,80,women,1.37253263026418,0.743397484850919,16.7350360959515,17.7133288679867,1.09589503804516
2023,81,men,1.4423776886853,0.9115844568994,6.98564568723627,10.3305614834107,1.22440825764474
2023,81,women,1.38177015883212,0.763898969659767,17.1849806258568,18.4376123851657,1.06595824773591
2023,82,men,1.48113753986176,0.939520586135599,6.77712212161024,10.0060886933999,1.21920812939947
2023,82,women,1.34290636596699,0.810846039702063,13.811103514096,16.3986222111343,1.07007844137719
2023,83,men,1.55307986513112,0.955327903321223,7.45149940726768,9.89870018515729,1.24625509985156
2023,83,women,1.38463782144904,0.841161808010622,14.9079301595952,15.3038317409467,1.07215268992357
2023,84,men,1.54001023707694,0.982155976690931,6.4373238584544,9.4111913098789,1.23607641428132
2023,84,women,1.24558787152572,0.87661126072564,13.0980163507195,13.6596194428822,1.07210392799163
2023,85,men,1.41529446276299,1.00725045394611,6.30295551847363,9.20195478845874,1.21267431908132
2023,85,women,1.20035694606262,0.89754305448024,9.55447714243471,14.4438958255112,1.09289349048082
2023,86,men,1.40518219389664,1.03575122005789,6.03498123329525,8.89436385771567,1.25543637540904
2023,86,women,1.2636984344135,0.930054225903221,9.15160524348807,13.2989113973103,1.08517557142503
2023,87,men,1.45054378723733,1.06451851883177,5.50223016856151,8.67387620929272,1.28919756877348
2023,87,women,1.23811370061981,0.954728393358117,8.91758503262393,12.6783685055694,1.05098318182502
2023,88,men,1.51651730103199,1.0909292800276,6.62560759829375,8.97459306168583,1.30513499299317
2023,88,women,1.24163817458285,0.974969218959058,8.2829693731012,12.2115404537907,1.09776602106874
2023,89,men,1.49620497343434,1.10681295468854,5.60788575762212,8.90735537901101,1.30476753676248
2023,89,women,1.27855012783467,1.00604502922379,8.60079221435694,12.4231601197012,1.09517045563947
2023,90,men,1.14847141433151,0.804915203296181,4.55849423079261,7.24899933255182,1.21241996726384
2023,90,women,0.955715885606797,0.751792606631311,6.48712145257811,9.24571927895108,1.05371428019521
2023,91,men,1.19563559602892,0.825669181790254,3.92144229664013,6.64781622361971,1.25280833798763
2023,91,women,1.00801505640948,0.792596121025165,6.02591433530463,8.80591666937823,1.06222842336524
2023,92,men,1.25511874575345,0.823052258673928,3.42820009485065,7.22193859400928,1.28447539205579
2023,92,women,1.05184811909802,0.776938510060711,7.29867838253398,8.00414995403185,1.07480697341644
2023,93,men,1.29829259546868,0.838150733907421,4.51769629967929,6.45579317679532,1.30957763332937
2023,93,women,1.11074093986715,0.789732986282876,5.89193896007628,8.0212574087157,1.09517135280543
2023,94,men,1.39076522097205,0.863361375415599,3.88330285057871,7.00962750439081,1.34528036750914
2023,94,women,1.22339541103814,0.794674822510791,4.95408685469645,7.58837368354505,1.10681151020296
2023,95,men,1.44382441726202,0.868470054018839,2.99359199735505,6.72906607002315,1.37553591994969
2023,95,women,1.29345843901359,0.823876956007306,4.04877517248337,7.69725542228186,1.12382056835719
2023,96,men,1.52429351706683,0.877020943131525,3.98067269362876,7.5128277703668,1.35902616031685
2023,96,women,1.44459025776771,0.822164831439693,5.83045469778392,7.20931482987879,1.13753915525869
2023,97,men,1.6739089704395,0.905442714724366,3.5254524631759,6.1568225906635,1.48124901467824
2023,97,women,1.57629544576752,0.829975294172131,4.9136115937295,7.925924735877,1.12269488305597
2023,98,men,1.84930413047428,0.941874744030638,2.97159654271613,5.3918163401169,1.43235385512922
2023,98,women,1.72550965448751,0.856838674852024,3.780487294292,7.33651213366733,1.13489176746949
2023,99,men,1.88447701580755,0.950427003380318,3.04033501326621,5.30123059516594,1.43370274255713
2023,99,women,1.83656162320124,0.867585124499202,3.64637642900462,7.55377327644958,1.13574042803255
2024,30,men,1.60968477154807,1.28694454581745,114.819811416102,79.9315247213739,1.16932991236227
2024,30,women,1.71097839703959,1.27333771859007,335.265155032512,224.338404737057,1.18353209521533
2024,31,men,1.60680542901173,1.2299404363655,127.563025001255,65.4054986078743,1.21212762678
2024,31,women,1.62824562330872,1.62053761355813,167.307687487551,179.569962850977,1.2500795086023
2024,32,men,1.53875820347848,1.26488689515088,98.8540511097603,78.3988859134304,1.24193604714554
2024,32,women,1.48417498253074,1.00577082311909,159.355701328041,152.402659488111,1.30787911626821
2024,33,men,1.53940414287528,1.44295887562835,98.7610066977047,72.6988508707372,1.26412865041719
2024,33,women,2.04076827698493,1.15646593863457,238.054550185834,130.638768330886,1.38131874410468
2024,34,men,1.55333893624092,1.63554541666349,88.212425964484,70.4602556976963,1.30858489077389
2024,34,women,2.07001378969604,1.16072145093156,162.847475287809,274.932895914852,1.46252045341649
2024,35,men,1.65424436772314,1.73158001678676,114.243566021865,85.7512790282285,1.35883408118164
2024,35,women,1.92648350892505,1.16064577737836,136.774905840462,204.008070223363,1.56390612660145
2024,36,men,1.78825494103551,1.86828494618332,94.2177510503208,71.91955175922,1.40203526006766
2024,36,women,2.25732576707373,1.24714111842257,214.477929543761,166.910538637713,1.64134498290638
2024,37,men,1.5998417362766,1.94901749747942,99.8123567961509,70.3296951275772,1.47903659460048
2024,37,women,1.9247802019445,1.31590891880347,119.538261349981,189.487079965235,1.753440037327
2024,38,men,1.8211737872493,1.96641787724229,95.2024751734597,70.2258256052515,1.54156881851342
2024,38,women,2.09552670071208,1.43618672079909,140.886152725002,119.716575340597,1.01625238762724
2024,39,men,1.6350647372647,1.69221179368556,107.221892569266,68.0062469781895,1.18105825550397
2024,39,women,2.04224888979747,1.57984622541843,112.910941916308,169.165108167674,1.09542656742743
2024,40,men,1.61161987513939,1.68224898424773,117.435891731225,65.672532094507,1.26018145185696
2024,40,women,1.75209250780643,1.66295174411138,192.518420627082,121.563740527117,1.16981732801178
2024,41,men,1.62553534568673,1.63382717145672,75.967427038106,70.7578826900234,1.37631635681593
2024,41,women,1.85587012856896,1.84894797814133,104.416344042533,126.026531440991,1.27698531422519
2024,42,men,1.68658509855198,1.78641005500526,84.9488084214183,70.5183453948472,1.45677990630695
2024,42,women,1.68490154973326,1.92749380641281,116.342770227964,139.920868275753,1.40771406062624
2024,43,men,1.74148440358061,1.76822524686749,86.9458376786415,75.3908982409721,1.22457339179679
2024,43,women,2.20009273870063,1.80449891450232,237.749208262146,123.309997182573,1.07260440695517
2024,44,men,1.67928188626821,1.66766962903831,70.2965811722956,61.268968980562,1.30649609158978
2024,44,women,1.7281540732937,1.75487468240467,138.01909269092,119.374342453919,1.16525508112684
2024,45,men,1.71455743256489,1.62004048432937,73.1118274202511,31.915143866265,1.41144538546219
2024,45,women,1.81705835674751,1.641353476322,132.622200588792,118.513236375097,1.28146653290999
2024,46,men,1.85428985556668,1.68053344207995,75.262826057476,68.1251031335777,1.24330819633234
2024,46,women,1.83898078987883,1.64811120506043,148.496270954737,134.256559649087,1.37587921497814
2024,47,men,1.79912351180872,1.55273555083518,63.0212651092485,32.8285469955553,1.34808686300347
2024,47,women,1.42684460114347,1.74523223337919,130.707389978829,98.2017498905867,1.1781740083984
2024,48,men,1.84052270809454,1.65357412710759,67.1747803615892,33.1904837263401,1.24877119730638
2024,48,women,1.40237847763596,1.7960235310113,167.033830847118,103.619125992168,1.25219912242842
2024,49,men,1.97861047333133,1.60639805301994,66.5918770784854,32.5320964866115,1.3545432931918
2024,49,women,1.55817544574282,1.68349999572943,99.4388007988391,99.9262225235448,1.13361533722354
2024,50,men,1.8159170647841,1.68863676358793,35.3771717249951,33.3616569786993,1.27602026480463
2024,50,women,1.67314246161817,1.55212417073327,136.004760841065,89.2510513048912,1.21050911402072
2024,51,men,1.74446830904718,1.58368586173284,36.4233125150865,33.9678243256739,1.25459041946029
2024,51,women,1.85525495752095,1.54374089045772,154.47898009651,82.0279436894292,1.12401609197173
2024,52,men,1.72246630482909,1.55361855146634,37.1613778608572,33.7082845733984,1.24942617848559
2024,52,women,1.90112918563712,1.395101039635,103.040185488801,74.696419845587,1.1999543301068
2024,53,men,1.56742822460014,1.51264203431925,38.158336824018,33.4041859833803,1.32792819971458
2024,53,women,1.70881351542254,1.50882119809004,108.684087817471,89.7406522924908,1.12735034004128
2024,54,men,1.49492569455908,1.4774327534995,37.6357026330266,32.2505310525607,1.29119553497551
2024,54,women,1.68210950759726,1.45535967021675,112.097192587838,72.0556081639754,1.23429132276051
2024,55,men,1.39841664337165,1.28796196300933,36.5397015605798,30.3343274298578,1.26931861045696
2024,55,women,1.38075120032756,1.32928266221517,126.212681348223,64.4580775902339,1.08045948072696
2024,56,men,1.31535425698917,1.31521445248307,36.5111563300028,30.1928745825716,1.19364593771977
2024,56,women,1.39999349367563,1.27394478853547,87.2038372122937,60.1827374550833,1.24305126515919
2024,57,men,1.28647656825055,1.29272163641792,19.4031784467817,30.5311082004131,1.24528068539185
2024,57,women,1.36942854283095,1.38274595907277,86.262647699704,65.7469624241437,1.25633813080016
2024,58,men,1.20106862399643,1.28713995047587,28.4860161349625,23.6261872648065,1.18510674584988
2024,58,women,1.26631886531452,1.23082488850566,83.3686728497465,57.4657881801305,1.10886948344403
2024,59,men,1.2929238394255,1.29113222249932,19.5233225962809,28.8209670230622,1.19409906253632
2024,59,women,1.3830783247189,1.22579330565287,77.0697594695408,28.5609930219398,1.14266392352823
2024,60,men,1.24771404686551,1.20383883685064,17.5492100555411,27.0007998083903,1.29616825045629
2024,60,women,1.47170497828599,1.16257814810453,75.8618541661209,51.9456596378281,1.14026587803486
2024,61,men,1.25429003046733,1.24703442375329,30.576839808619,27.1738235330139,1.20412284135507
2024,61,women,1.42046842580925,1.14484254911812,82.8588129898748,49.2211460237408,1.18640072438713
2024,62,men,1.31751719656797,1.2379063375101,16.4765154076856,26.2003093885313,1.18874538140655
2024,62,women,1.41094790014186,1.14544136043755,68.2600665872907,53.9752902622882,1.10310586210037
2024,63,men,1.37853249815642,1.2790115700006,15.9846072114066,27.0676721409265,1.2308028349189
2024,63,women,1.4920304691154,1.14602725002616,67.0533233361027,49.9010330708693,1.17539277463939
2024,64,men,1.39680582964791,1.19693116808908,15.5945546228022,15.1036838950091,1.16726056246027
2024,64,women,1.51931347622461,1.14023238550009,61.1557766214073,26.0666744635538,1.10088741423554
2024,65,men,1.43830662724525,1.17076361865183,15.8798068272339,15.1453575543632,1.17259121447345
2024,65,women,1.50818539835919,1.10738256672656,62.8155840888443,27.5362693178012,1.10600104224887
2024,66,men,1.43997328519891,1.17293425824706,14.7606825908333,15.6472172050273,1.17735443259825
2024,66,women,1.47812589636946,1.09614572672876,58.1354729913728,27.0743071130777,1.08881700336581
2024,67,men,1.46118465379084,1.17119729941562,14.2690382096579,15.520704347422,1.18366371677581
2024,67,women,1.45496028475212,1.14400702070712,48.0804376817579,27.1157348677466,1.09504222574631
2024,68,men,1.55240709386063,1.16009876359451,15.0592521513696,16.6141952501642,1.134190788607
2024,68,women,1.60772357022,1.04567414391103,54.1416889497575,28.7593795020043,1.07826433851968
2024,69,men,1.53004338611817,1.18351821508802,14.7635542941108,12.6172187223309,1.15310376710275
2024,69,women,1.59878443561463,1.10554445701922,50.6405621075861,31.4973199471504,1.1082423961518
2024,70,men,1.42973031839324,1.13049085483609,10.3422216669333,13.4963031692466,1.14792225175368
2024,70,women,1.46297742032864,1.02552735352931,48.9721081414833,33.817309400855,1.11239628897714
2024,71,men,1.46863973088722,1.12244868926137,10.8038802826097,14.1854863921489,1.19199647970565
2024,71,women,1.56399320067517,0.960307198279007,25.944458615718,38.0757496129962,1.11794912515197
2024,72,men,1.48561516275416,1.12380178670014,11.068520267723,15.5210985421756,1.17938864241692
2024,72,women,1.52151864006358,0.95931840765952,27.6981202868411,23.2496956103883,1.07805087095497
2024,73,men,1.50384339313321,1.1047109417326,11.6501835339616,13.6278604178597,1.18851855618915
2024,73,women,1.60167348735078,0.921628698954985,31.2163210534036,25.7653069523255,1.11030925676412
2024,74,men,1.53136873297048,1.15672479094393,12.512380165648,15.4281608480513,1.18821921464455
2024,74,women,1.63036762510859,0.843463246973676,34.0062884499298,29.5994277276233,1.08134524932613
2024,75,men,1.48450558932089,1.09119250658315,10.1287336208229,12.5233992355962,1.1849463878509
2024,75,women,1.53235271704958,0.846137667808698,20.6807519771558,23.9966398865302,1.08567547372675
2024,76,men,1.44021716310201,1.09269879044053,10.0080231623766,12.7085898487813,1.19359514898053
2024,76,women,1.55629280220116,0.826804668567449,20.9613316797927,21.5374819516639,1.09551700978489
2024,77,men,1.53724285526384,1.11263344379088,9.88087838213839,12.9619345070135,1.18709941117322
2024,77,women,1.57423672378007,0.778322873081283,19.7771705736338,22.2854651366705,1.09652559683179
2024,78,men,1.57850606849055,1.10531467768648,8.4526845335307,13.0033463909517,1.2220116487413
2024,78,women,1.61489617791185,0.787810374857928,25.9140695967291,20.3896151481611,1.08486960824469
2024,79,men,1.6191466706114,1.19132221850345,9.97487216111889,13.95655296314,1.20390431608251
2024,79,women,1.61324004028031,0.809409713600994,27.4602838936938,22.5687742939888,1.09178635027692
2024,80,men,1.4926436044572,0.883400469275569,7.64512746664902,11.0927810162982,1.20558522416787
2024,80,women,1.38803850295646,0.731370371620223,17.3694643412661,18.2610475918667,1.10660533896877
2024,81,men,1.45767282255993,0.902302845315769,7.14758365553078,11.09420552448,1.20801470831937
2024,81,women,1.39644550091305,0.752725145576203,17.2375360767328,15.8518351702035,1.08466948877562
2024,82,men,1.49621126006365,0.931131931302695,6.80491560440824,10.1559029560789,1.22674223256158
2024,82,women,1.35454141134945,0.800662539508607,12.3980761142393,16.6029077241182,1.08978890650694
2024,83,men,1.56838707037085,0.947443536065714,6.49248132459735,10.493294953238,1.24064701144492
2024,83,women,1.39527829754193,0.831788653524373,16.2850432102492,16.8938356084643,1.09854140698462
2024,84,men,1.55464099151339,0.974856480649493,7.23000690969474,10.3559759208776,1.23907800485549
2024,84,women,1.25448310052095,0.868893579763319,12.3818170056077,15.5220649723527,1.08139576071542
2024,85,men,1.42392819504829,1.00089632389248,5.65398677273586,9.76425329407521,1.24158708432337
2024,85,women,1.20524074196206,0.89078055231125,8.95959612090429,13.7156092195447,1.08270842447493
2024,86,men,1.41532788513086,1.02984595982633,5.79054963427485,9.67453415647928,1.26404313798441
2024,86,women,1.26736796873008,0.923840201329014,9.04974749047251,15.0645800353663,1.09446284968355
2024,87,men,1.45965277951945,1.0595678513181,5.65522433430806,9.32435615177241,1.29476485699052
2024,87,women,1.24203530644603,0.949328130977063,8.80409805467319,13.211591942824,1.07231961509277
2024,88,men,1.5262031399522,1.08710463479162,5.16656252492987,8.94131079647684,1.29946522200307
2024,88,women,1.24454929660962,0.971270631664665,8.82627790243151,12.3935071878821,1.11597943588551
2024,89,men,1.50637325522966,1.10365227015459,5.61787166974762,9.06895818855628,1.32458777352392
2024,89,women,1.28177009372781,1.00256696389471,10.4193800084815,12.7855126503264,1.10579605792555
2024,90,men,1.14506837626911,0.793138714883136,4.10025966162154,7.34453696676079,1.22468506415719
2024,90,women,0.949435519570204,0.741977610835666,6.45801760713618,9.98271407246788,1.06137282650373
2024,91,men,1.19257964175151,0.814647248263898,4.19999334897381,6.97765354683568,1.24427294531253
2024,91,women,1.00229961491329,0.782150874480978,6.02717879106103,8.81247341278706,1.0456776965263
2024,92,men,1.25339039299777,0.811736056213074,3.65846466077689,7.405027514752,1.30112790025817
2024,92,women,1.04763146485477,0.767776605119675,5.39995879046084,8.34050304577611,1.08759717278422
2024,93,men,1.29777057595915,0.826960487036667,4.55871828379636,6.30650965336352,1.33087204828442
2024,93,women,1.10766939603607,0.780877456123272,5.93838135532887,7.80203054124194,1.08552131806572
2024,94,men,1.39030896605736,0.852081780793947,3.81494407279961,6.59409489782579,1.3237877327463
2024,94,women,1.22347242142527,0.78638608914741,5.25656075688574,7.36015225270907,1.08297487185979
2024,95,men,1.44222744830108,0.854872059958716,3.1646934528995,5.8995959719179,1.36013490802678
2024,95,women,1.29580637069824,0.815546257057511,7.06760066290444,8.0239897624327,1.12090555068712
2024,96,men,1.5212250807935,0.865066589013542,3.77523919362532,6.91328944856271,1.37310371038165
2024,96,women,1.44997842417063,0.813775724942019,5.86993917897404,7.63359269004632,1.11700891938752
2024,97,men,1.67318305306465,0.891127068565769,3.39436597793501,6.92482015331352,1.41478504836535
2024,97,women,1.58698520167529,0.822756264755441,4.72182262508017,7.7352359884496,1.14059270404038
2024,98,men,1.84761107836584,0.924898864383527,2.8643096767566,5.64052783783497,1.47827038192125
2024,98,women,1.73988416444754,0.848056123067054,3.91472813182336,7.29101954528379,1.15705989307844
2024,99,men,1.88929074544526,0.935155446315641,2.71980430743326,5.67958103990756,1.4796653315767
2024,99,women,1.85496974082958,0.85679922668076,3.75422327387244,7.11900286571375,1.15794799031254
2025,30,men,1.61745436606607,1.29764220925315,100.5496583913,86.2976919223522,1.19056336870615
2025,30,women,1.71966138326012,1.28972559615175,134.426672900503,352.475747303406,1.18238237748078
2025,31,men,1.60740573668125,1.23017074435607,146.012519943601,57.2480857078274,1.19521458773176
2025,31,women,1.6436550413075,1.63606081462252,677.953880622835,245.486461147031,1.26430894674207
2025,32,men,1.54365691836038,1.25454258747303,156.36000524744,89.8971412397673,1.24763690741879
2025,32,women,1.50320373660164,1.00341767600131,146.867364179479,204.473024296099,1.33404067046951
2025,33,men,1.53931328560873,1.43185778146699,165.624214753699,75.4191102966429,1.26003941766784
2025,33,women,2.09997726015594,1.16062602829515,143.190166854375,171.758497355998,1.39985638258252
2025,34,men,1.56051100762185,1.62375134661972,91.6141138237019,70.9058152345299,1.29604973771258
2025,34,women,2.1222828739605,1.16105279212058,184.252438159908,220.779821241184,1.477816397024
2025,35,men,1.66555452418214,1.74131013643856,91.2367062203182,78.0405820505861,1.37805380535403
2025,35,women,1.97856989729187,1.15652111121442,151.898976446356,200.463053888639,1.57133134867913
2025,36,men,1.81187365861225,1.88594218434966,117.509913558995,73.3001408295115,1.44043903697525
2025,36,women,2.3015188358759,1.24077733151755,230.923888978773,192.877278430406,1.62678580841229
2025,37,men,1.63203085350282,1.98013973364894,78.6487254777294,83.2138508727371,1.49728307113912
2025,37,women,1.97054556321083,1.30858665977848,150.447888464237,178.830169219605,0.963154103280901
2025,38,men,1.86378201911931,1.99734583492554,78.8744852618879,70.2247403448976,1.55290821389129
2025,38,women,2.14244457249842,1.42906384657681,162.041684412544,129.883405244563,1.8572874102946
2025,39,men,1.6548041309666,1.7026131205561,114.164184329433,74.1086199492561,1.67880987663153
2025,39,women,2.08471455692806,1.57196983403188,164.859408130276,213.831203478336,1.08207119682512
2025,40,men,1.63431896254135,1.69179418883438,88.7729203952978,68.9682181317183,1.24856101031015
2025,40,women,1.79334594557537,1.66656154245683,148.062980276745,124.667319184925,1.16547711741716
2025,41,men,1.6490563176686,1.64639748404003,89.2211630807752,83.8858273920533,1.34485944093033
2025,41,women,1.8964900503769,1.85313997248883,119.752361509634,97.828886481086,1.26924186755205
2025,42,men,1.71382017726188,1.80458643371806,70.5635241384223,74.0125110019367,1.41106603904477
2025,42,women,1.72206741695967,1.95034097414945,127.771337166716,124.452266552997,1.38721187443355
2025,43,men,1.77502947901626,1.78861443095802,88.6981464523257,81.9884660425533,1.22437856051018
2025,43,women,2.23522141820907,1.83280838618462,189.380556608336,125.559032888188,1.03254035091405
2025,44,men,1.71020178265087,1.68081650792408,72.7864697643685,68.4104363934351,1.29408653831067
2025,44,women,1.76193485434234,1.78005993466539,189.929866960181,123.463080413357,1.13971542392322
2025,45,men,1.74239694714824,1.63456221728743,76.065943836387,67.9642547674427,1.36780036619365
2025,45,women,1.85194800525998,1.64632832327992,172.000809593038,102.904634392609,1.25117086517836
2025,46,men,1.88360871777524,1.6961331933344,76.999068638517,60.2106977375089,1.25058739234302
2025,46,women,1.87142281705833,1.65233814364502,137.896196903985,127.649604383203,1.06263426032412
2025,47,men,1.8289130524165,1.56402198945991,65.6043225210004,33.6102957617336,1.3491327903395
2025,47,women,1.42866132752622,1.75767344749057,154.912455572184,137.902318541273,1.18610426729542
2025,48,men,1.87407725366198,1.66636927851597,66.8601144869444,63.1405104234052,1.25366206330996
2025,48,women,1.40008733836638,1.80753043479016,120.486551573076,112.88138833999,1.26524639250463
2025,49,men,2.01344304380716,1.62062622601576,67.3614607568303,33.2669613892422,1.36873457010114
2025,49,women,1.55645048812692,1.70445486197812,119.612510370692,87.7284316182175,1.14326168286344
2025,50,men,1.84744360730069,1.70358754472829,34.0328227372962,32.353032834686,1.29418691027489
2025,50,women,1.68272583233435,1.56795415218821,107.977720114318,78.9419517645882,1.2349189456166
2025,51,men,1.77238155399751,1.59442570176996,34.1451346461358,32.2464821634611,1.2724493587013
2025,51,women,1.8700401667986,1.55984008287772,171.145805771002,92.4539763536297,1.15291310723779
2025,52,men,1.74656658750507,1.56540958780493,73.1933230865808,33.6575955792162,1.2574568586139
2025,52,women,1.92836873714361,1.4008183856771,156.673724277772,94.7068607262443,1.22376236896375
2025,53,men,1.58926596464084,1.52336891654445,34.9969028801106,32.1582082955844,1.23461382842134
2025,53,women,1.74143961719886,1.51883350161382,99.1500090238753,90.4985641039328,1.13283331925604
2025,54,men,1.513686915872,1.48930220771632,36.7932109100798,32.6268481913934,1.2220317874589
2025,54,women,1.71212632623875,1.4643397903974,100.889476349503,70.5151830715442,1.21093990428713
2025,55,men,1.41018726214312,1.29282392299073,36.4652709246484,31.5622813430243,1.25731372918733
2025,55,women,1.3906694251399,1.3367526761782,117.944583533375,66.8578119589681,1.22675604158052
2025,56,men,1.32464329653823,1.32012563333908,36.0148133079238,30.6467250996153,1.2520836488055
2025,56,women,1.41365009579985,1.27940822450071,92.9741337232821,60.5038519438533,1.14327593166745
2025,57,men,1.29524056349976,1.29663568630612,35.7820904323305,30.2211133405701,1.23484382556433
2025,57,women,1.38293162791635,1.39154459571277,85.6235568853967,63.9995758322312,1.18005243225449
2025,58,men,1.20922038879955,1.29132046056094,19.0842007946693,30.1402654865301,1.21648840011783
2025,58,women,1.27443935142911,1.23592208121457,94.274918305422,59.8185838647708,1.21139628909177
2025,59,men,1.30199366236065,1.29563351845003,27.7478657059553,23.5681488640224,1.25145231977124
2025,59,women,1.39489829347751,1.22825300636728,75.5512377914092,59.7639115125351,1.1687219187681
2025,60,men,1.25690136870128,1.20705207483595,24.2508326998977,29.1327027237791,1.20867137328709
2025,60,women,1.48785022196393,1.16637385664128,73.073015355485,55.6660702530189,1.11235506754433
2025,61,men,1.26559415774463,1.24980713377595,17.5011027067728,28.2153814807428,1.17649320825794
2025,61,women,1.43800006729785,1.1463390492852,80.8856263989343,60.6015198548025,1.09987913947193
2025,62,men,1.33083431340295,1.24075261823819,17.2796669298007,27.5140780107002,1.20086914673727
2025,62,women,1.42916261922816,1.14701306264825,59.8000094791335,27.4509231474973,1.16188595605146
2025,63,men,1.39445072897326,1.28180209720667,16.3884505090929,26.9066246177788,1.22656025827495
2025,63,women,1.51343886833433,1.14715814147313,68.8216126556821,57.3281950834833,1.13250811602593
2025,64,men,1.41489674632634,1.19968427402176,15.0208315989689,26.8621383399716,1.15103705527412
2025,64,women,1.54414495129554,1.14211608896446,51.7145570665617,26.0473300082674,1.14424825492089
2025,65,men,1.45600408563529,1.17058242744186,14.954500534668,15.2272218575287,1.16218662079024
2025,65,women,1.52709873098567,1.10658055336695,61.2322980009221,27.1313969888,1.14060859403513
2025,66,men,1.45917705261509,1.17326359367468,15.1463375428352,15.7187119691261,1.23474779623408
2025,66,women,1.50061137781288,1.09557809747115,51.2674662703435,27.9531884484771,1.08331369183877
2025,67,men,1.4822327344893,1.1712346028564,14.5511131351428,15.8347037246382,1.18284647623807
2025,67,women,1.47898767946748,1.14458409402953,50.6745298226506,28.6912696654842,1.09892199505051
2025,68,men,1.5771573012067,1.16079039474087,13.8733031340124,15.5454947893056,1.13631116366439
2025,68,women,1.63456954429538,1.04448048055404,45.2461282550771,28.2204733934029,1.04446672912887
2025,69,men,1.55568881606936,1.18359990362087,14.0583205302383,17.3671560205412,1.17705568011462
2025,69,women,1.62857096171473,1.10421337421759,43.1118620131506,30.7171208737853,1.10406336567703
2025,70,men,1.45199640580224,1.12876457889138,9.89568749785707,18.576862595719,1.15346417861861
2025,70,women,1.487824840524,1.02106555773787,50.9816149468596,33.3990157195235,1.12999894245582
2025,71,men,1.49275937410134,1.12124726267401,9.7806192441038,13.5209405956173,1.2009979638377
2025,71,women,1.59092097440474,0.955507495789656,24.8983000530075,34.7890525049679,1.10946907541381
2025,72,men,1.50911270311054,1.12222781785758,10.4596829717313,14.8271681029761,1.20111821849456
2025,72,women,1.5482261713511,0.953221508802768,26.4446705445025,40.4387254304464,1.05653374504056
2025,73,men,1.52784605928143,1.10340415548874,10.4705898386395,16.3364578736816,1.1847751714491
2025,73,women,1.63075040188909,0.914949247731996,28.8374686665417,25.1859965521049,1.09970635746748
2025,74,men,1.55532053212461,1.15385466524581,11.1625543033115,14.2101902448092,1.1882397203036
2025,74,women,1.65953935264247,0.835259653628363,31.3711290691952,27.5405971411978,1.08752525807571
2025,75,men,1.50560319859958,1.08654495143033,9.48291829643554,13.2056373744358,1.18137545014274
2025,75,women,1.55959607290193,0.83701604795083,34.6242737973701,22.9306814083463,1.05124817734716
2025,76,men,1.45996373348934,1.08883781118167,10.0336759249784,13.6455695060694,1.19398723425057
2025,76,women,1.58362738627754,0.817255312011737,21.0900696972576,20.8637794490056,1.09670723247491
2025,77,men,1.55820791824031,1.10929497140897,9.92161303018691,13.0921005112086,1.21300896827246
2025,77,women,1.60142183891616,0.768501860244157,21.1577229292306,22.9537140568071,1.09344813051577
2025,78,men,1.59987406335552,1.10101395267954,9.31355815515955,13.3798795431849,1.2315066904174
2025,78,women,1.64164458538529,0.778389261912956,19.7698924390175,23.5968670685264,1.08471378265973
2025,79,men,1.64066251968183,1.18759732758245,8.07558686845193,16.7211583842226,1.22493785831375
2025,79,women,1.64056862443278,0.800546441159453,24.6955433950433,21.8979623943152,1.10726562310191
2025,80,men,1.50860917573909,0.873311746478337,7.92487021620119,11.3811351616135,1.24375223787433
2025,80,women,1.4037117604838,0.719543637119407,26.2833318517669,18.658005593129,1.08980567417894
2025,81,men,1.47312247228787,0.89312025245613,7.20926566216012,11.2619121392229,1.24102220716947
2025,81,women,1.41126934053488,0.74172016363968,16.9718297127651,19.1350223204448,1.07109002618256
2025,82,men,1.51143082783144,0.922822264065138,6.84682525078627,11.1813584201351,1.22468178136275
2025,82,women,1.36627144172954,0.790611870609901,15.831089474226,18.8222991624692,1.10551386100849
2025,83,men,1.58383747093071,0.939628085234298,7.25322074066336,9.74190678205386,1.23413611983971
2025,83,women,1.40599522558436,0.822524497764097,11.2212951397814,17.0805519839766,1.11540832094043
2025,84,men,1.56940341432484,0.967614800758343,6.27529631320562,10.8887812734872,1.25715073389866
2025,84,women,1.26343741289291,0.861247607129651,10.8226199388294,16.8464952284318,1.10251705875815
2025,85,men,1.43261029206635,0.994585387142177,6.53031566833689,9.44659046730513,1.25921468393277
2025,85,women,1.21014198108958,0.884072304594108,13.5164751079419,15.2513758310083,1.10071215392651
2025,86,men,1.42554176443811,1.02397725999461,5.46746373192174,9.2260173023667,1.26534651911039
2025,86,women,1.271046338198,0.917670733574337,11.4464631527425,13.9018615371522,1.09165792217807
2025,87,men,1.46881443180548,1.05464263580068,5.42274622519704,10.3117982326091,1.28190830183732
2025,87,women,1.24596738729873,0.943961059137239,11.4095446328812,13.4399048998793,1.09011298902113
2025,88,men,1.53594601111775,1.08329527748087,5.22822931338608,8.97589014845554,1.31405889449879
2025,88,women,1.24746580099444,0.967587891647637,8.17931861024043,12.5605211860188,1.11173266949655
2025,89,men,1.51660556727912,1.10050216600508,5.17194444584909,8.56642597487576,1.30811353003711
2025,89,women,1.28499657243725,0.999102631903741,7.73861649913719,12.0778123934779,1.10124478690812
2025,90,men,1.14167709521866,0.78154021473023,3.7257974697795,6.18971828471832,1.22586558319825
2025,90,women,0.943199495817277,0.732295507751413,6.4173561481685,9.6674932769096,1.06429165914518
2025,91,men,1.18953300196544,0.803777783140242,4.09762232524836,6.52522540383241,1.22573387526606
2025,91,women,0.996619379109298,0.771848338609549,6.73829398803995,9.69207225279757,1.0640825920629
2025,92,men,1.25166527221425,0.800580915725357,3.87281894416521,7.36177654657444,1.29258204981722
2025,92,women,1.04343378465873,0.758727185952026,6.97494648763073,8.16353412100968,1.08075176157621
2025,93,men,1.29724902403962,0.815925059503925,4.47873781323442,6.43118764611638,1.3013480994799
2025,93,women,1.10460785687622,0.772125526677321,6.22143070207604,8.09531421473807,1.09200700451197
2025,94,men,1.38985308607767,0.840955013874618,3.80432689288914,6.88903031582965,1.33961241095066
2025,94,women,1.22354939861724,0.778187840456956,5.26051369480354,7.38764921177156,1.08675691437755
2025,95,men,1.44063303321072,0.841493534848109,2.86739796695367,5.81321953235901,1.3979353647222
2025,95,women,1.29815740151441,0.807303847328261,4.36838005752448,7.20955229458478,1.12677745228117
2025,96,men,1.51816433242738,0.853280964856514,2.46838167431703,7.52684242724128,1.39145484909745
2025,96,women,1.45538401147452,0.805476298722578,5.92549503855639,7.4459864693876,1.14028486081479
2025,97,men,1.67245780882854,0.877044666328727,3.35178921706263,6.63112156298719,1.43682788986015
2025,97,women,1.59774211691778,0.815603545032616,5.01355208587086,6.95541040694901,1.12506956302158
2025,98,men,1.84592041139321,0.908237108980204,3.30496894860268,5.40407758328173,1.46525263278473
2025,98,women,1.75437123337689,0.839367863579052,4.01566994675427,7.18611519637766,1.16105947095509
2025,99,men,1.89411438447711,0.920136636414317,3.19540647621023,4.94720854754863,1.46657771884834
2025,99,women,1.87355313597104,0.846152648758083,3.84741757028064,7.0203569577793,1.16203882338457
2026,30,men,1.62525759902126,1.308423449035,151.914064520829,74.7473864120524,1.16536698291651
2026,30,women,1.72838411497271,1.30631613857585,135.421243311475,222.962859331366,1.18878924384025
2026,31,men,1.6080059720865,1.23040098173589,75.9031533298943,85.4948559487221,1.19612858738824
2026,31,women,1.65920257529592,1.65172493889174,167.616371926421,243.971757324519,1.24110495947188
2026,32,men,1.548568798473,1.24428792057093,92.8731837191688,70.2410185248693,1.24452094581963
2026,32,women,1.52246688445547,1.00107119210023,239.412531120651,125.007717907914,1.34930288356602
2026,33,men,1.5392224785574,1.42084750872993,100.832021723714,72.5163200691431,1.2839531744298
2026,33,women,2.16087356670784,1.16479901786391,269.496131669498,165.974884064047,1.37910498264408
2026,34,men,1.5677126284329,1.6120480846344,101.698636192877,102.270700752839,1.33141191346405
2026,34,women,2.17584499559894,1.16138406423976,102.903045710506,131.136070987288,1.49277970198701
2026,35,men,1.67693636755331,1.75109008737464,92.801813342069,69.6909988654758,1.37152098417563
2026,35,women,2.03203778252237,1.15241312868294,138.602514575602,224.89757604076,1.58060948379202
2026,36,men,1.83579243255898,1.90375746050926,85.7944804696773,67.6392635833352,1.41861073134704
2026,36,women,2.34655463809404,1.23444913492622,202.893253159691,307.48990651629,1.64876821191109
2026,37,men,1.6648512482203,2.01174320038878,98.4946420664669,81.1125299104719,1.21455383840347
2026,37,women,2.01737567965755,1.30130872972441,187.003101841255,192.90102908782,1.77732114463591
2026,38,men,1.90736533651498,2.02874459896218,88.1290175802039,101.442672175202,1.58630133191955
2026,38,women,2.19038896844049,1.4219797892483,128.452101519227,164.962187401984,1.89106049285988
2026,39,men,1.67477190703644,1.71307319749381,109.90818884575,90.4966320258131,1.682803580346
2026,39,women,2.12804161499309,1.56413657030648,97.1012756709355,149.41409800517,1.09062873653713
2026,40,men,1.65732631432009,1.70138880094416,103.206973825421,74.7850255186343,1.24179102545168
2026,40,women,1.83554961543703,1.67017738867325,354.180898755054,162.83331739495,1.15291908632811
2026,41,men,1.6729057652905,1.65905823212545,82.8867697287415,61.6236860339786,1.330812877536
2026,41,women,1.93797831544497,1.85733939441023,181.443800806252,175.467908134801,1.23068463045232
2026,42,men,1.74148127677418,1.82293864256847,99.3938923331317,75.7702502929089,1.12459970954835
2026,42,women,1.76003413673759,1.97344747546908,103.054922244847,109.48694546118,1.35179217026595
2026,43,men,1.80920366945182,1.80922847940672,78.1817247273134,70.8558243544003,1.2026229468144
2026,43,women,2.27089323414067,1.86154767806413,177.455515857269,137.416748110806,1.45480354093391
2026,44,men,1.74167530523716,1.69406046113751,75.2196160624869,66.0729429690371,1.29034235632304
2026,44,women,1.7963587903455,1.80559393291735,216.073979412761,129.029313276177,1.14446453864409
2026,45,men,1.77067441549717,1.64920685425122,72.8686234875442,64.763338202238,1.41633357579097
2026,45,women,1.88748985254182,1.65131578142935,231.620242610485,142.399175694676,1.24663123161357
2026,46,men,1.9133763320273,1.7118699420125,79.9864238164901,64.1589408185404,1.25421238052344
2026,46,women,1.9044207218237,1.65657382823675,209.404575406866,118.32493303484,1.40545632779988
2026,47,men,1.85918076868971,1.57538483331155,64.7775267418575,32.0376311970965,1.36106669676839
2026,47,women,1.43047946841075,1.77019714305589,158.899522293417,141.164587991661,1.21086261217011
2026,48,men,1.90822651088281,1.67925704675018,63.5327928531682,65.556328014787,1.26732789730748
2026,48,women,1.39780107062809,1.81910532621451,180.586000139434,116.708335487764,1.32831864192501
2026,49,men,2.04887117358898,1.63497330262696,69.4939590348526,32.4973041834604,1.35455824266311
2026,49,women,1.55472829030972,1.72566001851378,132.692310631277,96.056909177111,1.17573661533632
2026,50,men,1.87950151753068,1.71866321698199,68.683449167486,34.9037980449329,1.29131694044249
2026,50,women,1.69235932231233,1.58393764711023,160.230997650776,86.2043245982339,1.28654163249976
2026,51,men,1.80072732610564,1.60523301821172,60.6098985476885,32.6240523154917,1.26580050362687
2026,51,women,1.88493581791368,1.57609909589815,137.682253453013,78.6059874233514,1.15495571216243
2026,52,men,1.77099192592978,1.57728422339505,34.3724655937125,32.1021411692585,1.25733186636352
2026,52,women,1.95598484120417,1.4065563222644,126.791133299358,77.8516830948245,1.22997140165866
2026,53,men,1.61139694529543,1.53416651599041,34.2279327186674,32.4398026659297,1.3034271374848
2026,53,women,1.77467207303086,1.52890725283732,103.352743817936,96.0749959030223,1.15619483424822
2026,54,men,1.5326741519701,1.50126108845204,34.9025665940911,31.6428142197413,1.24171015742312
2026,54,women,1.74266356977994,1.47337084670247,142.602085439738,73.037318667038,1.21272700860517
2026,55,men,1.42205107072895,1.29770182253072,36.6938988110259,32.0240842866359,1.2904910379853
2026,55,women,1.40065394512062,1.34426094939676,110.870461567957,78.3518532523717,1.16098730028475
2026,56,men,1.33399330064366,1.32505271491357,35.6532141901527,30.9722385077182,1.20087689957668
2026,56,women,1.42743307362739,1.28489237624937,90.9964514740352,64.820950972179,1.17695321521579
2026,57,men,1.30405989150131,1.30055964582729,34.7190908735154,29.8978453255645,1.2108667593924
2026,57,women,1.39656109319916,1.40039483405696,96.5400706847289,73.2953844270569,1.19329613752939
2026,58,men,1.21742341479399,1.2955124745507,18.932261622556,29.3233067196662,1.22218159946592
2026,58,women,1.28260786380937,1.24103785067982,102.036950295165,73.8672612681469,1.167499227664
2026,59,men,1.31112258483587,1.30014827340216,18.291537080967,30.2154472743278,1.27019563779642
2026,59,women,1.40681336672159,1.23071642474156,73.0465938029101,65.0771452043242,1.13581926327155
2026,60,men,1.26615175375641,1.21027229671941,27.7242901728143,22.9690167292882,1.24300178381219
2026,60,women,1.50416448352988,1.17018007466611,85.4515953623348,52.4257671733136,1.14297861987564
2026,61,men,1.27699450552116,1.25258463529281,23.508757419463,28.7315180784379,1.20804222052673
2026,61,women,1.45573927090718,1.14783676534866,75.0775585283888,29.3521940038643,1.14160806936305
2026,62,men,1.34427936152659,1.24360403326194,16.8060363844668,27.6492936269582,1.22527888173292
2026,62,women,1.44760331504625,1.14858614389446,71.8249540264429,28.5396349348054,1.07785882729611
2026,63,men,1.41054477588787,1.28459733053266,16.4370801705299,27.6660900401785,1.22759603081093
2026,63,women,1.53514364836199,1.14828958972209,64.7636766512968,27.3664846971555,1.10402347662157
2026,64,men,1.43321286435312,1.20244234856174,15.6886192808308,14.6368310864334,1.2065345707229
2026,64,women,1.56936970796444,1.14400197207286,52.8002680883516,52.4383470702152,1.08858844897953
2026,65,men,1.47391040111721,1.17040135370792,15.0897539934001,14.8429964070718,1.19913761709373
2026,65,women,1.54623973171008,1.10577951638753,73.5149806251613,27.497744577477,1.09553033609119
2026,66,men,1.47862725406621,1.17359285890961,14.6503689193848,15.4974409996541,1.1786357790732
2026,66,women,1.52342755658221,1.09501104217918,56.7466046526426,27.1111091625605,1.04729534610033
2026,67,men,1.5035733919362,1.17127188906768,14.8942266061588,15.7445558922215,1.17538289062189
2026,67,women,1.50339970823786,1.14516117332629,52.3268426092506,29.5457993038182,1.08427358462317
2026,68,men,1.6022895914838,1.16148209645859,13.8738998981887,15.6730832931009,1.172507670266
2026,68,women,1.66185020873821,1.04328876810308,46.8171750150651,29.4287198948223,1.09619472510625
2026,69,men,1.58175111458008,1.18368155745777,13.6023173330352,15.6424142232271,1.1581421010688
2026,69,women,1.65889731427399,1.10288455002463,46.1735223464377,29.3191477333869,1.10618701513004
2026,70,men,1.47459800643675,1.12704178931543,13.6485045950811,17.4425129043197,1.18194930662927
2026,70,women,1.51308169195007,1.01662536248159,49.4218634875006,32.3615262423601,1.11976401010624
2026,71,men,1.51726293469382,1.12004771424688,14.0570832267979,13.3568491956762,1.19086228770431
2026,71,women,1.61829873329632,0.950734134544327,25.0213704230779,36.2342424911835,1.1035207998403
2026,72,men,1.53297002017921,1.12065682892169,13.6002738033877,16.3177287870155,1.15955167754757
2026,72,women,1.5753889713426,0.947166339894321,25.1752838918833,38.2184891190612,1.13211096231344
2026,73,men,1.55221969423079,1.10209955909337,10.2215692482302,15.1988794343477,1.20075267399995
2026,73,women,1.66034043332246,0.908321467343631,26.1941088471257,23.3429621603947,1.04849712330008
2026,74,men,1.57963485258889,1.15099307277882,10.366457908973,17.1507699995272,1.18193944436096
2026,74,women,1.68921825177334,0.827139840317516,28.3739516002567,26.6478697532625,1.09911820154421
2026,75,men,1.52699000577505,1.08191947080277,11.0829129695091,14.4249293759104,1.17881592874678
2026,75,women,1.58730997204678,0.827997192669319,30.6044460750428,21.1861570353743,1.08408772334764
2026,76,men,1.47997109565342,1.08499237053111,8.89679435669116,13.7848470643122,1.2277907383973
2026,76,women,1.61142822038828,0.807820880896108,33.8134112628424,24.7247359783522,1.10620012070244
2026,77,men,1.57944834181271,1.10596815696988,9.68062630045458,13.2534005415176,1.22239921635809
2026,77,women,1.62906263690093,0.758809527834806,20.0163925988535,22.0003495776094,1.0967636474094
2026,78,men,1.6215205491854,1.09673207249294,9.47336915623338,13.4130298812841,1.20377147642603
2026,78,women,1.66882250626116,0.769085380390037,19.9192147632712,19.9428343704699,1.06117026101924
2026,79,men,1.6624534448916,1.1838859136077,8.70204643750511,14.1933010008183,1.22053648321801
2026,79,women,1.66834632351039,0.791784528292613,18.676846423292,20.0471097436522,1.11089290409174
2026,80,men,1.52473750847101,0.863343135963191,7.38404251837126,12.1198114352252,1.22716707642773
2026,80,women,1.41955412575352,0.707913846432568,24.1342713768953,21.9660486596293,1.11268221855154
2026,81,men,1.48872812137013,0.88403557384445,7.3194396613547,11.4081341077697,1.22928861713644
2026,81,women,1.4262431058741,0.730881391063902,25.4516092541721,19.1385860038842,1.11002311366812
2026,82,men,1.5267975812598,0.914590802218988,8.05277045967551,11.5678037532148,1.23469666505874
2026,82,women,1.37809718505465,0.780692236067902,15.6997965259613,17.6023184880378,1.10954669543233
2026,83,men,1.59943233466147,0.931880914848265,7.69649576484854,10.9226025784917,1.2570313254037
2026,83,women,1.41678911672308,0.813368020313004,14.2424208800067,18.4850935524548,1.11658232456328
2026,84,men,1.58429862455031,0.96043045086823,5.98132286017227,10.5128539519612,1.26437335380286
2026,84,women,1.27245117161385,0.853672641632239,14.036596118806,14.9376893401623,1.08407905087167
2026,85,men,1.44134100066364,0.988317328968267,6.51680066490232,10.4112536368851,1.25657886886748
2026,85,women,1.21506071708623,0.877417849583517,10.0536065544725,16.2328510305052,1.1064496299479
2026,86,men,1.43582425608995,1.01814487632441,5.55884052350147,9.71590166805982,1.28894024331688
2026,86,women,1.27473355971095,0.9115454813833,8.76531510492766,14.5235917607983,1.10706931969251
2026,87,men,1.47802902229764,1.04974272895559,6.4350693484954,9.95093694380972,1.2952205755097
2026,87,women,1.24990996596426,0.938626957606776,10.52924972233,13.0575416718373,1.10127859246705
2026,88,men,1.54574622193338,1.07950113948192,6.26889682958769,10.262722695861,1.32733150535143
2026,88,women,1.25038769502339,0.963920923231818,10.6182866482748,13.5821903740193,1.12772380468509
2026,89,men,1.52690228086603,1.09736260162341,5.71769116790329,9.36125823656738,1.32174993032554
2026,89,women,1.28822957391006,0.995651972282302,9.14830539054777,12.0887684997847,1.11350342939878
2026,90,men,1.13829752478552,0.770116926836894,3.65431270110618,7.00810299848267,1.22095778548107
2026,90,women,0.937007479605054,0.722744433745302,6.63870611147894,9.61452065320913,1.07167810609379
2026,91,men,1.1864956437016,0.793058603560397,4.1190523345073,6.94035368325221,1.24119627786487
2026,91,women,0.990974114914089,0.761686494557378,7.97169748782214,9.805844086915,1.0611325362397
2026,92,men,1.24994337576772,0.789584466993047,3.60026565448542,7.05472901860395,1.31057729965602
2026,92,women,1.0392549838239,0.74978881697913,6.47855412830822,8.66056415674168,1.08370051526147
2026,93,men,1.29672793906073,0.805042234479553,4.81878586354869,6.23154823696774,1.32916024071188
2026,93,women,1.10155628488373,0.763475935656236,6.10214647957147,8.82033247359034,1.10240174098739
2026,94,men,1.38939758053992,0.829978930046983,4.05497703561401,6.84999453846853,1.33434790260785
2026,94,women,1.22362634264476,0.770079044701631,5.15393889253412,7.69933570217602,1.08002507450746
2026,95,men,1.43904116664865,0.828330830735366,3.03012886260352,5.95263461012595,1.38039310425124
2026,95,women,1.30051153401931,0.799148748217066,4.29154016703977,7.98805774417384,1.09952219947572
2026,96,men,1.51511124892433,0.841661607552868,3.47976158793294,7.31509339115394,1.40970500875353
2026,96,women,1.46080706735962,0.7972655505131,5.65217173642266,7.04531615222909,1.12735373343922
2026,97,men,1.67173323677502,0.86319159540661,3.82322487900303,5.80002700501437,1.4274912436944
2026,97,women,1.60856657995145,0.808516493627003,4.74638189735658,7.27736422800847,1.11325320487225
2026,98,men,1.8442321250209,0.891883514381969,3.2130345903719,6.81870582363768,1.45078333187349
2026,98,women,1.76897168642516,0.83077283821946,4.05403270725453,6.83634943095774,1.13867733687844
2026,99,men,1.89894794839367,0.905366268935842,3.15090343068733,6.66674411405847,1.45192377228747
2026,99,women,1.89231338977908,0.835643523684923,3.92619614206833,6.90376062768513,1.13964911750235
2027,30,men,1.63309459933989,1.31928887637386,108.502947014223,68.3788687905439,1.16558162761149
2027,30,women,1.73714675435576,1.32311175027679,162.250719570309,179.0353371252,1.16781399137986
2027,31,men,1.60860613527184,1.23063114856149,83.3327857373902,64.7983002537688,1.209096843337
2027,31,women,1.67488939412994,1.66753119519278,218.216150870903,270.542917533155,1.26408790572346
2027,32,men,1.55349387267336,1.23412207397223,93.1047465828591,65.9843858073181,1.25543225591349
2027,32,women,1.54196719548921,0.998731349273265,123.826108682098,150.562096693282,1.31396078196346
2027,33,men,1.5391317216688,1.40992727010063,112.671414193285,64.1194628602781,1.27796488143325
2027,33,women,2.2235044129249,1.16898494094501,136.543836082385,112.128044502549,1.41728891114652
2027,34,men,1.57494390574447,1.60043488722913,77.6255879665125,65.1983307700664,1.31048188812843
2027,34,women,2.23073147985933,1.16171526733763,109.639393784759,247.405181858664,1.51735889824308
2027,35,men,1.68839031648791,1.76092010001326,97.7823898513089,77.6077334050874,1.37922873170234
2027,35,women,2.08692309714648,1.14832175411638,132.597794400577,189.180047651259,1.57090062781227
2027,36,men,1.86001492391244,1.92173211009889,100.753874073578,81.7914150622545,1.40638150852494
2027,36,women,2.39244881620776,1.22815631218543,125.761998753076,174.920549167612,0.887965717409606
2027,37,men,1.69831497994771,2.04383509571868,82.6776045661395,65.3184304552877,1.48617333217247
2027,37,women,2.06529477939719,1.29407483859189,106.113072810387,122.730120178434,1.78390996792914
2027,38,men,1.9519455562931,2.06062109858077,72.3131053097795,95.7072602692204,1.58500663378102
2027,38,women,2.23938182465538,1.41493431827371,189.158882275246,169.58848515891,1.00803916107822
2027,39,men,1.69497059314343,1.72359232709404,107.316565478079,91.7255374933158,1.16965823617297
2027,39,women,2.17224709863813,1.55634617698157,234.146180954957,161.236548528849,1.07920908526237
2027,40,men,1.68064596158972,1.71103305174203,115.168577688096,64.9537005462619,1.23608791047885
2027,40,women,1.87872491974425,1.67379928990066,137.731788507427,125.431842118369,1.1545360524536
2027,41,men,1.69708811025223,1.67181002121982,79.8438499883336,78.051696639976,1.34447930748591
2027,41,women,1.9803530441811,1.86154625339023,111.339730490015,141.251376346109,1.25362639710332
2027,42,men,1.76957484583136,1.84146829440962,97.3387482957847,67.5776233051368,1.41547202933141
2027,42,women,1.79881855776838,1.99681612382772,153.272877547477,186.04482534732,1.33932499276973
2027,43,men,1.84401845421924,1.83006975932528,90.5123545493796,74.4732813757772,1.18096780669097
2027,43,women,2.30711630979132,1.89072309906389,260.617607928181,153.865575574256,1.20636996668276
2027,44,men,1.77371208617478,1.70740215701312,87.9739102417309,57.4869892757582,1.62519025262645
2027,44,women,1.83143779982831,1.83148133060561,166.792930709567,124.087270499377,1.57763274385838
2027,45,men,1.799396505941,1.66397537397814,81.6151469370716,58.5829345781791,1.36143779445111
2027,45,women,1.92369575929132,1.65631587649127,192.217049613922,110.881804858671,1.22621051887473
2027,46,men,1.94359934028564,1.72774482271713,72.4971445381577,57.934774214446,1.20954395227278
2027,46,women,1.93798374740487,1.66081827260185,139.495383084483,143.812786403277,1.31076592617329
2027,47,men,1.88993409448576,1.586824561531,64.2713914881861,58.572192076478,1.2972359115625
2027,47,women,1.43229902419938,1.78280382578523,161.706124456562,85.420497264327,1.12963335655443
2027,48,men,1.94298071889212,1.69223805599955,69.4698469445758,63.6656842037609,1.1968982878376
2027,48,women,1.39551966166629,1.83074857312864,156.917833627115,101.597315809857,1.23991417992183
2027,49,men,2.0849047438891,1.64944021709499,58.6884042426833,32.4994599829868,1.30773109157174
2027,49,women,1.55300884651686,1.74711832910957,138.222449314148,98.089552333333,1.31305399059065
2027,50,men,1.91209948254341,1.733864761207,59.3275029185966,33.01839266556,1.24140237679809
2027,50,women,1.70204316873432,1.60007606734144,198.587133877257,103.155168583791,1.20151981171571
2027,51,men,1.82951210909064,1.61610820138037,67.2984758661543,32.5013769390282,1.37341227367148
2027,51,women,1.89994268071522,1.59251943603505,142.620251743228,93.5917431552672,1.25783238104349
2027,52,men,1.79574654063833,1.58924300925864,32.7117830370397,32.1672648153831,1.3234283278206
2027,52,women,1.98398251345939,1.41231491333406,147.488777550738,87.7512234452287,1.39730384181622
2027,53,men,1.63382495658273,1.54503526361151,32.942948477041,31.9906233652964,1.30665707500423
2027,53,women,1.80852184430861,1.53904279826928,100.425360488121,85.0269916117368,1.25201740861827
2027,54,men,1.5518900120555,1.5133100248227,34.1648245490455,32.5893260353714,1.29233694666798
2027,54,women,1.77372999765381,1.48245310269137,114.835170605552,85.5882597245819,1.19368421434623
2027,55,men,1.43400876038322,1.30259570597976,33.8522118970159,31.473785508236,1.2227539164086
2027,55,women,1.41070517034751,1.35180765879435,114.737951071197,88.2934028590017,1.23338951402754
2027,56,men,1.34340463903192,1.32999574080108,35.8675796466252,31.8572286054876,1.20177618848003
2027,56,women,1.44134353337165,1.2903973120465,110.330483429907,74.4599794772657,1.20892627524552
2027,57,men,1.31293487403634,1.30449353516101,35.1730392275023,30.9223362109879,1.24981107544716
2027,57,women,1.41031805826038,1.40929695104183,82.9009129400295,69.2926133913663,1.23720119798257
2027,58,men,1.22567799878772,1.29971601840013,34.7716639360637,30.204351407875,1.21512271791508
2027,58,women,1.29082466257733,1.24617225538503,77.893601027031,62.6752041176891,1.14398520276052
2027,59,men,1.32031096249148,1.30467652092577,34.4065572331375,29.4084959115339,1.18444371468516
2027,59,women,1.41882426216051,1.23318356455563,70.2666631507615,60.8254290527561,1.19786054215385
2027,60,men,1.27546560345891,1.21349951422214,33.4804863954411,30.3945020084588,1.18470291285517
2027,60,women,1.52064944762508,1.17399682606887,84.5940047823607,60.4612314280178,1.14509318624745
2027,61,men,1.28849184472351,1.25536693421289,26.3377838134836,23.6078794659878,1.22401479482653
2027,61,women,1.47368838975159,1.14933569769565,68.5901378057814,51.3212803434181,1.18323190651312
2027,62,men,1.35785350585817,1.24646058930155,32.5703747993168,20.1457732391523,1.21074754564888
2027,62,women,1.46627267750508,1.15016060470442,70.1009705473684,61.5193182430386,1.15060097852573
2027,63,men,1.4268164925596,1.28739727558635,15.9617485718745,27.7062899055701,1.16822029510641
2027,63,women,1.55714876299978,1.14942159477214,74.9431761261303,27.9661705887636,1.14561771659576
2027,64,men,1.45175687386802,1.20520539821682,15.8369533107836,14.9563106109443,1.18175047524144
2027,64,women,1.59499377629199,1.14589003626979,61.5669522149281,53.0634409724032,1.19558579372993
2027,65,men,1.49202793360664,1.17022039731604,26.3758455459717,14.9914875313523,1.23464300534897
2027,65,women,1.56561102666613,1.10497945411874,65.406402171439,27.8723180451875,1.11447497655813
2027,66,men,1.49832692795537,1.17392205400157,14.783032170889,15.1851035188937,1.19349605380157
2027,66,women,1.54657912945366,1.09444455998962,55.8734131272906,26.6571488281013,1.0831762549609
2027,67,men,1.52521054563482,1.17130915806571,14.0569104485658,15.0830814589272,1.21309861381454
2027,67,women,1.52820233391864,1.14573825859457,52.0265876792593,27.4144727573057,1.05986124215212
2027,68,men,1.6278096701512,1.16217386872017,14.3856538717517,15.6626117160701,1.15629701644577
2027,68,women,1.68957238227611,1.04209900240895,48.8235773589659,29.2790200009336,1.1187531655513
2027,69,men,1.60823684708924,1.18376317663059,13.0141359570929,16.1322043004674,1.16680485154244
2027,69,women,1.68977300294194,1.10155797949595,45.7744751773738,30.9302585458929,1.15143636454854
2027,70,men,1.49754000656916,1.12532247735161,12.8402404958473,16.2807704053881,1.19658296087084
2027,70,women,1.53875451403896,1.01220665260332,44.4025775699386,30.7287253986309,1.12210927168651
2027,71,men,1.54215632952292,1.1188500401191,13.4606528780959,17.9141177387667,1.21277261311309
2027,71,women,1.6461337692787,0.945986957085038,42.4309710511237,33.4771602010756,1.12805926960722
2027,72,men,1.5571924409202,1.11908881278403,13.6782479975855,13.6342954665678,1.18180510378171
2027,72,women,1.60301457027575,0.941152594929448,23.5705472394109,38.0889721853713,1.07509649705109
2027,73,men,1.5769698440589,1.1007971477986,13.2447574392784,14.090071706357,1.21790909782538
2027,73,women,1.69045237656974,0.901744932866727,24.3401811445116,41.3486235349723,1.11766966077571
2027,74,men,1.60431699827757,1.14813998397962,9.88576318526865,16.0345451151813,1.17379189404309
2027,74,women,1.71941288316298,0.819102910708574,25.533301884156,25.026290048087,1.0868970199031
2027,75,men,1.5486698293739,1.07731594903484,10.0317625388769,13.8091214302817,1.18304512217758
2027,75,women,1.61550230334857,0.819079894345802,27.7013033054297,23.220256014929,1.06114846169587
2027,76,men,1.50024256257626,1.08116239833024,10.388079258048,14.8827223238338,1.20382526989106
2027,76,women,1.63970302138656,0.798499936401513,29.0085553485967,22.4563501497336,1.09312148075186
2027,77,men,1.60096760404045,1.10265295404017,8.61903771148861,13.9620991601213,1.19709519599113
2027,77,women,1.65716652539765,0.749244127539889,30.7739361939549,26.4625444609444,1.08790014201549
2027,78,men,1.64344901542465,1.09246894531233,9.21548126828383,13.8233141612861,1.21945837127647
2027,78,women,1.69643662034064,0.759897214735707,18.4186661302311,23.5041094260393,1.09925976823333
2027,79,men,1.68452282465448,1.18018792120277,9.14113009627383,13.8104376873208,1.22856304809581
2027,79,women,1.69658029105947,0.783122766688006,18.1718829018349,24.2352408885224,1.14138322165767
2027,80,men,1.54103018036161,0.853493149491771,8.25505176034064,11.5521411302123,1.23706979350563
2027,80,women,1.43556733854318,0.696477625177896,17.0056114206281,19.9320392280163,1.09714239417461
2027,81,men,1.50449126680775,0.875047717860521,8.28797449565494,12.6556592730764,1.2059682055233
2027,81,women,1.44136823812738,0.720206237385785,21.2749557194455,17.7090682727077,1.08486259488028
2027,82,men,1.54231287004997,0.90643677168675,7.12746065795013,10.890663807799,1.2212807371888
2027,82,women,1.39001937448749,0.770901864122905,22.1493948856707,18.5888234032226,1.1137786224156
2027,83,men,1.61517294000523,0.924201395107469,7.6098307688489,11.1369567901319,1.2402618400101
2027,83,women,1.42766048526731,0.804317917389983,13.7380320232271,18.2386665300769,1.09953442782911
2027,84,men,1.5993277501797,0.953302949154496,6.84846040985037,10.4188152684538,1.27451309249455
2027,84,women,1.28152474170507,0.846167989276326,12.7811366805537,17.6564443480319,1.09877675230928
2027,85,men,1.45012056882367,0.982091837090772,6.60484670856161,10.8365526739785,1.24907830489267
2027,85,women,1.21999700373143,0.870816729689281,12.4469494995233,15.7335620811117,1.08801349921274
2027,86,men,1.4461757867862,1.01234856632834,5.98352887339313,9.68509811854665,1.27451235484007
2027,86,women,1.27842965018649,0.905464106280451,11.9478946328058,15.6435713053017,1.10580785002481
2027,87,men,1.4872968305292,1.04486798833606,7.38486188707533,9.12391762678719,1.30755019250827
2027,87,women,1.25386306526723,0.933325607722776,10.5824913615016,13.8522476742654,1.09146585564761
2027,88,men,1.55560408130774,1.07572215252283,5.62784486330357,9.95626790577206,1.30045435617382
2027,88,women,1.25331498598886,0.960269651139536,8.70501197269459,13.2623115807607,1.10298981033414
2027,89,men,1.53726376924165,1.09423353656909,5.46780090136767,9.06735976917015,1.33333809192864
2027,89,women,1.2914691081036,0.992214924362287,8.62956026656281,13.8588047925223,1.11085265186477
2027,90,men,1.13492961878088,0.758866119837192,3.67504507964066,6.7417851896487,1.21690583671693
2027,90,women,0.930859138881049,0.713322552219713,7.79244560428243,10.1891664441308,1.04485511034938
2027,91,men,1.18346753412373,0.782487558971572,4.16831004977834,7.23067195430199,1.25012979112012
2027,91,women,0.985363589915108,0.751663353006418,7.3070032994581,9.22481963752858,1.04764526205744
2027,92,men,1.24822469604471,0.778744375823517,3.54020752089134,6.20602882195369,1.31283673789205
2027,92,women,1.03509496818338,0.740960081638984,6.30845829555554,8.55795250202801,1.07729043995983
2027,93,men,1.29620732037418,0.794309827947447,4.43413399348315,6.35443035548351,1.30611086182998
2027,93,women,1.09851464271386,0.754927436763005,5.74317455044396,7.73320955330502,1.09670487293259
2027,94,men,1.388942448952,0.819151415832102,4.0636203314008,6.8445789888936,1.35277465056584
2027,94,women,1.22370325353848,0.762058682408595,4.78121190384777,7.94547434020823,1.07213926454708
2027,95,men,1.43745184328639,0.815380362060479,2.98825176647946,5.68410878659042,1.39022745129964
2027,95,women,1.30286877077097,0.791079992443492,6.44404420585947,7.76686774446409,1.12864223760613
2027,96,men,1.5120658073206,0.830206091140813,2.4972917257485,6.65895929092125,1.38622428370171
2027,96,women,1.46624763961299,0.789142489733282,5.06982747125273,7.66434589232507,1.13026323617857
2027,97,men,1.6710093359498,0.849564010709134,3.63841602065527,6.10449349720678,1.40426477780942
2027,97,women,1.61945898128611,0.801494475677692,4.22824132258867,7.12215228854271,1.13698872208018
2027,98,men,1.84254621472431,0.875832233222791,2.78896310932052,6.97832602369219,1.43074031596738
2027,98,women,1.78368635437902,0.822270001208352,3.53490853133488,7.79702846100536,1.14830076882881
2027,99,men,1.90379145270197,0.890840114528505,2.63903872538436,6.73068645402259,1.43179192059367
2027,99,women,1.91125209687932,0.825270010339027,3.34561601159992,7.60212674793125,1.14903863924894
2028,30,men,1.64096549637831,1.33023910664545,86.0916302114189,140.676695410459,1.16656215827673
2028,30,women,1.745949464169,1.34011486298711,169.786766348333,167.577884929562,1.1679925356054
2028,31,men,1.60920622628159,1.23086124488923,135.88777139882,65.8912133272206,1.19640288416943
2028,31,women,1.69071667597339,1.68348080211791,187.031133589852,141.10855763956,1.24303575572149
2028,32,men,1.55843216986748,1.22404423511357,90.9776525206737,65.9482735237339,1.2297881931093
2028,32,women,1.56170747042989,0.996398125462271,198.929536295471,191.978933760982,1.31737897623882
2028,33,men,1.53904101489047,1.39909628547103,132.257706259769,66.6803122708036,1.27456824540646
2028,33,women,2.28791831205989,1.17318383121355,98.0467399306565,135.662020884526,1.37028967629432
2028,34,men,1.58220494696178,1.58891101737506,80.8185958272975,67.9611347486465,1.30928169845215
2028,34,women,2.28697439485566,1.16204640146259,142.989506790001,139.665257759532,1.46795203986389
2028,35,men,1.69991679187372,1.7708004057234,77.5142021882244,66.2252716203602,1.38431094963449
2028,35,women,2.14326268986758,1.14424691222744,102.811087207662,123.03623085619,1.57073557422252
2028,36,men,1.88454483653862,1.93986747917316,87.6145527603406,81.8569412213031,1.44194741842592
2028,36,women,2.43921729511151,1.22189864825446,286.189679489591,182.060595264003,1.67579974458526
2028,37,men,1.73243433245904,2.07642272169073,104.33607422221,66.1850517482806,1.48586289276889
2028,37,women,2.11432762947844,1.28688469837117,211.994655444256,152.527215100516,0.94430460823691
2028,38,men,1.99754497231838,2.09298236149773,82.0613950043019,66.4630769207842,1.58770536033558
2028,38,women,2.28944553484724,1.40792720459491,224.074919087076,200.259317733041,1.87454331877806
2028,39,men,1.71540274366447,1.73417081336029,83.1703747390259,65.8926618713654,1.16329809747988
2028,39,women,2.21734837072534,1.54859839845695,166.972607384878,140.748586198165,1.06798742635847
2028,40,men,1.70428198615014,1.72072717335981,81.3380567632172,83.1349182343339,1.24936663220084
2028,40,women,1.92289373198111,1.67742725328389,126.486636308915,202.839608576569,1.1435833140295
2028,41,men,1.72160783154893,1.68465346058219,76.6280207589415,83.0862893943352,1.34450494002994
2028,41,women,2.02363272590315,1.86576055892083,175.805081960239,172.676105536201,1.24297667267545
2028,42,men,1.79810742753689,1.86017701608251,92.0899159441029,78.4687380771259,1.40665052546737
2028,42,women,1.83843787464636,2.02044976179258,183.347412994533,149.431291518671,1.34221252854566
2028,43,men,1.87948551629141,1.85114066155719,67.4542044267864,72.4081538732999,1.17967468376886
2028,43,women,2.34389888585237,1.92034104752757,150.592671944167,168.829668118619,1.39587789409294
2028,44,men,1.80632192031642,1.72084226815375,84.5984626677381,72.0409616661597,1.61962654386414
2028,44,women,1.86718401613684,1.85772684092567,157.97434162918,88.5359823996338,1.09765530175778
2028,45,men,1.82856998497585,1.67886876253153,87.0102597778862,72.8424881113847,1.36432483979993
2028,45,women,1.96057779588873,1.66132863422618,140.862900028595,123.467413932285,1.18980574391059
2028,46,men,1.97428447947063,1.74375897888118,77.8179177900105,60.3235620116571,1.20673072550221
2028,46,women,1.97212128605452,1.66507149052131,229.356440911434,113.522501525418,1.32145142243963
2028,47,men,1.92118057547706,1.59834165602506,68.1870856406164,31.0054237168084,1.30332450474264
2028,47,women,1.43411999529437,1.79549400423726,149.003413482049,120.216912522662,1.42080987437148
2028,48,men,1.97835028792877,1.70531293434891,63.6786432958096,31.8987235840089,1.42201253944123
2028,48,women,1.39324309876567,1.8424605451842,117.61004341603,144.854380730542,1.20135036680881
2028,49,men,2.1215537948662,1.66402791053545,68.0837377218439,31.0626391512507,1.31362225814438
2028,49,women,1.55129215098886,1.76883268886812,119.45016897246,84.7876018436519,1.31232273096824
2028,50,men,1.94524632703677,1.74919316547518,62.8595404986677,31.7481796875968,1.37122171699225
2028,50,women,1.71177760978707,1.61637083700245,133.666699148861,107.063864417084,1.17977945995689
2028,51,men,1.85874248059293,1.62705164366163,61.3597983044981,31.9781479884342,1.35485383090069
2028,51,women,1.91506153003485,1.60910262325152,130.719399781936,94.9092845892323,1.28656464966713
2028,52,men,1.82083470484222,1.6012864997746,29.959940007214,31.9157159278825,1.32820817092313
2028,52,women,2.0123668338333,1.41809422298988,168.851438961843,76.3937065757216,1.22139565790831
2028,53,men,1.65655383559976,1.55597559277396,31.3668407467445,31.9884558640865,1.28692550850517
2028,53,women,1.84300008502066,1.54924048620033,119.594595678825,88.9196013762123,1.20596720209766
2028,54,men,1.57133713414241,1.52544965005592,32.4374690425749,31.1971998908029,1.29819646630179
2028,54,women,1.8053345122942,1.49158682315627,90.0367386270236,82.8215738576395,1.22366800189905
2028,55,men,1.44606102714282,1.30750561778964,32.8792948015708,32.0883260107036,1.27792035402849
2028,55,women,1.42082351323086,1.3593929820247,117.146280399176,80.9413180490046,1.27144358926014
2028,56,men,1.35287768348776,1.33495475469421,33.7053162023043,31.4501381020314,1.20997582033158
2028,56,women,1.45538259037591,1.29592310034844,99.3036813173651,70.9493727272001,1.19600923244296
2028,57,men,1.32186583459693,1.30843737451781,33.9574503619238,31.278737731109,1.30027396410477
2028,57,women,1.42420365203899,1.41825122495228,102.15871904627,84.0807715987998,1.16086207646564
2028,58,men,1.23398443915947,1.3039311181096,33.5240687180552,30.8558263430238,1.26961920556244
2028,58,women,1.29909000913434,1.25132535396936,83.3704412669569,63.9057103585018,1.16866987939793
2028,59,men,1.32955915293096,1.30921829465754,32.7554831157615,30.0259080740336,1.20536314938198
2028,59,women,1.43093170256188,1.23565442959131,92.1827942265641,61.9487912181446,1.14467996225422
2028,60,men,1.28484332159207,1.21673373907894,32.7066043322907,29.2120686615519,1.23490582709897
2028,60,women,1.53730681483834,1.17782413478143,98.4174447326307,30.4893406591486,1.17947206358158
2028,61,men,1.30008695206996,1.25815403644966,17.4530805857765,30.3000518822612,1.24651739635192
2028,61,women,1.49184980244149,1.15083584671307,75.1788966641604,63.6936817317667,1.13197446310766
2028,62,men,1.37155792134199,1.24932229308319,26.0092861118999,23.7442797785619,1.25267528109629
2028,62,women,1.48517342718214,1.15173644560656,67.1937081652964,51.1713160309598,1.1666745526191
2028,63,men,1.44326775126227,1.29020193797992,30.9476051376443,29.7592096101338,1.22490166418782
2028,63,women,1.57945821680361,1.15055415662246,65.2755521693765,29.4868013196113,1.11083121146417
2028,64,men,1.47053149579458,1.20797342950041,15.7464921906412,15.3478919315132,1.20638882558947
2028,64,women,1.62102327575187,1.14778028299984,66.9192962934798,28.2677595217461,1.1120845709943
2028,65,men,1.5103590685001,1.17003955813212,14.8813197389168,14.7162382378583,1.17201849593791
2028,65,women,1.58521527096145,1.10418036489446,65.347522844078,52.2446954556885,1.17297267185799
2028,66,men,1.51827914862052,1.17425117900009,14.5642698411013,27.8213061077981,1.20853183463631
2028,66,women,1.5700708575428,1.09387865004104,64.5951256521586,28.0314512616192,1.13659665616952
2028,67,men,1.54714816562292,1.17134640986696,13.7799013163328,15.3440904480696,1.21553452072244
2028,67,women,1.55340160879448,1.14631534983129,51.2701522488787,28.1548126188946,1.14104259443742
2028,68,men,1.65372332498629,1.16286571149793,13.822488501874,15.6442545346011,1.16609394172029
2028,68,women,1.71774298715374,1.04091117933353,45.6847929684314,27.6767102261398,1.14975882460513
2028,69,men,1.63515267912146,1.18384476117117,13.5615936703273,16.179305662315,1.21989401083718
2028,69,women,1.72120770007472,1.10023365770045,47.9064653445319,30.0810734453723,1.16683148515599
2028,70,men,1.52082736116985,1.12360663426971,12.7701516842077,16.3157460002473,1.147697142463
2028,70,women,1.56484994736617,1.00780931361598,47.4814237403933,31.4900630672885,1.13000036449324
2028,71,men,1.56744556364876,1.11765423643945,12.6558611645173,16.4610791988086,1.19246020630922
2028,71,women,1.67443348875906,0.941265806971842,43.9351296056315,31.2633171649041,1.15603069261444
2028,72,men,1.58178536847876,1.11752376235672,13.010708805543,18.2098085413195,1.19085467840814
2028,72,women,1.63111061913136,0.935179970296427,22.7409569730688,34.7164475410998,1.07702571278162
2028,73,men,1.60210213496029,1.09949691686931,13.0155273530512,13.8752274352801,1.22253812441625
2028,73,women,1.72109517284428,0.895219223079477,22.1475875981247,39.2850962065621,1.0920670737571
2028,74,men,1.62937234802967,1.14529536940183,12.6328554673607,15.011227331947,1.1767919141837
2028,74,women,1.75013194763879,0.81114797849351,22.6646666725695,23.6479431584945,1.09401498828528
2028,75,men,1.57064653642054,1.07273427112369,9.46152606496028,16.2107189215315,1.19086531633877
2028,75,women,1.6441810839407,0.810262960138616,24.1424147107617,26.274477025547,1.06740135666831
2028,76,men,1.52078148766039,1.0773478247712,9.68452967900699,15.9990322339811,1.19557422827988
2028,76,women,1.66845962994378,0.789291058419019,25.4986482608067,29.6387310173536,1.08212496641937
2028,77,men,1.62276922516514,1.09934931639401,10.2180737615956,15.4606683256325,1.21860581210022
2028,77,women,1.68574102874513,0.739803935644632,26.9956724475306,23.8913998392852,1.09139791490426
2028,78,men,1.66566299348524,1.0882244798159,10.4328506098522,14.0866527172577,1.22054769571728
2028,78,women,1.72449370793581,0.750823269722866,15.6187451027055,21.034418533032,1.09488870427994
2028,79,men,1.70687407717929,1.17650329524576,8.9369317393706,15.8646966436443,1.21435042484043
2028,79,women,1.72527779095358,0.774559963023159,16.8639313392201,23.7898792730409,1.10681768852457
2028,80,men,1.5574887836231,0.843760317986373,8.61484050180388,13.5648487670332,1.22764723157549
2028,80,women,1.45175315565736,0.685231658411803,15.8758297876664,21.2494247200546,1.09961903254716
2028,81,men,1.52041341921788,0.866155605583998,7.82645551742357,11.5437260263832,1.25074181001382
2028,81,women,1.45664619162376,0.709692153764358,15.7976275430064,20.4869430310997,1.09925462499444
2028,82,men,1.55797805560503,0.898359406429192,6.56262256326173,12.3575856880478,1.25071165765301
2028,82,women,1.40203874844076,0.761239007828223,19.5483691985646,17.5714513574097,1.13101154887809
2028,83,men,1.6310605760786,0.916588902327409,6.64956405005358,10.745588270148,1.26325471519763
2028,83,women,1.43860984870686,0.795372901631871,19.4568869596094,18.3922572011947,1.09950623343285
2028,84,men,1.61449192822135,0.946231818076946,7.02878402357084,11.7161554894139,1.26664996618702
2028,84,women,1.2906584902472,0.838732963187519,11.9727930632234,17.5424193006627,1.10369668871075
2028,85,men,1.45894924567175,0.975908601656528,6.34423685821163,10.746452021877,1.24368833789612
2028,85,women,1.22495089494324,0.864268491436501,10.9467924157642,17.0062543666244,1.11411256182474
2028,86,men,1.45659678566805,1.00658808925669,5.72023668249728,10.5603261403122,1.28259064456001
2028,86,women,1.28213462656614,0.899426272546315,11.1322556792483,14.9514197715459,1.13488410725801
2028,87,men,1.49661813737065,1.0400182723668,5.40674962371156,9.6936908241409,1.3184078725763
2028,87,women,1.25782670807046,0.928056792379507,9.87012097503011,14.2359292992561,1.09033052552062
2028,88,men,1.56551989965982,1.07195824867141,6.41868911872123,9.45800835255291,1.3165635443081
2028,88,women,1.25624768118942,0.956634000489265,8.85435512677204,13.5284999218973,1.106444119208
2028,89,men,1.54769040763464,1.09111493057643,5.11543910208681,8.66165524653441,1.32124720877404
2028,89,women,1.29471518498547,0.98879142777453,13.6306334425647,11.9739294132929,1.11707536252297
2028,90,men,1.13157333122072,0.74778510626062,3.59817532754829,7.01181981872289,1.20116020053066
2028,90,women,0.924754144260161,0.704028053207415,6.87963135474609,10.6997455121397,1.0649758607329
2028,91,men,1.18044864052788,0.772062530633498,4.11260132065449,6.42080068366251,1.23432523988425
2028,91,women,0.97978757335786,0.741776953727479,6.95306715820799,9.48478987065005,1.05083296582242
2028,92,men,1.24650922545341,0.768058343484136,3.55233970862489,6.3505231759596,1.26884620579321
2028,92,women,1.03095364408591,0.732239582124907,5.90935124996795,9.14359706765861,1.0799052993125
2028,93,men,1.29568716733306,0.783725688203244,4.51493172717851,6.09361571029311,1.30336259024536
2028,93,women,1.09548289318001,0.746478799482107,5.10945726242489,8.70935023713672,1.0814105892505
2028,94,men,1.38848769082265,0.808470388415708,3.76025374701189,6.53889497764576,1.32372736508573
2028,94,women,1.22378013132898,0.75412574621814,7.31699616452238,8.48569432923071,1.09576479763209
2028,95,men,1.43586505780925,0.802638604557806,2.99779195668138,5.46798947189006,1.37566375917821
2028,95,women,1.30522911432828,0.783096623912617,5.72738541940091,7.9850612538314,1.11466695234598
2028,96,men,1.50902798473254,0.818912026226294,2.53095621308241,6.73078277260985,1.34893836268299
2028,96,women,1.47170577612875,0.781106137348728,4.83235039637659,8.28075320080789,1.12255883164441
2028,97,men,1.67028610540035,0.836158133464625,2.93342456024286,5.67825049844075,1.42054394775269
2028,97,women,1.63041971349488,0.794536862770194,3.91674970610672,7.26847888148853,1.14007114290656
2028,98,men,1.8408626759896,0.860077531894295,2.90456269399888,6.22525084454232,1.4871215569293
2028,98,women,1.79851607369799,0.813858319003467,3.6450865588482,6.90697625991918,1.14529396664195
2028,99,men,1.9086449129257,0.876554017872708,2.86159719168497,5.77489130644356,1.48813209877866
2028,99,women,1.93037086547753,0.815030293149384,3.47563754760358,6.81435942693586,1.14585382868269
2029,30,men,1.64887041992431,1.34127475941698,86.0363574062796,90.5999277571679,1.15182241783463
2029,30,women,1.75479240775513,1.35732793605456,331.197580161325,455.342592416203,1.16206114769291
2029,31,men,1.60980624516001,1.23109127077551,78.2606824559235,83.8673309906221,1.23869176487607
2029,31,women,1.7066856083672,1.69957498809837,243.268280301659,136.97706111138,1.24603829020581
2029,32,men,1.56338371901038,1.21405359926068,124.484052202947,65.5874975268725,1.24095975942222
2029,32,women,1.58169054167322,0.99407149869321,141.313441332589,146.44612017099,1.32064641649205
2029,33,men,1.53895035817006,1.38835378187213,84.592482830814,72.0059836933424,1.27481797760911
2029,33,women,2.35416510929263,1.17739572241552,145.8323539618,140.778361585098,1.38845132090625
2029,34,men,1.58949585982577,1.57747574443365,108.361144322305,69.7609410369296,1.33101154494404
2029,34,women,2.3446065688054,1.16237746666298,122.722467795821,106.484416765185,1.49886330935539
2029,35,men,1.71151621684594,1.7807312368286,90.6137122828249,71.2647597411904,1.3845572362132
2029,35,women,2.20109434845194,1.14018852810706,160.16959015926,197.369394459059,1.57453960782885
2029,36,men,1.90938591761221,1.95816492448271,113.965670848326,71.0707792215029,1.4264116259979
2029,36,women,2.48687628706989,1.21567592950487,168.136511117446,129.158151154351,1.62817935514294
2029,37,men,1.76722181783971,2.10951348584155,127.909405403612,88.0190680497612,1.51460002959298
2029,37,women,2.16449954759957,1.27973802307662,121.382540972573,128.394743350038,1.73036174565434
2029,38,men,2.04418636565034,2.12583551526767,68.5743816324627,68.4075035861214,1.53419973060561
2029,38,women,2.34060295961915,1.40095822062574,151.327642821793,123.405933121166,1.85877276560508
2029,39,men,1.73607093995263,1.74480896170995,96.8086550976906,82.2034281420759,1.14387160937177
2029,39,women,2.26336312849065,1.54089298078114,269.412490449162,130.889030183459,1.08514148866456
2029,40,men,1.72823852109897,1.73047139889953,93.3928265573986,72.7616491834053,1.21412190230104
2029,40,women,1.96807840689455,1.68106128597281,133.151881454185,186.097385439235,1.16865476397867
2029,41,men,1.74646946618523,1.69758916324559,119.679732559228,63.4246964318692,1.31430516632407
2029,41,women,2.06783622616251,1.86998232050163,179.222581879336,135.986446884583,1.23680552245952
2029,42,men,1.82708566068826,1.87906644852983,96.4826912564784,69.2165396774532,1.38291083495624
2029,42,women,1.87890963478382,2.04435126132988,145.140374487211,144.241406977751,1.30340661426352
2029,43,men,1.91561674579148,1.87244360090368,72.9825010316815,64.0904446957599,1.49562335207248
2029,43,women,2.38124932204811,1.95040801244202,150.424595829389,143.019048563411,1.41320554364546
2029,44,men,1.83951476788652,1.73438147145549,75.3457860553418,61.9991283989221,1.62234051993884
2029,44,women,1.90360979120096,1.88433523756051,180.35103755021,110.460871857853,1.53904463423359
2029,45,men,1.85820171866045,1.69388801333099,69.8056818649726,60.4356298960386,1.36194491132805
2029,45,women,1.99814824599721,1.66635408043465,114.906723006027,119.792066888313,1.20478059202553
2029,46,men,2.00543858276872,1.7599135628317,76.3834073357417,59.532205476371,1.23820138696741
2029,46,women,2.0068428813752,1.6693334957911,134.519995145535,119.663789934195,1.31641036022335
2029,47,men,1.9529278707761,1.60993660148104,62.63953260015,62.2948354169654,1.32232058750357
2029,47,women,1.43594238209792,1.80826818983434,224.118893300342,141.849775021198,1.44492853250686
2029,48,men,2.01434580210711,1.71848231380144,70.2454797123806,60.2910572510228,1.24063146759058
2029,48,women,1.39097136925051,1.85424161384808,147.481341659383,108.391553667426,1.23334108730083
2029,49,men,2.1588285281016,1.6787373309849,71.8160972238589,32.0075285496241,1.34739479470598
2029,49,women,1.54957819798112,1.79080602454862,167.631521368463,109.174484650544,1.12437786277717
2029,50,men,1.97895101544819,1.76464942512117,30.3099616366199,59.3925879994007,1.43435410112838
2029,50,women,1.72156288466568,1.63282339259263,149.212361956322,92.0599736897208,1.22342848507271
2029,51,men,1.88842511348768,1.63806373951479,59.2066005196677,31.9924017788098,1.35861592083324
2029,51,women,1.93029314571644,1.62585019107098,128.110947717223,96.8730574470942,1.30306804661466
2029,52,men,1.84626074506039,1.61341525269816,45.3477723233577,31.9361330114478,1.31096534547255
2029,52,women,2.04114294732449,1.42389431550294,129.073434372649,85.5783584365275,1.33319612932306
2029,53,men,1.67958746708273,1.5669879392677,32.2173515551207,32.5813280156676,1.40114598167351
2029,53,women,1.8781181450411,1.55950066671055,135.43446656619,81.4505055751657,1.16873332428262
2029,54,men,1.59101818536035,1.53768060151697,32.1342169984852,32.1107976612431,1.29301876021765
2029,54,women,1.83748616139794,1.50077227412677,144.813676321311,79.1214616861979,1.21459819036659
2029,55,men,1.45820857185771,1.31243160251375,33.4833711570301,31.486144812701,1.2772497683855
2029,55,women,1.43100938852546,1.36701709747455,126.824689554795,79.9100083410838,1.15738116921512
2029,56,men,1.36241280786447,1.33992980038355,33.796955438191,32.3436806293521,1.27764729971929
2029,56,women,1.46955136918436,1.30146980980292,95.8222887310253,65.8666513915975,1.14134119397445
2029,57,men,1.33085309839459,1.31239118413946,34.3851917742242,31.9777412765234,1.24723973491241
2029,57,women,1.43821901290639,1.42725793542779,98.6409339104346,74.5456334160406,1.18347653437858
2029,58,men,1.24234303586641,1.30815779972537,33.9233159738034,32.1661735571697,1.23708216508889
2029,58,women,1.30740416616708,1.25649720522696,95.2350787378196,67.5393343419069,1.19677203847574
2029,59,men,1.33886751573046,1.31377362830186,34.5766502340436,32.1793788269228,1.22328862530488
2029,59,women,1.44313641578423,1.23812902363234,89.2646274870364,66.2154712322908,1.2468352294761
2029,60,men,1.29428531430704,1.21997498303839,33.4331930191807,30.8430173389231,1.21540673056155
2029,60,women,1.55413830184874,1.18166202477851,86.170334438988,69.5187818366677,1.10853074369293
2029,61,men,1.31178061011148,1.26094594792068,32.8729171498935,29.769111966124,1.25154864919188
2029,61,women,1.51022591334699,1.15233721278778,84.7311298494213,63.2366732979395,1.15583069191771
2029,62,men,1.38539379302854,1.25218915133823,18.0578674027013,30.4272443652734,1.2423609366315
2029,62,women,1.50430831565715,1.15331366712932,82.3299738134201,65.8230550837829,1.12682265458988
2029,63,men,1.45990044306159,1.29301132332892,26.9538486224253,24.7496804971117,1.19908063041333
2029,63,women,1.60207606570997,1.15168727527213,70.4056792433987,51.365583024586,1.15043385261361
2029,64,men,1.48953948217693,1.21074644893102,17.2130985587074,29.9592155737386,1.15877274418078
2029,64,women,1.6474644165113,1.14967271370779,58.0937818953823,31.3356876760326,1.14965790067926
2029,65,men,1.52890621693718,1.16985883602263,15.7530056065504,28.9135651668221,1.17025142350265
2029,65,women,1.60505514898285,1.10338224705237,69.3708509473659,29.8421756368631,1.13964855212605
2029,66,men,1.53848702674144,1.17458023395456,15.9703323137737,15.386456084104,1.18223457299397
2029,66,women,1.59390756715394,1.09331331147349,63.8910553828855,60.5268227504012,1.1057778332084
2029,67,men,1.56939027309888,1.17138364448801,15.2068020024692,15.2421295988331,1.1992164533667
2029,67,women,1.57900367587514,1.14689244703374,54.4407299185172,29.9695725834044,1.06431508715265
2029,68,men,1.68003642723083,1.16355762476428,14.081514203126,15.8322514049571,1.15335150816745
2029,68,women,1.74636905065203,1.03972529474932,56.6043687694166,29.1275809875751,1.1237272304294
2029,69,men,1.66250537776175,1.18392631111121,14.1599453003003,15.9694001272065,1.19597857097605
2029,69,women,1.75321124343564,1.09891157972014,45.9409410721646,30.1555253278179,1.12006709543357
2029,70,men,1.54446509483777,1.12189425136543,13.6494299487102,16.6219642766019,1.1429606589456
2029,70,women,1.59137473516341,1.00343323169861,52.9234014145816,32.7828527075845,1.14872997089197
2029,71,men,1.5931367316039,1.11646029936674,13.4137996710922,17.176961240139,1.19034738197191
2029,71,women,1.70320541436234,0.936570528775973,42.7543460144369,34.1597328170155,1.11751889372238
2029,72,men,1.60675428323675,1.11596167057227,12.6111709577475,17.5341307581281,1.18919486255747
2029,72,women,1.659684891509,0.929248164757152,21.8279570382466,34.2410497359843,1.13175691355956
2029,73,men,1.62762227436358,1.09819886158291,13.4862241210756,14.0579339183729,1.19060285080736
2029,73,women,1.75227791201378,0.888743920427704,23.9798414331028,38.5432518056092,1.11978675654191
2029,74,men,1.65480635662973,1.14245919971514,13.6023050476882,14.9839319699633,1.18975341673921
2029,74,women,1.78138428841807,0.803274167272288,24.5314418883505,23.9419889682539,1.12607156030223
2029,75,men,1.59292404302832,1.06817432272484,9.25267604592558,15.6679638623576,1.19198995186699
2029,75,women,1.67335446124675,0.801545211794337,24.3348354328287,26.1655311037474,1.0876026690334
2029,76,men,1.54159126520186,1.07354858039556,9.38134951981671,16.7421625443958,1.22749916524609
2029,76,women,1.69770601247322,0.780192845297376,25.4813930179464,29.4337710959959,1.11203478641203
2029,77,men,1.64485676810113,1.09605719801211,9.80296670048851,15.0495093677173,1.21520510471237
2029,77,women,1.71479378973615,0.730487252674788,27.4432692061645,23.7553595609184,1.1019383523179
2029,78,men,1.68816605723102,1.08399858517101,10.3334495052119,16.0942490116573,1.22171343104722
2029,78,women,1.75300065133141,0.741862070168215,28.7322213259897,25.6240128960536,1.0990022574967
2029,79,men,1.72951066091834,1.17283198086819,8.54922740862828,14.9220661744072,1.22483265353421
2029,79,women,1.75444619904054,0.766094938772341,32.1704506033858,23.3467937419381,1.12776702152289
2029,80,men,1.57411492509704,0.834143191273978,8.66810814963513,13.7125191387087,1.24819826223663
2029,80,women,1.46811335108586,0.674172689553542,18.0207739076681,21.3780352638252,1.14479545915999
2029,81,men,1.53649610295095,0.857358170640337,7.14655176757799,12.2159862284342,1.24607173420511
2029,81,women,1.47207843393784,0.699336632292272,17.2527489397364,22.8335607753058,1.08786350410676
2029,82,men,1.57379451112522,0.890357948357675,7.47237935820987,13.1964102468612,1.24369057486865
2029,82,women,1.4141560506124,0.751701944690917,16.564469505748,21.9321473668066,1.12685752986189
2029,83,men,1.64709654275637,0.90904281887675,7.54298067596144,12.4333896863521,1.26696841639304
2029,83,women,1.44963772773016,0.78653170187894,20.7267966776428,19.09559765751,1.14172111187422
2029,84,men,1.62979230476935,0.939216584339107,6.40746795258184,10.8855109297091,1.26252611069399
2029,84,women,1.29985278639113,0.831366883535071,11.688443365294,19.5776108455563,1.10944601899789
2029,85,men,1.46782728147961,0.969767315218877,6.52001198135586,12.2706771647414,1.25553633760974
2029,85,women,1.22992244477863,0.857772685426746,12.4426557482805,16.5344641124588,1.12034679764706
2029,86,men,1.46708768433025,1.00086320608391,5.80097404843032,10.9275191567858,1.26375043303757
2029,86,women,1.28584850581536,0.893431647193877,12.0531236334956,15.5657356015438,1.12833785725851
2029,87,men,1.50599322503517,1.03519344033822,6.06568531878013,10.8891895351927,1.30125892357381
2029,87,women,1.2618009172754,0.922820296016188,11.4020343160144,15.9774828601585,1.09934564224994
2029,88,men,1.57549398892608,1.06820936033337,5.4949200624801,9.94059532087883,1.32569947492801
2029,88,women,1.2591857879299,0.95301389679343,10.2477014044205,14.4954363485703,1.119380779589
2029,89,men,1.55818257326087,1.08800674355403,4.74420058719137,8.88782193648081,1.33487459718108
2029,89,women,1.29796781453362,0.985381422447281,9.41643457662032,12.9340077912885,1.13590528969607
2029,90,men,1.12822861632487,0.736871241805411,3.28611680464451,7.10855197633691,1.20244739431935
2029,90,women,0.918692169002053,0.694859152972508,7.37567066408214,9.48721513772791,1.04917166176054
2029,91,men,1.17743893034178,0.761781431132366,4.1602124512532,7.0423296612989,1.21854761441546
2029,91,women,0.974245836133341,0.732025365140931,7.37302928459462,10.565829804727,1.07534120206716
2029,92,men,1.24479695642376,0.757524106146642,3.84125525767823,6.32285493425841,1.3078031557055
2029,92,women,1.02683091839309,0.723625939128277,4.95990958715522,8.27335407813932,1.0913048222213
2029,93,men,1.29516747929154,0.773287695360897,3.33197391986018,6.30075435497482,1.29443008068061
2029,93,women,1.09246099925314,0.738128808871955,6.1221881537231,8.10902839243419,1.10444296294793
2029,94,men,1.3880333056615,0.797933795188474,3.98498789607952,6.98578724248961,1.3227238365195
2029,94,women,1.22385697604683,0.746279240733989,5.04664649908225,8.16621404339511,1.09126020646464
2029,95,men,1.43428080491618,0.790102094178775,3.35594098703502,6.30095145737718,1.36418832180059
2029,95,women,1.30759256725102,0.775197697580206,6.25823664069294,7.17629352539755,1.11723280046776
2029,96,men,1.50599775835623,0.807777059414,2.83517964175269,7.37302377746075,1.33395783359505
2029,96,women,1.47718152490832,0.773155525730879,5.52502821828874,7.83954963267038,1.10954902755327
2029,97,men,1.669563544176,0.822970250044391,3.4922740210122,6.41011988488519,1.46665977837659
2029,97,women,1.64144917122401,0.787643032867804,4.88349072368778,7.06642572821465,1.1282767956658
2029,98,men,1.8391815043138,0.844613788278361,3.11585465648195,6.14755246180619,1.43224528105967
2029,98,women,1.8134616865504,0.805536770150904,3.77839790783584,7.05968113132991,1.17744618121181
2029,99,men,1.91350834460501,0.862503896349607,3.08054597531825,6.18836499928959,1.43360478708265
2029,99,women,1.94967131746863,0.804922581729523,3.58652970164283,6.61052424444281,1.17837741405841
2030,30,men,1.65680950019822,1.35239645847305,70.0978107967675,73.2681090236332,2.13899985532335
2030,30,women,1.76367574904171,1.3747534567414,232.781091096117,159.271021679076,1.20033062527272
2030,31,men,1.61040619195131,1.23132122627654,104.809904824066,70.822734887449,1.19422133260056
2030,31,women,1.72279738829954,1.71581499147873,128.25447442764,293.88754707612,1.2368996927826
2030,32,men,1.56834854910614,1.20414936942879,130.987155663533,75.3126070186841,1.23769761565508
2030,32,women,1.60191927362576,0.991751447075751,94.3430943978823,179.391956973292,1.31809478147477
2030,33,men,1.53885975145529,1.37769899340535,108.584866992249,63.3812159508542,1.29045981742654
2030,33,women,2.42229601761422,1.18162064836815,133.422087340884,99.8520226175444,1.39592902115336
2030,34,men,1.59681675241399,1.56612834409837,86.2622578597961,59.1555079164916,1.32211864151295
2030,34,women,2.40366160765743,1.16270846298716,125.885955289949,175.935016293462,1.49226154453746
2030,35,men,1.723189016798,1.79071282661013,123.936378010007,54.8428941230494,1.39554218670321
2030,35,women,2.26045682317976,1.13614652722215,132.607311750414,215.78210734243,1.55290273500168
2030,36,men,1.93454195810134,1.97662581355409,95.054055196281,83.350605108719,1.44286109218431
2030,36,women,2.53544229675849,1.20948794371067,314.069951331225,125.160441640458,1.62315655075604
2030,37,men,1.80269018061482,2.14311490266182,62.7945244563578,76.9389494708713,1.5033966761042
2030,37,women,2.21583641407008,1.27263452873169,169.272135866805,190.805173989008,1.73566895961929
2030,38,men,2.091893014941,2.15918778865132,94.9350914480199,75.6434222604408,1.5751280687958
2030,38,women,2.39287743597058,1.39402714024138,119.859913091604,134.503381710556,1.92219942992257
2030,39,men,1.75697779060851,1.75550707898031,123.002434665711,76.7418238686349,1.16285083800306
2030,39,women,2.31030940981316,1.53322967164029,172.463013933134,236.367518702329,1.07962487873552
2030,40,men,1.75251975145027,1.74026596243697,101.099943696447,70.6254131443898,1.24554392261789
2030,40,women,2.01430179083786,1.68470139512211,231.785449937715,191.456035663203,1.16696881674702
2030,41,men,1.77167760989686,1.71061774603791,83.7283497707132,72.9213402283732,1.3078095321628
2030,41,women,2.11298279420792,1.87421154763951,146.701338540451,169.54455284499,1.24410660348479
2030,42,men,1.85651628112838,1.89813824691124,78.3191547501889,75.6739391796015,1.39123838660707
2030,42,women,1.92025174547123,2.06852352409284,197.636656051386,160.26349616853,1.33642895011874
2030,43,men,1.95242424356059,1.89398101635155,88.2373525763237,82.5075723899338,1.48884723971212
2030,43,women,2.41917609879509,1.98093057467552,228.901983756933,131.907929329756,1.45494054565317
2030,44,men,1.873300757189,1.74802044813283,90.6517950543384,64.1686641595732,1.58784860090909
2030,44,women,1.94072769936162,1.9113113554263,157.430022408623,175.724729113902,1.56440895304522
2030,45,men,1.88829867403036,1.70903412720408,73.5938021886611,61.3263815221481,1.35911995445336
2030,45,women,2.0364196102237,1.67139224095673,142.097427846593,130.751397218771,1.20325715682994
2030,46,men,2.03706858096034,1.77620973585469,79.4902679671062,72.8960744994073,1.44437935330645
2030,46,women,2.04215823068183,1.67360430222195,160.003558907582,136.075670986912,1.33229564005607
2030,47,men,1.98518375458356,1.62160988538195,58.1841736704009,58.4011373560403,1.32620260956078
2030,47,women,1.43776618501213,1.82112689687659,219.8295457149,117.919621278742,1.4255448384759
2030,48,men,2.05097802223445,1.73174683030029,57.2761467064936,67.7345560564145,1.41027693380544
2030,48,women,1.3887044604844,1.86609215241018,178.127866450325,134.78881356416,1.23536142683447
2030,49,men,2.19673930911284,1.69356943344885,63.4323130863316,60.677174250202,1.3320837464768
2030,49,women,1.54786698176394,1.81304129489636,155.691308812195,117.831720656091,1.33784600522973
2030,50,men,2.01322265409622,1.78023454279279,63.0848542833068,31.8384575085706,1.27093332389209
2030,50,women,1.73139923357732,1.64943518309184,117.137592634475,104.988669752161,1.24271396793339
2030,51,men,1.91856677721521,1.64914488548206,57.2130302355704,30.9869639671337,1.36218995448204
2030,51,women,1.94563831264581,1.64276368669127,132.131907653938,99.8211896206436,1.30140266191075
2030,52,men,1.87202904175686,1.62562982917939,58.9976231625596,32.0875408882762,1.31290156560745
2030,52,women,2.07031606480721,1.4297152553119,165.903747074981,97.1934842332992,1.21268385510811
2030,53,men,1.70292978397403,1.57807274131932,32.2361458408119,31.425535866363,1.30363467715526
2030,53,women,1.91388757347037,1.56982369167846,122.913070865939,86.2819433824665,1.13508927094263
2030,54,men,1.61093586226097,1.55000352073233,32.0697351065786,31.6864520738412,1.33186653755853
2030,54,women,1.87019414022177,1.51000972287591,94.7935580270129,81.2750818493907,1.23870131510826
2030,55,men,1.47045210022234,1.31737370480731,32.4101874275086,30.816342564873,1.26392526674008
2030,55,women,1.44126321334273,1.37468018426594,102.108795609223,91.5453692796224,1.16470967574231
2030,56,men,1.37201038809439,1.34492092175798,33.3078451919617,30.6373050002017,1.26547529399732
2030,56,women,1.4838510036134,1.30703750924977,88.9481227130537,79.5632861198534,1.22066441142368
2030,57,men,1.33989699236849,1.31635498429884,34.6808295998716,31.7732654590531,1.27510261039418
2030,57,women,1.4523652887395,1.43631736346794,91.1818568915027,78.0025735378339,1.18005057220552
2030,58,men,1.25075409045151,1.31239608933952,34.2348022151654,31.6709267564823,1.23376725185722
2030,58,women,1.31576739765286,1.26168786810813,100.554394565399,68.5575516776719,1.13274795749678
2030,59,men,1.3482364124491,1.31834255563004,35.994112815267,31.7379071837358,1.23022943696507
2030,59,women,1.45543913481079,1.24060735046453,103.747029860322,71.8843777744777,1.18699710666168
2030,60,men,1.3037919901358,1.22322325786337,35.818932735533,31.9756917678021,1.2638471609302
2030,60,women,1.57114564157003,1.18551052007732,79.9916742808562,69.0760215916872,1.23954667517322
2030,61,men,1.32357360727189,1.26374267454824,23.9216865581043,30.6348334323685,1.19883840826998
2030,61,women,1.52881915286373,1.15383979630677,85.3366705440379,68.9741739514185,1.11723384447145
2030,62,men,1.39936231615598,1.2550611708036,18.7280332059184,30.2334189571216,1.26881126614635
2030,62,women,1.52368012585001,1.15489226980078,73.6410456545914,71.8395670881527,1.12830562906241
2030,63,men,1.47671647799423,1.29582543725313,18.618059723474,31.2200847312635,1.2327377221085
2030,63,women,1.62500641766948,1.15282095072028,67.0839935046001,32.4190630259972,1.14313304359523
2030,64,men,1.50878361651991,1.21352446303241,26.2248322715858,24.51627668479,1.2152835375224
2030,64,women,1.67432350072893,1.15156732983877,72.6776830646494,56.2317949764024,1.1346906903522
2030,65,men,1.54767181606552,1.16967823085412,17.7979780648397,30.4639411440364,1.18395445702982
2030,65,women,1.62513337470397,1.10258509893376,68.280925973368,61.835463493994,1.10820693412927
2030,66,men,1.55895370975104,1.17490921891449,15.8055662423607,29.5007590329602,1.28387456515086
2030,66,women,1.61809415063936,1.09274854342903,59.377002772763,30.573190487441,1.05192956360804
2030,67,men,1.59194094105541,1.17142086194493,15.3342713258884,29.3886179039674,1.16770676292338
2030,67,women,1.60501477020987,1.14746955019901,50.2686314246399,30.9947902391965,1.13729691990558
2030,68,men,1.70675493275246,1.1642496084916,14.7293119378448,15.6069501438021,1.15216706834803
2030,68,women,1.77545770662934,1.03854134453977,60.9369990686951,31.6230443202932,1.04535018348279
2030,69,men,1.69030181315178,1.18400782648241,14.238841220849,16.0138527465721,1.2034128520477
2030,69,women,1.78579363894066,1.09759174065009,54.0544168616898,32.1616731165462,1.09315104623239
2030,70,men,1.56845830274418,1.12018531996083,13.7498502329164,16.4215841553675,1.15654035607564
2030,70,women,1.61833572485451,0.999078293692344,48.0316623999431,31.102903308069,1.12969136094972
2030,71,men,1.61923601868124,1.1152682250694,13.4642509886359,17.5509005981525,1.18600245287916
2030,71,women,1.73245718669637,0.931900968072978,45.8348244357438,34.4087493149037,1.138445139903
2030,72,men,1.6321047438775,1.11440253038344,13.041302908789,17.7744455065686,1.18325747892329
2030,72,women,1.68874528552927,0.923356879427112,22.7396338346816,36.6946432607441,1.12430701322283
2030,73,men,1.65353605206307,1.09690297722934,12.5232201158606,18.0936628738707,1.22715925181936
2030,73,women,1.78400983499623,0.882318610990795,49.0948285102419,37.0580349511069,1.10785573488686
2030,74,men,1.68062455584138,1.13963144570561,13.1111356626774,19.5891158878398,1.18836396721513
2030,74,women,1.81317889336581,0.795480610436845,25.3882267907503,22.3783719033554,1.10971693888967
2030,75,men,1.61550631499827,1.06363599014845,9.66177497146926,15.6548457239805,1.16388022784716
2030,75,women,1.7030307150316,0.792925485462867,24.7031993299705,47.3213110050964,1.11282248316454
2030,76,men,1.5626753308681,1.06976459609217,12.7023212559498,16.1757859192295,1.21232134249037
2030,76,women,1.72745026308339,0.771203913594431,24.641158267018,27.6298075229612,1.1186710899589
2030,77,men,1.66723383893119,1.09277655308098,9.4892948244616,14.1331238626107,1.2254562467415
2030,77,women,1.74433257142319,0.721292403044338,26.2905338187144,30.3864045523984,1.13181562739878
2030,78,men,1.71096182346604,1.07979117103178,9.37918523838266,15.4782994347119,1.20919763648623
2030,78,women,1.7819644362673,0.733012160653984,28.2371804344183,25.5522421467998,1.09013837681984
2030,79,men,1.75243607502137,1.16917392345371,9.99282295802249,16.8336551532981,1.24781621072267
2030,79,women,1.78409300481084,0.75772653001611,28.6953248701777,21.5493146773017,1.09576823382997
2030,80,men,1.59091022638177,0.824640337833918,8.26378937981088,12.0887019638118,1.25204841459229
2030,80,women,1.48464971616295,0.663297519329398,16.8659925184661,19.993258275298,1.15754757716563
2030,81,men,1.5527408562085,0.848654359049233,6.95461252788725,13.1031557462887,1.24409143065983
2030,81,women,1.4876664460037,0.689137205318543,17.8093633989657,19.6733621979856,1.09556856516831
2030,82,men,1.58976362170432,0.882431647248116,7.68173882186887,12.4129629266934,1.24627941878739
2030,82,women,1.42637203002046,0.742288976317757,13.9633614911953,20.3743995194698,1.12230253550064
2030,83,men,1.66328215075589,0.901562533115775,7.48842685840397,12.0771948879205,1.25956931313844
2030,83,women,1.4607446462425,0.777793062963116,15.9487221226688,19.9443759612025,1.11113806675382
2030,84,men,1.64523003507157,0.932256778849073,8.19718872759013,11.5926863783136,1.27157666664395
2030,84,women,1.30910800136872,0.824069077456453,18.3998030063872,19.8950693581685,1.13835852624986
2030,85,men,1.47675492767002,0.963667672718169,5.78196020251772,11.317446486431,1.26809922005491
2030,85,women,1.23491170743373,0.851328866299312,11.7147608050943,17.2809267742706,1.14954294764164
2030,86,men,1.47764891683457,0.995173679495663,6.17389518698949,11.3601513278617,1.29026296457502
2030,86,women,1.28957130492371,0.887479899945016,12.0835058027792,16.5681264666223,1.12840600034578
2030,87,men,1.51542237708437,1.03039335240073,5.79886538384956,12.1540176267494,1.31816628225736
2030,87,women,1.26578571582172,0.917615904605674,11.4897036362659,14.7542372576769,1.09490641628039
2030,88,men,1.58552666256662,1.06447542025043,5.40481902397841,10.2439085784645,1.31765471369956
2030,88,women,1.26212931352151,0.949409265956064,10.8965305141124,14.5448917185769,1.14447213727441
2030,89,men,1.56874064533238,1.0849089355837,4.99156712578428,10.0820061297888,1.34226768097635
2030,89,women,1.30122700673625,0.981984848604458,9.93901146606488,13.1372861383538,1.13279709314906
2030,90,men,1.12489542851601,0.726121924624548,3.98944652291559,6.96287119072727,1.19897212573243
2030,90,women,0.912672888988605,0.685814093617727,6.11603958277033,9.48520669493743,1.04504653619965
2030,91,men,1.17443837112422,0.751642203902637,3.44666164103623,7.52506968448145,1.24145166609658
2030,91,women,0.968738150765472,0.72240668388422,7.60158332004066,9.35511077668746,1.07557435500029
2030,92,men,1.24308788140725,0.747139434340245,4.03991436636948,6.87445538329046,1.29551430753804
2030,92,women,1.02272669847605,0.715117791584814,5.66216201746237,9.21588311530352,1.10030317647283
2030,93,men,1.29464825560507,0.76299376086673,3.54046524754447,6.04740022077086,1.30389680792134
2030,93,women,1.08944892406095,0.729876265360294,6.23143420946317,7.9439275069474,1.09800412542454
2030,94,men,1.38757929297906,0.787539613293462,3.02733963799155,6.17536292159957,1.31774385664653
2030,94,women,1.22393378772258,0.738518182375295,5.49292890018661,8.49824819982963,1.10131293114775
2030,95,men,1.43269907931983,0.777767426034218,3.44037307512878,5.95524910494182,1.35530195312586
2030,95,women,1.30995913209972,0.767382279319851,4.45092701071933,7.40033173094722,1.11869464360182
2030,96,men,1.50297510546723,0.796798872747794,3.17366444966796,7.42770474849093,1.30730734685389
2030,96,women,1.4826749340604,0.765289698518489,5.85935979856313,7.23226968028574,1.13263503101328
2030,97,men,1.66884165132793,0.809996710808489,2.57477119336344,6.43400228168514,1.42533887544821
2030,97,women,1.65254775120278,0.780812370243782,5.69898905428592,7.56156025572743,1.13128278191223
2030,98,men,1.83750269520462,0.829435489525634,2.95234356646683,5.46295272979776,1.47594030412301
2030,98,women,1.82852404084937,0.797304345138113,4.32351005613741,7.30606163358243,1.15141699191239
2030,99,men,1.9183817632967,0.84868573873423,2.88590965578492,5.24773538637253,1.47733972788227
2030,99,women,1.96915508854623,0.794945110515818,4.11788714156738,7.07743005248585,1.15249984041403
2031,30,men,1.66478286785423,1.36360483184303,112.104016003611,45.3461993466312,1.16472110929113
2031,30,women,1.77259965254292,1.39239394052756,240.977818226449,148.086877414055,1.16129388305929
2031,31,men,1.61100606669966,1.23155111144856,91.2920486858643,57.2650386774371,1.21676240244398
2031,31,women,1.73905322227617,1.73220206059256,179.731205088509,219.947146615582,1.26203362708626
2031,32,men,1.57332668920806,1.19433075630458,61.7351175732789,57.1681234704859,1.2466592741482
2031,32,women,1.62239656305067,0.989437948802974,330.427064872541,123.946030301351,1.3082976240121
2031,33,men,1.53876919469398,1.3671311611742,70.7567635527088,78.5077326679842,1.26651194631579
2031,33,women,2.49236365465962,1.18585864295986,119.581431778484,141.962919595651,1.38830540313223
2031,34,men,1.60416773314151,1.55486809833663,78.1027208241098,77.5429400955203,1.34346075909159
2031,34,women,2.46417391312088,1.16303939048337,227.601657334679,160.751439190839,1.48846047273606
2031,35,men,1.73493561939237,1.80074540931067,92.0255560378133,75.5535275497791,1.39203273374912
2031,35,women,2.32138985086909,1.13212083541378,93.3249267267268,157.692843360029,1.56217371847235
2031,36,men,1.96001679325728,1.99525152477031,112.436185559906,54.3613665748856,1.44284367627858
2031,36,women,2.58493212638931,1.20333448003831,378.883828554508,149.804806100249,1.67391826995215
2031,37,men,1.838852401949,2.17723459508697,85.4866712081442,60.5253222119131,1.50219464772492
2031,37,women,2.26836468402759,1.26557393335368,156.147447226702,231.91721911659,1.76336750783272
2031,38,men,2.14068870705147,2.19304651300167,111.831047987405,80.4097038452643,1.54587597612899
2031,38,women,2.44629278698224,1.38713373876861,154.489957858247,177.935510493929,1.01973006099055
2031,39,men,1.77812593175443,1.76626547343407,100.212115943505,115.75473777599,1.16414181120689
2031,39,women,2.35820559959988,1.52560822034642,235.71061886077,201.476346772508,1.09022069978085
2031,40,men,1.77712991476077,1.7501110990254,105.139774513533,78.715837885362,1.23761643830746
2031,40,women,2.0615872323307,1.68834758789135,193.335601610648,162.039373323164,1.16969956505714
2031,41,men,1.79723691788159,1.72373982960425,81.5693371596501,77.4449591023298,1.32107456364562
2031,41,women,2.15909207059498,1.87844824984883,106.491859686823,123.79461980688,1.25056323143914
2031,42,men,1.88640612311517,1.91739408071952,89.3713274399062,81.9247820234287,1.41081630023764
2031,42,women,1.96248248107512,2.09296948171442,161.117999484201,171.878715449943,1.33440533711755
2031,43,men,1.9899203247862,1.9157553713037,75.9975254646944,78.8077097150549,1.49114506945742
2031,43,women,2.45768781888393,2.01191540823297,199.338092576381,166.796403717519,1.44407950252847
2031,44,men,1.90769018735916,1.76175988374433,108.264018828349,68.5181658731246,1.40460110053342
2031,44,women,1.97855054126305,1.93866009142714,135.756088183823,112.322108700428,1.26306325679269
2031,45,men,1.91886792053248,1.72430811243757,80.6528876474287,59.8924245344983,1.35052811810399
2031,45,women,2.07540460984044,1.67644314167254,171.73121866264,144.356208539629,1.67056965385736
2031,46,men,2.06918150376432,1.79264866826,70.2868193795394,64.8503421387664,1.43440039468749
2031,46,women,2.07807718740042,1.67788392363955,158.166259048356,116.246660234306,1.26914827384202
2031,47,men,2.01795611786025,1.63336199802032,60.8146604854132,65.6676174738427,1.3066791149917
2031,47,women,1.43959140443895,1.83407064255715,231.424006257414,135.993744129833,1.38555940661512
2031,48,men,2.08825788867029,1.74510712375192,55.7939064983017,65.5903228640313,1.41738220712058
2031,48,women,1.38644235987025,1.87801253599181,125.818988450453,114.807964247431,1.20909087487068
2031,49,men,2.23529666990586,1.7085251799487,60.4147747128607,63.0654806028068,1.34436972725042
2031,49,women,1.54615849662225,1.83554149097711,152.894720009199,99.0042262902523,1.27150952202901
2031,50,men,2.04807049335532,1.79594952850067,64.8935978457579,31.1531433416456,1.44210013286425
2031,50,women,1.74128689774498,1.6662076700619,149.092769823575,89.2511861161764,1.23079916968305
2031,51,men,1.94917433913018,1.66029548019954,60.9940734397938,31.2667569451732,1.24581874960888
2031,51,women,1.96109782078154,1.65984467109968,142.042400268158,93.7117437697225,1.15408541788548
2031,52,men,1.89814402998681,1.63793079378252,63.3951964954404,31.5867412264307,1.27544004417916
2031,52,women,2.0998914638419,1.4355571070232,104.962203995586,90.8414088043486,1.26857007492177
2031,53,men,1.72658476799684,1.58923043960379,30.1312523152142,31.7758916093106,1.32622019375515
2031,53,women,1.95032012203104,1.58020991478903,137.731451616695,97.4804018550502,1.197727050174
2031,54,men,1.63109289112791,1.56241905341591,31.6298586095399,31.3916746404922,1.30626726272986
2031,54,women,1.9034677939148,1.51929943792461,153.562253195556,97.7396317556867,1.17853448288971
2031,55,men,1.48279232280625,1.32233196942752,31.9654871979872,31.0712616031602,1.27979389579288
2031,55,women,1.45158540716279,1.38238242225952,96.1319313462268,88.1030112902895,1.19024628392781
2031,56,men,1.38167080219944,1.34992816280479,31.9626355563231,30.9574435242723,1.25224521362755
2031,56,women,1.49828263682325,1.31262626772114,106.484545188596,81.9871478565305,1.2521421201735
2031,57,men,1.34899784519374,1.32032879530012,33.5721498555438,31.1332879152303,1.30107971071396
2031,57,women,1.46664363699619,1.44542979143872,78.9908587987072,79.4614998715208,1.17307988842351
2031,58,men,1.25921790605135,1.31664601309018,33.7848748213151,30.7812307758915,1.28189025494436
2031,58,women,1.3241799688656,1.2668974017192,91.3962794356834,79.7945310399032,1.14643442869981
2031,59,men,1.35766620663861,1.32292511048096,34.4501363379066,31.6924553135238,1.19707385506011
2031,59,women,1.46784059778266,1.2430894138756,97.8741851505407,81.0443686268531,1.19306841161794
2031,60,men,1.31336376000362,1.22647857533004,36.2073896210362,32.2515068804273,1.27347689737694
2031,60,women,1.58833058329636,1.18936964473775,97.5804866152999,75.0193763167375,1.16167459144788
2031,61,men,1.33546673788957,1.26654422225866,33.1221021499238,31.6121094906649,1.29470003793222
2031,61,women,1.54763197768158,1.15534359765656,80.922965427664,64.0688399163184,1.12859456917686
2031,62,men,1.41346469623317,1.2579383582217,33.8415565510011,30.8122970431108,1.28058572776084
2031,62,women,1.54329167236206,1.15647225414912,89.2390834808896,33.64717230828,1.11969614171852
2031,63,men,1.49371778524884,1.29864428537607,18.4606468563095,30.2255245918874,1.24209872547335
2031,63,women,1.64825343328752,1.15395518296592,87.9565894756742,62.7320304342086,1.15100741285166
2031,64,men,1.52826671413324,1.21630747833375,18.1421024171433,30.4321948739235,1.25966587752589
2031,64,women,1.70160692387206,1.15346413283823,71.2827062981799,68.3855873706636,1.1617227106782
2031,65,men,1.56665832930856,1.16949774249336,26.5525212122305,24.5007466813551,1.25830876243544
2031,65,women,1.64545269199735,1.10178891888349,55.4479606129451,26.0654665640652,1.13729260927096
2031,66,men,1.57968238225087,1.17523813392921,17.3193481679562,16.2095779845568,1.2159916875092
2031,66,women,1.64263556727007,1.09218434505122,54.5776875078204,33.0260222501355,1.10371246321803
2031,67,men,1.61480429492031,1.17145806225433,15.742454548866,15.7463843395989,1.2487534694183
2031,67,women,1.63144122022014,1.14804665932422,53.3079655974098,31.778442068731,1.1155410819585
2031,68,men,1.73388488322201,1.16494166265248,14.7443950384088,15.4420640107666,1.22608583116827
2031,68,women,1.80501619708358,1.03735932459902,59.9642022188297,31.4877950225475,1.17369856891441
2031,69,men,1.71854896000767,1.18408930731638,14.3062815162389,15.5417021495429,1.17791897500518
2031,69,women,1.81896506344748,1.09627413559887,53.4310604595482,32.3446477256778,1.1725045278337
2031,70,men,1.5928121515883,1.11847983140397,13.8807475335135,16.5648227564115,1.16837671474679
2031,70,women,1.64573986961192,0.994744387095603,43.1750692501114,32.528614157615,1.13571239136092
2031,71,men,1.6457497022397,1.11407800972571,13.3100690299956,16.888645440461,1.20225956236266
2031,71,women,1.76219656614227,0.927256971435273,46.1394265139528,33.0162339531167,1.14427884835545
2031,72,men,1.65784238846578,1.11284633476328,12.9166373501761,17.489669098669,1.17342200999999
2031,72,women,1.71829982576666,0.917505817755861,22.720400870381,37.1558542063068,1.10960744467344
2031,73,men,1.67984934136623,1.09560925911103,12.8574349698335,18.6638625093853,1.21371406837203
2031,73,women,1.81630033619368,0.87594288444883,43.4569413098799,39.299434814512,1.09681843956898
2031,74,men,1.7068325554556,1.13681207827422,12.6448937847054,15.7439099956224,1.20974349718509
2031,74,women,1.84552489728844,0.787766451057457,22.0554898894598,21.3811545240983,1.10185143449258
2031,75,men,1.63839736842458,1.05911916035514,9.33106608804841,15.425494694791,1.20111519076781
2031,75,women,1.73321825948474,0.78440263151409,24.1157436369528,24.562513940707,1.08091085279326
2031,76,men,1.58403716218191,1.06599580309523,9.1471437669752,16.0349655478377,1.22043466562321
2031,76,women,1.75770060556026,0.762322897831553,24.14605154409,28.1599562771965,1.13160069703645
2031,77,men,1.68990408740801,1.08950733599184,8.87725407480492,16.9119954560976,1.22411622582463
2031,77,women,1.7743652589494,0.712217734707873,24.2226107610977,29.5937837454026,1.09359545083305
2031,78,men,1.73405395242919,1.07560214753595,9.56829649482966,14.5842591194422,1.22709565323543
2031,78,women,1.81139215344119,0.724272105253476,25.6747129655091,24.1293333949561,1.10990898868063
2031,79,men,1.77565385979381,1.16552906863672,9.54176456474434,16.0508885775171,1.26483352987274
2031,79,women,1.8142258130921,0.749453587252851,27.4590930300902,27.3355461709823,1.13537518666897
2031,80,men,1.6078763239603,0.815250344548711,9.48565062331683,13.7153897016042,1.27033886023786
2031,80,women,1.50136405972856,0.652603004736941,29.1745982664244,22.6058830811727,1.12704791018947
2031,81,men,1.56914923116222,0.84004312907421,7.88006280330829,12.7426011394132,1.25186622860982
2031,81,women,1.50341172222987,0.679091444783081,16.1867343361752,21.0282506183659,1.11280985160287
2031,82,men,1.60588678442683,0.874579760655291,7.89921640929914,12.2756629827237,1.24789161654705
2031,82,women,1.43868744103867,0.732998428066108,17.3272405352999,20.3384775971893,1.09929997740677
2031,83,men,1.67961872172254,0.894147439335206,7.64204801152002,12.380581935533,1.26503676278296
2031,83,women,1.47193113138411,0.769155745498774,16.5762961449466,18.5719374984631,1.14095588309224
2031,84,men,1.66080628359837,0.925351936679541,6.99395947416939,12.8466879271442,1.26072313154804
2031,84,women,1.3184245085031,0.8168388789824,11.1106434600249,17.8521285873309,1.12591670031166
2031,85,men,1.4857324368217,0.957609371461644,5.6932457054175,11.1800546235904,1.25694644965987
2031,85,women,1.23991873724434,0.844936592693205,10.63067502937,18.7521912447589,1.14511695127741
2031,86,men,1.488280919722,0.989519273875536,5.92993682845994,11.3457141542914,1.30436267302396
2031,86,women,1.29330304090475,0.881570703207106,10.7015859593529,17.1156755492497,1.12818219154717
2031,87,men,1.52490587843413,1.02561786955901,5.91870595169976,10.9454635468876,1.31868431692962
2031,87,women,1.26978112668758,0.912443405642437,12.1199129486956,16.0547600418049,1.12649363263534
2031,88,men,1.59561823557204,1.06075636149849,5.53809520873203,10.0964297535983,1.33459590550349
2031,88,women,1.26507826528162,0.945820034270621,11.2045177820212,15.6215843086213,1.15807452739856
2031,89,men,1.57936500506755,1.08182146691988,4.89304700364436,11.0365274834688,1.35906137528937
2031,89,women,1.30449277159181,0.978601646763969,10.6943868945282,14.5456140557975,1.13349926155353
2031,90,men,1.12157372241859,0.715534594623556,3.72297188483806,6.70355243426773,1.19614054114181
2031,90,women,0.906695982701541,0.676891142697554,6.44751284554204,10.536425126739,1.06159374955609
2031,91,men,1.17144693056456,0.741642822756198,3.86271385063017,7.3515903312885,1.23036748937524
2031,91,women,0.963264291398631,0.712919034385955,5.90387047041651,9.67957708334033,1.06372478000566
2031,92,men,1.24138199287684,0.736902132413627,3.59395768300668,7.01142447477946,1.27276172932793
2031,92,women,1.01864089221269,0.706713796424314,6.74184838000263,9.11659370298204,1.08121641220646
2031,93,men,1.29412949563028,0.752841827021204,3.50267632879893,6.55998144625492,1.28857231575914
2031,93,women,1.08644663088717,0.721719984542323,4.79803440989713,8.4214887695129,1.10152713499438
2031,94,men,1.38712565228674,0.777285849180455,3.12365137560789,7.34800208961552,1.33339770133336
2031,94,women,1.22401056638663,0.730841599230833,5.66978609097783,8.64576567511959,1.10330993850508
2031,95,men,1.43111987574654,0.765631253355505,3.35452839125002,5.96168339384719,1.36737781742075
2031,95,women,1.31232881143587,0.759649445791259,4.62456825086099,7.83120889341392,1.10433719999613
2031,96,men,1.4999600034202,0.785975183159866,3.15881930160795,7.04411613430728,1.38511024905724
2031,96,women,1.48818605180143,0.757507710481091,5.59574439962614,7.77142580947478,1.12189585986409
2031,97,men,1.66812042590904,0.797233928972286,3.67203944723261,5.65162255162074,1.42132298320616
2031,97,women,1.6637158522535,0.774044265414302,4.99214669089067,7.38991375678086,1.15640422203059
2031,98,men,1.83582624418057,0.814537229879647,3.25346026477579,5.44224444412469,1.44765400889865
2031,98,women,1.84370399028932,0.789160046248287,4.47568658150018,7.39549700758187,1.13895347396015
2031,99,men,1.92326518457414,0.835095603912682,3.08136749585457,5.18281128729198,1.44892583099093
2031,99,women,1.9888238283133,0.785096138411494,4.31635529105277,7.08878805052765,1.14000668366935
2032,30,men,1.67279065398156,1.37490051182709,89.6076638859147,55.1227623807233,1.14874102616434
2032,30,women,1.78156428336141,1.41025193141654,165.741416900471,136.099088248545,1.17124363457406
2032,31,men,1.61160586944917,1.23178092634768,82.7475924506835,56.2408728659494,1.19708065020229
2032,31,women,1.75545432639135,1.74873745383736,103.715520966612,148.537551477674,1.250787289192
2032,32,men,1.57831816841857,1.18459697816845,105.620906992426,61.2913025826579,1.24943264913323
2032,32,women,1.64312533941709,0.987130982150926,160.609043777578,136.930402587909,1.30742692787986
2032,33,men,1.53867868783401,1.35664953321693,70.4493712980436,67.2637792332567,1.3019667037061
2032,33,women,2.5644220805122,1.19010974015036,185.836379765322,241.655912861959,1.38658257352246
2032,34,men,1.61154891076169,1.54369429533235,80.6797327145143,66.3866396889636,1.32644567573335
2032,34,women,2.52617870110101,1.16337024919972,265.43996782781,123.193989409108,1.48708837834304
2032,35,men,1.74675645457178,1.8108292201377,89.0769363530515,69.6425722587491,1.35212621577652
2032,35,women,2.38393417948753,1.12811137889481,127.088201895549,197.104273960351,1.55659658115413
2032,36,men,1.98581430310968,2.01404344745122,81.8956818534739,73.4047012179801,1.44775871078307
2032,36,women,2.63536288092388,1.19721532903694,140.328565756453,164.647002281888,1.66298903746387
2032,37,men,1.87572170392054,2.21188029600809,103.733631171097,72.146195317133,1.50234483408685
2032,37,women,2.32211139991149,1.25855595693885,139.74039122369,147.447508259565,1.74014749474335
2032,38,men,2.19059774788725,2.22741912366865,78.0959375036148,72.5795721531667,1.56711386431747
2032,38,women,2.50087333169497,1.38027779297551,121.669661830814,151.171806538345,1.00947777992874
2032,39,men,1.79951802731088,1.77708445476588,81.528350000491,74.3524166268171,1.65379791439311
2032,39,women,2.40707043628567,1.51802837782654,132.076669133918,181.963284447665,1.0809684469268
2032,40,men,1.80207330176294,1.76000704469915,90.1177279072215,63.8030271956574,1.24917975202861
2032,40,women,2.10995859284203,1.69199987144501,134.441096860724,164.573356970167,1.16631956385433
2032,41,men,1.82315210553914,1.73695603842788,89.5257419537885,78.6780618240957,1.31263828994376
2032,41,women,2.20618409494184,1.88269243665134,170.94074022353,145.786228830568,1.25831243382503
2032,42,men,1.91676212071029,1.9368356338976,79.2896413649804,64.9194478369534,1.38856362002759
2032,42,women,2.00562049037602,2.11769209610183,134.478877922724,162.872821050589,1.30912780029079
2032,43,men,2.02811752268991,1.93776915381097,67.1772917609022,70.8139344429503,1.48317950958176
2032,43,women,2.49679320918338,2.04336928152653,142.453526858142,156.275324094308,1.44413338664889
2032,44,men,1.94269353115854,1.77560046821805,81.7194746474389,61.20360986369,1.23376191617527
2032,44,women,2.01709134781097,1.96638640521876,154.477042740495,156.179005913467,1.58684270528158
2032,45,men,1.94991663147905,1.73971098482935,66.5607024792025,70.6327276851074,1.3445373256579
2032,45,women,2.11511619056831,1.68150680850209,146.924646430244,152.95060657302,1.19114250263694
2032,46,men,2.10178448120054,1.80923153944745,59.1026468557466,57.9189497109829,1.43830501674129
2032,46,women,2.11460976350141,1.68217237388446,198.714250650389,141.224974036444,1.28772439933904
2032,47,men,2.05125297002134,1.6451934325139,78.2567788042974,66.0225302497736,1.56931711408779
2032,47,women,1.44141804078037,1.84709994697699,190.350172618239,130.000561659024,1.38748547513784
2032,48,men,2.12619652423274,1.75856383804853,68.9325648924206,62.0750929932512,1.38064392914955
2032,48,women,1.38418505485002,1.8900031415536,105.241724067997,115.855275282861,1.19253905058491
2032,49,men,2.27451131156469,1.72360553957062,65.1865279165666,58.6398414404436,1.50593565986843
2032,49,women,1.54445273685587,1.85830963651352,148.434070364741,96.7870093689496,1.31171645761615
2032,50,men,2.0835039298617,1.81179539966867,61.715197639782,58.7370698723462,1.40329097529884
2032,50,women,1.75122611941139,1.68314232775058,161.086991517407,102.388315418081,1.16910606540497
2032,51,men,1.98025476586836,1.67151592440634,61.5040697132555,31.0034337402467,1.34129071103907
2032,51,women,1.97667246518404,1.67709471918903,128.077819794135,93.8857796828015,1.26588137410353
2032,52,men,1.92461020004921,1.65031871450456,63.4888716567958,30.9108213745735,1.28537623241696
2032,52,women,2.1298744894949,1.44141993541165,155.626070000831,99.9313261252207,1.18743875016427
2032,53,men,1.75055645023553,1.60046147725729,60.0400413699302,31.94127550207,1.37608908294572
2032,53,women,1.98742774852097,1.59065969154193,113.326049828384,91.4957616255599,1.25846442944999
2032,54,men,1.65149202829001,1.57492784949382,29.8903245801466,31.3498830259359,1.3445867151291
2032,54,women,1.93731661988526,1.52864168904739,110.143945440309,86.4656993074522,1.18550884291896
2032,55,men,1.49522995508542,1.3273064412337,31.1127433082002,30.563678521851,1.34535854183523
2032,55,women,1.46197639184704,1.39012399205639,83.7404208038913,100.191854542969,1.1158691807306
2032,56,men,1.39139443030165,1.35495156760993,31.5960322993028,31.2357579780363,1.3114100269085
2032,56,women,1.51284742139053,1.31823615444223,124.68901043518,78.0001301171578,1.18081215758153
2032,57,men,1.3581559872898,1.32431263747861,31.2669342254546,30.7515646424566,1.33155823821463
2032,57,women,1.48105522478999,1.45459550307822,108.022450919403,80.2205986085486,1.16673090616592
2032,58,men,1.26773478740362,1.32090759716107,32.8753891854429,31.1459375487382,1.29013558206962
2032,58,women,1.3326421463815,1.27212586532269,99.5857201262858,76.741915677679,1.22382628649622
2032,59,men,1.36715726385365,1.32752132676099,33.3969261495809,31.6374116503932,1.29316876820353
2032,59,women,1.48034154803278,1.24557521765523,86.4360716262157,76.6263138669885,1.18262298340738
2032,60,men,1.32300103724198,1.22974094722907,33.6133180295659,31.5134013280224,1.31313224420052
2032,60,women,1.60569489284803,1.19323942286223,93.109568729874,67.6766590232416,1.17181814720508
2032,61,men,1.34746080225873,1.26935059698295,35.0118718761331,31.9134031004117,1.24279570447128
2032,61,women,1.56666687105612,1.15684861722406,76.6662263968917,71.6688059205713,1.15359614471833
2032,62,men,1.42770214912256,1.26082072034053,35.445644769313,32.0366855775658,1.21738140620549
2032,62,women,1.56314580182069,1.1580536207026,93.3991379711621,34.3985726858018,1.13314625270114
2032,63,men,1.5109063133481,1.30146787332535,23.6551568903131,31.343802559059,1.21783501624435
2032,63,women,1.67182132647298,1.1550899720083,80.3297974363765,33.9037397811305,1.10617477109119
2032,64,men,1.54799162247873,1.21909550136958,17.9111193882262,31.0656648473121,1.23113624930478
2032,64,women,1.72932117605034,1.15536312415169,66.547765186806,72.0313988299685,1.18750405054679
2032,65,men,1.58586824663532,1.16931737080734,17.6012334378227,31.1755203945114,1.21633816504518
2032,65,women,1.66601587494807,1.10099370525026,79.2706183480298,33.3273923214658,1.12766998509446
2032,66,men,1.60067626643201,1.17556697904797,14.0651046695137,25.1445799325594,1.24137090520313
2032,66,women,1.66753684411776,1.09162071548533,60.9009880273477,54.8076652655491,1.08811797880156
2032,67,men,1.63798451320568,1.1714952454324,16.7569176809825,31.3900009542759,1.20471239546064
2032,67,women,1.65828944905051,1.14862377440641,57.0613364529253,35.0290424755086,1.09523885331558
2032,68,men,1.76143240730636,1.16563378721927,15.8909449038807,15.9961850472456,1.14288011514638
2032,68,women,1.83505187373755,1.03617923083185,52.0673724781282,32.4762509577695,1.15464674860243
2032,69,men,1.74725389915861,1.18417075364493,14.6969265672801,16.4013078783877,1.24770184814801
2032,69,women,1.8527358675897,1.09495875968772,61.6045466772359,32.927009921727,1.13064183545966
2032,70,men,1.6175318805652,1.11677777706872,13.7768722621802,16.4452447801586,1.15222447761893
2032,70,women,1.67359422993718,0.990431400060763,46.8558583633334,33.4570686017377,1.16169399669503
2032,71,men,1.67268415302847,1.11288964952355,13.0686585783628,17.0936533003753,1.17991443254843
2032,71,women,1.79243143467247,0.922638386425644,50.4488751604284,34.2938203636583,1.11153609455869
2032,72,men,1.68397293554063,1.11129307670505,13.295644553638,17.1419145434425,1.19794098484445
2032,72,women,1.74835666520935,0.911694685507772,41.6667016837659,34.8429111180941,1.11522558150629
2032,73,men,1.70656810025605,1.0943177025431,12.9447469533152,18.3670906991389,1.24124486564224
2032,73,women,1.84915896596449,0.869616334048909,23.2346445144743,39.5642388706747,1.07877575725055
2032,74,men,1.73343604435158,1.13400106843734,13.0345963876405,19.4553825342931,1.19584810623421
2032,74,women,1.87843158426111,0.780130841769563,22.9908414158648,40.9172807525978,1.13280249330276
2032,75,men,1.66160127030689,1.05462372095167,11.8179203882074,19.5471058669384,1.21063593258899
2032,75,women,1.76392564533445,0.775975514357313,22.4741235237913,44.0280756914119,1.07159942592895
2032,76,men,1.6056802790099,1.0622421329825,9.10265949532707,15.6019073562231,1.21174437689418
2032,76,women,1.78846539537962,0.753548450251731,23.0917902994417,26.2986876367864,1.16787268737953
2032,77,men,1.71287120746083,1.08624950133932,8.89876014545964,16.3531720084595,1.22569259212438
2032,77,women,1.8048998614073,0.703261618818772,24.2494240565973,30.3206600570041,1.09564226236359
2032,78,men,1.75744614829418,1.07143142530232,12.3788475241354,17.7146096111575,1.24290335139607
2032,78,women,1.84129100003258,0.715640487260731,23.8828747043537,22.904760786652,1.1023764519377
2032,79,men,1.79916759716029,1.16189736230134,8.85683095854756,18.9500641442429,1.23661464422026
2032,79,women,1.8448523457669,0.741274975213429,25.7066473125546,26.2548556590304,1.15735536095701
2032,80,men,1.62501486932964,0.805971816458898,8.91253774876565,15.1099195149312,1.25267560364684
2032,80,women,1.51825820829052,0.642086058028179,18.8794490526871,22.0750401645996,1.11630817064422
2032,81,men,1.58572279407381,0.831523451074618,8.05700489375392,11.7496769280343,1.26297838035538
2032,81,women,1.51931577061511,0.669196961562431,14.9738343196206,23.5290384390568,1.11018201678209
2032,82,men,1.62216540846566,0.866801553828671,9.42642623815299,14.2029986318219,1.26927264046075
2032,82,women,1.45110304343211,0.723828648700649,15.6875997094602,21.5122049204263,1.11838184919563
2032,83,men,1.69610758831484,0.886796937695937,7.63571216844963,12.8821281064067,1.26669871982032
2032,83,women,1.48319771354896,0.760618525677066,16.949868801348,20.3941191908764,1.14763722420029
2032,84,men,1.67652222411172,0.918501597029319,7.0520021820164,12.9664232434077,1.26803235903151
2032,84,women,1.32780268321987,0.809675628962974,11.2865009052325,18.6882988268416,1.11709258415849
2032,85,men,1.49476006267396,0.951592111104377,6.37797731413024,11.6524363932913,1.26572206339317
2032,85,women,1.24494358868586,0.838595427209025,10.7270263878716,18.0791106749053,1.13458008961082
2032,86,men,1.49898413202627,0.983899755292131,6.47012017277225,11.5274527805754,1.27696969365727
2032,86,women,1.29704373079598,0.875703732049636,17.7220630910186,19.2553965024581,1.11277474075781
2032,87,men,1.53444401536047,1.02086685366631,6.91852326487638,10.9090812205251,1.33100820880599
2032,87,women,1.27378717288964,0.907302588131245,10.3152437131983,16.656224283042,1.11667059305946
2032,88,men,1.60576902447025,1.0570521174858,5.41695668285912,9.9107189970611,1.31761346928087
2032,88,women,1.26803265053388,0.942246128417659,10.9051636636302,15.6906686590508,1.13726193757392
2032,89,men,1.59005603570028,1.07874429798855,6.03581736108458,10.2495834165897,1.32615701150588
2032,89,women,1.30776511910913,0.97523175773649,10.2655617994664,14.1844249922986,1.15564613076778
2032,90,men,1.11826345285795,0.705106732770506,3.92784031724665,7.24743241967859,1.20730412465748
2032,90,women,0.900761131200392,0.668088592837569,6.55372891258517,11.0057998090059,1.07584828239653
2032,91,men,1.16846457648203,0.731781291419109,3.71939957219034,6.75800283563418,1.21974069513617
2032,91,women,0.957824033785434,0.703560568446841,7.32345381090313,10.1896900658197,1.05427520295528
2032,92,men,1.23967928332696,0.726810038005692,3.68877583891943,6.60089983335225,1.27277748560577
2032,92,women,1.01457340798446,0.698412628324239,6.75711633975855,8.81696622959164,1.09502306371387
2032,93,men,1.29361119872508,0.742829866508338,3.41385985750405,6.44820026185718,1.32498514223321
2032,93,women,1.08345408317077,0.713658796981635,6.18562239779633,7.87593095795292,1.089470624332
2032,94,men,1.38667238309681,0.7671705381673,4.4353156846305,6.75625662992857,1.3340741352903
2032,94,women,1.22408731206947,0.723248530914773,5.34007413317961,8.4472443006972,1.09317359109631
2032,95,men,1.42954318893621,0.75369028647456,3.91253155588211,6.46664657805036,1.35245272563164
2032,95,women,1.31470160782174,0.751998284310743,4.48121541795054,7.72096239099279,1.10750553243625
2032,96,men,1.49695242964862,0.775303741928951,3.37345381627008,5.45068795392817,1.3569372764236
2032,96,women,1.49371492645561,0.749808627383958,5.21203610224511,7.56166956687528,1.13465293334198
2032,97,men,1.66739986697414,0.784678379493879,3.24333464581152,6.35855025196922,1.39294100474238
2032,97,women,1.67495387530148,0.767338115072103,4.77952271381141,6.74402064017023,1.13669364754531
2032,98,men,1.83415214677087,0.799913708545194,3.79193449671954,5.52594560998966,1.44936554462693
2032,98,women,1.85900239438241,0.781102887416942,3.69994063033338,7.00193673329081,1.16747506851492
2032,99,men,1.92815862402732,0.821729619623129,3.74911563056453,5.38423871915394,1.45050896464345
2032,99,women,2.00867920039328,0.775373948435652,3.47103210876209,6.45980580203707,1.1684500284027
2033,30,men,1.68083299010574,1.38628413502375,80.4101714875193,65.6058654706294,1.1448343038154
2033,30,women,1.79056980719007,1.42833000224467,206.479081772765,179.095786974134,1.1788331172409
2033,31,men,1.61220560024391,1.23201067102992,73.3045471149384,62.4508707259392,2.21147185608272
2033,31,women,1.77200192639941,1.76542243975095,163.279387807493,144.554353110786,1.26048169933047
2033,32,men,1.58332301588938,1.17494726081771,72.7408166720122,55.176703445782,1.24523146551295
2033,32,women,1.66410856525295,0.984830525478342,112.95252827915,160.773699755288,1.30456136207873
2033,33,men,1.53858823082333,1.34625336443982,91.8411652892846,57.4546692424728,1.27874605375051
2033,33,women,2.63852683650841,1.19437397397094,142.516138028115,146.035340146976,1.3849174661458
2033,34,men,1.61896039436728,1.53260622942916,53.7279022899356,63.7163520124347,1.32553302738207
2033,34,women,2.58971202055518,1.16370103918447,188.763348768287,136.297462736645,1.50388575545809
2033,35,men,1.75865195457018,1.82096449526715,77.5822681250437,69.9829398891192,1.35553380025825
2033,35,women,2.448131593365,1.12411808424818,196.338750619351,108.699768550753,1.55927541321606
2033,36,men,2.01193841296707,2.03300298193508,82.3678133188061,72.8572555274379,1.47187156352457
2033,36,women,2.6867519733763,1.19113028262867,171.720298989026,165.564117848658,1.65962215627628
2033,37,men,1.91331155387092,2.24705984980243,88.376172093687,72.4040889168408,1.51628790804864
2033,37,women,2.37710420420285,1.25158032144759,183.168354373296,241.226299487187,1.779043477686
2033,38,men,2.24164497346065,2.26231316142144,80.2066128229748,63.7011693298888,1.58147351810652
2033,38,women,2.55664389518137,1.3734590810617,94.0997598375132,161.012785288915,1.89454965297343
2033,39,men,1.82115676927577,1.78796433410762,60.3512466445143,83.1953793790775,1.18053729773203
2033,39,women,2.45692301845264,1.51048989661115,139.225456138361,157.059244975888,1.09191421125534
2033,40,men,1.82735425700581,1.76995403647699,76.6577953746189,67.0834752286302,1.24487873030325
2033,40,women,2.15944025779802,1.69565825295257,164.751018321178,139.388299741245,1.16385061115115
2033,41,men,1.84942794921865,1.75026700085285,65.9328127429505,66.1881860750121,1.30386513278467
2033,41,women,2.25427931383521,1.88694411757629,135.227009469571,133.35207096628,1.24773907928399
2033,42,men,1.94759130918594,1.95646460495633,93.7012251650944,80.1898187987574,1.39424817508212
2033,42,women,2.04968480405016,2.14269435973454,161.534365804644,148.727145635402,1.34058565879778
2033,43,men,2.06702859227791,1.96002487680687,77.2484514121786,64.7289562011053,1.46440799964272
2033,43,women,2.53650112236775,2.07529905866424,197.49153359739,175.111339200714,1.46696576561158
2033,44,men,1.97832143781452,1.78954289587694,79.7127435707375,67.2440577767149,1.57951939898206
2033,44,women,2.05636338419836,1.9944953199809,225.373934354449,130.27758562302,1.53110766209716
2033,45,men,1.98145208552108,1.7552437677411,77.4975010214984,68.8875876080914,1.34293133596441
2033,45,women,2.15556752642451,1.68658326740522,202.987871714431,153.489021063845,1.17970785769105
2033,46,men,2.13488474497055,1.82595953797262,74.3282189050655,58.5162005871333,1.43617256163681
2033,46,women,2.1517661319716,1.68646966681211,181.007625525951,129.358739433862,1.28546009292228
2033,47,men,2.08508244065519,1.65710468482001,64.7535986250356,63.4800626342368,1.28622963851918
2033,47,women,1.44324609443812,1.86021533315934,310.053545541499,140.899037435585,1.34963015178664
2033,48,men,2.16480523714851,1.7721176210909,62.2113771171703,71.9162825385664,1.38542951054361
2033,48,women,1.38193253290462,1.90206434790363,169.312316005226,122.099399459605,1.48293883658129
2033,49,men,2.3143941068804,1.73881148851344,64.2959200232803,30.5689574630978,1.29415239248277
2033,49,women,1.54274969677931,1.88134878822545,170.52868781116,111.105215039316,1.28673550020891
2033,50,men,2.11953250875186,1.82777318118503,63.0897375879859,30.8003519894193,1.39257245789367
2033,50,women,1.76121714184269,1.70024064319455,142.407656021738,104.393435762468,1.40196794154568
2033,51,men,2.01181512473222,1.68280662095521,63.4259359899344,30.1533950677714,1.35013904990943
2033,51,women,1.992363046047,1.69451541987473,163.661102019766,95.7002819915979,1.25776714451174
2033,52,men,1.95143209814741,1.66279416279477,63.3478343079549,60.0490324457661,1.44731034924075
2033,52,women,2.16027055516821,1.44730380542064,186.900268475012,90.3927591934018,1.36379559659648
2033,53,men,1.77484891172263,1.61176629989001,53.985520395716,30.4396621346944,1.41548963247872
2033,53,women,2.02522262032242,1.60117337926021,137.709760484346,106.008753168322,1.26805210588238
2033,54,men,1.67213606043691,1.58753056312966,29.9122907089888,30.9766172026344,1.38811116379917
2033,54,women,1.97175027020558,1.53803674727718,124.732134826252,98.2396064466068,1.34276984512639
2033,55,men,1.50776571747405,1.3322971651876,29.418044011332,30.5046566941564,1.34757292596613
2033,55,women,1.47243659165015,1.39790507500168,96.3426086039584,88.8877734562121,1.14806556549171
2033,56,men,1.40118165463386,1.35999118035813,30.7106691129789,30.7513317825476,1.26696902131486
2033,56,women,1.52754651938111,1.3238672388313,106.020712234055,94.4641406236173,1.21132614793251
2033,57,men,1.36737175082879,1.32830653120092,30.997107397194,30.8703722334625,1.35678105732735
2033,57,women,1.49560122896612,1.46381478350303,98.4590309755625,72.8911067782814,1.16392028595178
2033,58,men,1.27630504085468,1.3251808677822,31.4215314030115,30.7916969157382,1.2829421371174
2033,58,women,1.34115419808469,1.27737331833848,74.9480287822398,71.3664706783096,1.23031743600358
2033,59,men,1.37670995166139,1.33213123844414,32.5110920302167,31.1711590003172,1.23521186263093
2033,59,women,1.49294273411974,1.24806476559513,91.1224949352773,67.6471500989894,1.19625634702185
2033,60,men,1.33270423760167,1.23301038536478,33.1343968342683,31.6905485777571,1.22997837223932
2033,60,women,1.62324035272042,1.19711987859606,86.7940606822534,80.4820039037759,1.17954162100963
2033,61,men,1.3595566066711,1.27216180465615,33.1705474028254,31.3280773003515,1.28723328128795
2033,61,women,1.58592634308257,1.15835485539579,108.313229392665,72.0631120783957,1.14017010842888
2033,62,men,1.44207590112385,1.26370826391323,35.1821830513006,32.2873227823879,1.24922644582107
2033,62,women,1.58324539322807,1.15963636998923,78.5110630667028,78.2199951601755,1.1315104436383
2033,63,men,1.52828403033362,1.30429620673237,34.8020616594885,31.9331012884969,1.22541141894291
2033,63,women,1.69571436509443,1.15622531784648,71.3218460088708,69.1388649693808,1.16644050020259
2033,64,men,1.56796122152163,1.22188853867954,17.86282783176,31.2505575520824,1.22057250948321
2033,64,women,1.75747284336926,1.15726430522497,74.9609720333783,69.0816326344893,1.16298496099901
2033,65,men,1.60530408483339,1.16913711566334,17.2914915414003,30.8637466386908,1.20596136034322
2033,65,women,1.68682572817208,1.10019945638635,82.9178745318567,34.1365654716254,1.15886231655852
2033,66,men,1.6219386224994,1.17589575432007,17.0622254205634,16.9382260662037,1.24314189044693
2033,66,women,1.69280307694741,1.09105765387844,76.3062323019489,33.9165375521168,1.06800615182343
2033,67,men,1.66148582816385,1.17153241149562,24.6488063050808,24.8090482922136,1.26924759415804
2033,67,women,1.68556597593934,1.14920089544282,61.9373929501596,52.6919214853356,1.11912995459341
2033,68,men,1.78940372187731,1.16632598216451,15.8607570276499,17.4668869393595,1.20604272432129
2033,68,women,1.8655721996457,1.03500105915395,61.143905733194,34.2140484136254,1.08162572124851
2033,69,men,1.77642381910832,1.18425216549961,14.5553686860722,15.848067302958,1.24941526051381
2033,69,women,1.88711657865577,1.09364560805132,53.3844888371518,33.1010408624426,1.13778496878464
2033,70,men,1.64262280234701,1.11507914835483,14.0308222313672,30.8211676804304,1.18832208278717
2033,70,women,1.70190597526341,0.986139221389431,44.1526098215731,33.8563127163603,1.16156316427619
2033,71,men,1.70004583652945,1.11170314066061,13.1791341574658,16.5881535460796,1.19193951032141
2033,71,women,1.82316979769363,0.918045061590276,50.0620140440431,34.3062829287936,1.14991593206058
2033,72,men,1.71050218522413,1.1097427492221,13.0173920310159,17.0038379885487,1.19590971786017
2033,72,women,1.77892408725007,0.905923190742949,43.5721889873811,35.7834722621587,1.14198554440767
2033,73,men,1.73369837256923,1.09302830285276,13.2776410432517,17.7871523168065,1.21580611547729
2033,73,women,1.88259543313291,0.863338556572776,47.3034395964964,37.6552610966693,1.08281945972876
2033,74,men,1.76044079157222,1.13119838732508,13.4068165664189,19.3097736773801,1.19968779762789
2033,74,women,1.91190838999209,0.77257294466247,23.0909645634072,41.0087437399006,1.08839062030163
2033,75,men,1.68512213917034,1.05014956018738,12.4438274980739,14.3417774078058,1.2139176412791
2033,75,women,1.79516156199474,0.767643012263123,21.6066348683567,44.4062741465779,1.09669858869286
2033,76,men,1.62760824405693,1.05850351767345,11.8658646256916,14.2297729015741,1.21000823554248
2033,76,women,1.81975312174899,0.74487924058111,21.0080036574321,25.10314690077,1.15533890842268
2033,77,men,1.73613893770858,1.08300300392098,12.4071077001977,16.3074752482934,1.19638308843703
2033,77,women,1.83594451372511,0.694422449391901,22.4214017273108,28.2192675004511,1.10456302791435
2033,78,men,1.78114215967477,1.06727891542747,12.1649701099499,16.7499380129508,1.2543743377422
2033,78,women,1.87166828124858,0.707115908923695,22.5780484158984,31.5767294682708,1.11360788807925
2033,79,men,1.82298091113309,1.1582787505799,11.5912100423029,17.7811908050779,1.22635122236485
2033,79,women,1.87598044351544,0.733189572678234,22.6843008489582,24.1542281507511,1.09056685857015
2033,80,men,1.64232752913105,0.796803376520615,8.69628860234249,13.9870950585737,1.24032928133889
2033,80,women,1.53533400618813,0.631743645711769,22.7301837316913,24.6443049242624,1.15393172875613
2033,81,men,1.60246312541584,0.823094307359231,8.43632361619517,14.4088285792331,1.23964312223084
2033,81,women,1.53538011286547,0.659451404826536,23.7698027375534,21.6966862085437,1.11188059825289
2033,82,men,1.63860091518081,0.8590962996287,8.20852308369206,13.6594987774818,1.23689386605415
2033,82,women,1.46361960239301,0.71477801005472,25.1575015975024,23.3622135046159,1.1282932989802
2033,83,men,1.71275009429077,0.879510434169229,8.32969176439649,13.4345152497997,1.25090183118252
2033,83,women,1.49454492640267,0.75218019506231,14.7010681485418,21.2929634427377,1.10768855344823
2033,84,men,1.69237903973432,0.911705303184243,6.8384814176728,12.982961484691,1.27205644757372
2033,84,women,1.33724290305745,0.802578674994446,14.3848823619755,19.6767083768277,1.12289451405853
2033,85,men,1.50383806013145,0.945615593629456,6.19528531153235,12.1361048731812,1.27018738882557
2033,85,women,1.24998631637392,0.832304936371535,13.3916103085924,18.6203955011981,1.12376334444296
2033,86,men,1.50975899528648,0.978314891486283,5.75974279370455,11.7774973807778,1.2912579848813
2033,86,women,1.30079339165915,0.869878664181709,13.0916602921342,18.2531878139184,1.12897084323638
2033,87,men,1.54403707550524,1.01614016741913,5.91536103510419,12.5920334280864,1.31309165873732
2033,87,women,1.27780387748318,0.902193242575652,14.8120987139612,17.7705876700984,1.10969801174087
2033,88,men,1.61597934733309,1.05336262195118,6.0639907421157,11.4415379101765,1.33089199003478
2033,88,women,1.27099247660823,0.938687475462629,14.2751370724587,15.4871943879849,1.13877958137125
2033,89,men,1.60081412248977,1.07567738938662,5.98761846594702,10.6417632553615,1.33945406457861
2033,89,women,1.31104405930729,0.971875122623327,9.53749277559675,16.5524627104074,1.12381464137348
2033,90,men,1.11496457485925,0.694835860417577,4.07333804108398,7.02508433996664,1.21040507522739
2033,90,women,0.894868018100469,0.659404761359473,7.58229340767765,10.3479899570593,1.08711391958836
2033,91,men,1.16549127682517,0.722055643075533,4.5330689351282,6.80723071497578,1.2058818620485
2033,91,women,0.952417155274318,0.694329464826891,7.27417298827341,9.93348106352482,1.08415510177628
2033,92,men,1.23797974527337,0.716861021524748,4.13531903253856,6.4939395353983,1.28046988499036
2033,92,women,1.01052415467346,0.690212979466489,6.71530290689868,8.77216424554108,1.09338401440336
2033,93,men,1.29309336424845,0.732955881932399,4.60105288444234,6.54933002635191,1.30864573557757
2033,93,women,1.08047124450526,0.705691548013765,5.83653221816262,8.60766725737344,1.08654869780244
2033,94,men,1.38621948492245,0.757191744007947,4.19520505202603,5.64469855868937,1.31012035650184
2033,94,women,1.22416402480147,0.715738028424456,7.00518130686672,8.24859273009685,1.08251843381493
2033,95,men,1.42796901364227,0.741941291822208,3.57230168092582,6.06547802752618,1.35237484266471
2033,95,women,1.31707752382043,0.744427892722898,6.38389263635252,8.53643551781987,1.13049048687921
2033,96,men,1.49395236166449,0.764782334146902,3.00093113303787,5.2608781993253,1.36540682196406
2033,96,women,1.49926160645509,0.7421915258549,5.44368318238771,7.9437977490993,1.14070514284286
2033,97,men,1.66667997357974,0.772326597981552,2.67779706708871,6.80737731724521,1.44367707418054
2033,97,women,1.68626222338506,0.760693322020899,4.26402172529542,6.81587501427668,1.15860052106461
2033,98,men,1.83248039851531,0.785559727600073,2.98389329366877,6.62106839191018,1.4806406853618
2033,98,women,1.87442011849523,0.773131894090212,3.69506539850512,7.47587900657878,1.16238208191315
2033,99,men,1.9330620972628,0.808583981219818,2.9162825155176,6.46170616598673,1.48162483618901
2033,99,women,2.02872288254255,0.765776847377704,3.55746148933664,7.17333904715863,1.16300653461234
2034,30,men,1.68891000818985,1.39775634235635,78.9068670536419,66.8613619645942,2.14783628800341
2034,30,women,1.79961639031386,1.446630754993,183.843037855076,135.095804380513,1.18074173725356
2034,31,men,1.61280525912791,1.23224034555131,49.1960186959905,58.2658943496147,1.17979433109788
2034,31,women,1.78869725778653,1.78225829708826,104.829901883002,231.724919836026,1.24941905604625
2034,32,men,1.58834126082153,1.16538083749085,68.4275648659849,62.8123127003743,1.21525122890697
2034,32,women,1.68534923650146,0.982536557226223,152.70481540607,267.482876222825,1.32424690313197
2034,33,men,1.53849782361,1.3359419165511,124.30953340367,69.6281343467282,1.27160657096963
2034,33,women,2.714734985064,1.19865137852434,92.0656920055239,144.950148231484,1.38630050229719
2034,34,men,1.62640229339107,1.52160320107411,76.4335486385941,78.6574811302461,1.30959149232457
2034,34,women,2.65481077277364,1.16403176048554,187.722182188356,160.755699461855,1.4807242511499
2034,35,men,1.7706225539237,1.8311514718466,98.9340159774277,58.4879169878216,1.37007408627202
2034,35,women,2.51402493902215,1.12014087842462,168.768958033493,162.355748979811,1.55713675922547
2034,36,men,2.03839309392211,2.0521315396601,88.153554049538,71.4892444044284,1.42108039191976
2034,36,women,2.73911713020366,1.18507913409885,117.754804826435,164.392938484236,1.66761976918442
2034,37,men,1.95163566882974,2.28278121388403,73.7207466644345,81.0143730324298,1.50020199627327
2034,37,women,2.4333713524335,1.24464675078954,82.3172617647068,171.777880225698,1.78625023302472
2034,38,men,2.29385576118304,2.29773627389058,70.609122949024,82.2941654490656,1.57483421331042
2034,38,women,2.61362981881977,1.36667738264833,147.596529701833,146.483901473127,1.88826245429744
2034,39,men,1.84304487800625,1.79890542403487,80.7436366802629,73.4476412059269,1.64537521176932
2034,39,women,2.50778281156942,1.50299253082329,120.20198249336,177.325385057909,1.09413851932164
2034,40,men,1.85297717950294,1.77995231236612,84.3811273283082,70.7160817068039,1.22532246457317
2034,40,women,2.21005714782076,1.69932273958829,168.776972049714,179.13416188199,1.17155232902309
2034,41,men,1.8760692869768,1.7636733491053,77.6809497865048,72.1596808202979,1.31384087875064
2034,41,women,2.30339858888846,1.89120330216031,150.415096129606,180.24934100643,1.25337888399021
2034,42,men,1.97890082645134,1.97628270709323,74.7243400127673,78.1888605281127,1.39682363297371
2034,42,women,2.09469484229553,2.16797929596385,139.948169981868,133.797071902765,1.34857407697446
2034,43,men,2.10666651415316,1.98252507834355,78.2931704768644,63.7515650744283,1.4854222336004
2034,43,women,2.57682053866704,2.10771170075425,270.767167481752,120.464677116004,1.46691391300945
2034,44,men,2.01458473590436,1.80358786546506,73.0646133811401,71.0732682242271,1.58242275843554
2034,44,women,2.09638015399916,2.02299192319961,98.092849098717,125.314065556316,1.54996617297428
2034,45,men,2.01348166814222,1.77090749215003,70.8679243801513,68.4845522293671,1.33747796887554
2034,45,women,2.19677202363186,1.69167254438176,98.8801369733145,157.741012677947,1.17612393243603
2034,46,men,2.16848962985664,1.84283386161326,75.7336937888704,64.5603472514866,1.44870388982028
2034,46,women,2.18955662932235,1.6907758162929,150.963993157803,165.963529629171,1.3045612435962
2034,47,men,2.11945278126581,1.66909625375078,76.9449905142201,56.6432268412935,1.27715244041414
2034,47,women,1.44507556581411,1.8734173270653,158.311200907389,132.65989352591,1.08464422260644
2034,48,men,2.20409552405064,1.78576912481144,57.3452490214785,61.6154095084181,1.37375010457928
2034,48,women,1.37968478155387,1.91419653570534,131.527181132348,123.792551657536,1.18034888161421
2034,49,men,2.35495610302045,1.75414401013741,61.205645899282,54.9986136276151,1.30342610076595
2034,49,women,1.54104937072162,1.90466203617366,122.631496798689,110.51048369097,1.28676474379608
2034,50,men,2.15616592593539,1.84388390545278,69.2897866782006,73.4332478194496,1.41124553156972
2034,50,women,1.7712602093323,1.71750411632443,148.780246047726,119.061186654739,1.40401592757521
2034,51,men,2.04386258509478,1.69416797482216,60.333998256815,30.3662260393235,1.36716205722295
2034,51,women,2.00817036872784,1.71210837621241,135.241641693658,116.704753780998,1.25987063655509
2034,52,men,1.97861432705715,1.67535771357404,58.9112814551446,29.6742722595783,1.38693089357925
2034,52,women,2.19108514343853,1.45320878216251,102.620889308241,89.8645864892967,1.37615545510806
2034,53,men,1.7994662840329,1.62314535559802,53.6432218138673,29.8066127987885,1.39613891802669
2034,53,women,2.06371711796986,1.61175133709863,171.016620381181,97.002953738091,1.26656027750589
2034,54,men,1.69302780493867,1.60022785275031,27.1618157528472,28.7919072367708,1.37115796375389
2034,54,women,2.0067785540525,1.54748488491094,129.905628660406,87.4899864371671,1.33862599704175
2034,55,men,1.52040033535568,1.33730418635326,54.3470748632592,28.5788208659378,1.34150418541001
2034,55,women,1.48296643323288,1.4057258531863,83.3242417982491,91.5671985922665,1.28156743728289
2034,56,men,1.41103285955045,1.36504704533298,27.979445037124,29.4526928088701,1.33410739926983
2034,56,women,1.54238110242321,1.32951959050055,84.1053855848193,69.9830517076319,1.21971161516655
2034,57,men,1.3766454697439,1.33231049686505,28.965141091586,29.3114490726888,1.37517143422601
2034,57,women,1.51028283617742,1.47308791921367,111.681565159577,85.404810167651,1.24261308437146
2034,58,men,1.28492897436765,1.32946585122954,29.882699662819,30.3117805290303,1.32577443878128
2034,58,women,1.34971639317308,1.28263982034315,73.9725626691061,66.5352085328119,1.16655191453323
2034,59,men,1.38632463965218,1.33675487957204,29.6041765158422,29.750747851574,1.2279512363205
2034,59,women,1.50564490986189,1.250558061489,82.659712043408,83.4365328202629,1.18970457716899
2034,60,men,1.34247377926547,1.23628690155534,31.2484372554726,30.5650420824946,1.31316952237785
2034,60,women,1.64096876223236,1.20101103612744,103.737480911676,78.0720344813576,1.18596923502923
2034,61,men,1.3717549634577,1.27497785121795,31.3905192914482,31.6923842684876,1.27828251209662
2034,61,women,1.60541293097227,1.15986231255828,71.0858205539029,63.7733984627882,1.24673154349332
2034,62,men,1.45658718905862,1.26660099569883,32.0771745396414,30.8773465199967,1.27317027999461
2034,62,women,1.60359335831275,1.16122050253693,85.0478618227056,72.7526752493012,1.15166691173381
2034,63,men,1.5458529239509,1.3071292912324,33.1191780228824,32.2262689393461,1.22311411978723
2034,63,women,1.71993687164369,1.15736122047949,71.4856089092098,71.5501637782818,1.17736925879872
2034,64,men,1.58817842408501,1.22468659680891,17.7681855241152,31.5320284712597,1.23977590114684
2034,64,women,1.78606860930133,1.15916767750413,60.6816955507181,33.009085562725,1.20004820856632
2034,65,men,1.62496838778422,1.16895697692873,31.4960851432791,30.0528850846079,1.2312834091462
2034,65,women,1.70788508713611,1.09940617064737,79.7798334676694,33.8314214753266,1.12089966494584
2034,66,men,1.64347274910169,1.17622445979465,16.5159697564242,30.3773796195607,1.24859206725329
2034,66,women,1.71843943112133,1.09049515937937,69.0555306906913,33.6710919762314,1.09201836344332
2034,67,men,1.68531252645213,1.17156956046007,16.2784599738373,31.2333405817389,1.24177715856273
2034,67,women,1.71327741760744,1.14977802243056,58.6493109598946,32.3885760592287,1.09422281975334
2034,68,men,1.81780513323661,1.16701824746083,12.8224254962516,24.0802446872815,1.21542843646357
2034,68,women,1.89658475082434,1.03382480549161,58.2937069055617,52.2701922926116,1.06999653732258
2034,69,men,1.80606601761787,1.18433354291173,15.1078318080483,17.4009315347409,1.18980692340261
2034,69,women,1.92211790351557,1.09233467583686,48.2098118712779,33.8154815344919,1.09421241390173
2034,70,men,1.66809030407615,1.11338393668791,13.6861377089368,21.1693150473225,1.14458426455272
2034,70,women,1.73068238558088,0.981867740528555,47.1420099565734,32.078545132473,1.11638866412843
2034,71,men,1.72784131431775,1.1105184793442,13.3825663322372,31.3589365997866,1.17675304991664
2034,71,women,1.85441978591803,0.913476846451726,48.8005125951311,33.516972779828,1.12300519294912
2034,72,men,1.73743602034418,1.10819534534771,12.9695577524065,17.3176285977595,1.19233876858114
2034,72,women,1.81001050770619,0.900191043797795,46.1340048081162,34.9309302800402,1.11595564457969
2034,73,men,1.7612462891904,1.09174105537992,12.3685414567257,17.6390725621444,1.24929443563732
2034,73,women,1.91661960753929,0.857109152304244,39.7276033793563,37.3608033327484,1.12829901563481
2034,74,men,1.78785264741326,1.12840400618198,12.2615524766712,18.340456454458,1.20883564675427
2034,74,women,1.94596490422276,0.765091931169445,39.3055319967926,38.1084728400476,1.12714049134335
2034,75,men,1.70896414569229,1.04569656694991,12.1427953213476,19.7498759478356,1.18461812783845
2034,75,women,1.82693483974505,0.759404017187341,35.9784043767137,43.369504286852,1.11431323573241
2034,76,men,1.64982466336628,1.05477988942724,11.5011407243786,17.227482332949,1.22144489482519
2034,76,women,1.85157240968152,0.736313955793778,18.4793030160839,25.7346366239148,1.13381392445321
2034,77,men,1.75971106197763,1.07976779873571,8.11976128916615,14.540402102029,1.20104153644613
2034,77,women,1.86750747857985,0.685698642972141,33.1812396405534,26.3668921339892,1.13301277023677
2034,78,men,1.80514578013555,1.06314452948353,11.1731102502063,16.3640520527774,1.243390831789
2034,78,women,1.90253141189101,0.698696991182038,19.19174723203,29.2361494814202,1.13038738891276
2034,79,men,1.84709746828543,1.15467317985168,11.195557086493,17.140124472496,1.25206033378785
2034,79,women,1.90761806758325,0.725196272296195,18.7183190244144,30.993714621188,1.12893765916563
2034,80,men,1.65981598528129,0.787743665367236,10.6141357774688,13.3650466185236,1.27974936757276
2034,80,women,1.5525933157576,0.621572787573573,18.5198161631894,24.0018626708653,1.13512111321828
2034,81,men,1.61937181999376,0.814754692041891,7.89363786547638,13.7443672969821,1.2809809617851
2034,81,women,1.55160628451178,0.649852461406876,18.4574496923894,20.1379044994474,1.12144883742806
2034,82,men,1.65519473821863,0.851463278444436,7.90229717208757,12.226227673425,1.24775739270939
2034,82,women,1.47623788857677,0.705844906697018,19.8975843438548,22.67777000617,1.13427964201213
2034,83,men,1.72954759459528,0.872287340477769,8.04057711744717,12.6329805310359,1.270435988118
2034,83,women,1.50597330690149,0.743839560391553,19.7982897436247,22.4375455371324,1.14795407197516
2034,84,men,1.70837792301998,0.904962602479343,7.83141377400647,12.3853651287235,1.29532281541413
2034,84,women,1.34674554767839,0.79554737134701,20.2036543485229,21.4644604135643,1.13857830996388
2034,85,men,1.51296668526895,0.939679523329314,6.44560730711221,11.4808957621188,1.2823380887431
2034,85,women,1.25504697506443,0.826064690592684,11.2835146259904,21.3921995467777,1.12828775608027
2034,86,men,1.52060595356024,0.972764451858126,5.74587796340767,12.2564187021611,1.3003643825664
2034,86,women,1.30455204057991,0.864095179928982,19.0072941680699,19.9990179435879,1.13779341748597
2034,87,men,1.55368534788199,1.01143767435125,5.59414502828056,13.2008111768242,1.32383003811213
2034,87,women,1.28183126356208,0.897115160966421,10.0156644203335,18.8493755222132,1.09887532811876
2034,88,men,1.62624952378315,1.04968780896213,5.8520869037267,11.0222058780848,1.29255237803717
2034,88,women,1.27395775084097,0.935144002853823,11.0977954194101,17.0735179971268,1.12637227349107
2034,89,men,1.61163965273041,1.072620701881,5.55750409334295,11.7366694736409,1.34745842159061
2034,89,women,1.31432960221567,0.968531682815438,11.2751813091331,15.6082978639606,1.13983163564491
2034,90,men,1.11167704364648,0.68471953863435,3.78385522108399,7.45050655802404,1.20599580086801
2034,90,women,0.889016329551325,0.650837989912036,11.2747202658053,11.2085729332683,1.07268991612891
2034,91,men,1.16252699967131,0.712463939918799,3.91059771820336,7.31453085228099,1.23354462077044
2034,91,women,0.947043434797607,0.685223928839326,5.68285889766074,10.5129914085494,1.07405934878096
2034,92,men,1.23628337125316,0.707052985636236,4.15054181659364,6.72788695614527,1.27796744608842
2034,92,women,1.0064930416594,0.682113559297855,5.86872295857816,9.30739210425037,1.08808042990936
2034,93,men,1.29257599156072,0.723217905361872,5.46306450713512,6.69927224923691,1.30114778316475
2034,93,women,1.07749807863804,0.697817097552467,7.82486002784625,8.96283828305929,1.11192069946322
2034,94,men,1.38576695727768,0.747347558467193,4.28567735783517,6.33419821981928,1.32961462555242
2034,94,women,1.22424070461299,0.708309154000033,6.58081226309441,8.63392778546784,1.08648598759998
2034,95,men,1.42639734463172,0.730381090944756,3.65404796036308,6.83160036442586,1.34268026542003
2034,95,women,1.31945656199592,0.736937379274109,5.14075895805523,7.92400149314194,1.11653100865125
2034,96,men,1.49095977705798,0.754408778194178,2.9586639588217,7.26716940054148,1.37176366345046
2034,96,women,1.5048261403402,0.734655493252803,4.3076234332729,7.2229134057696,1.1465318594797
2034,97,men,1.66596074478422,0.760175179621316,2.76212914001905,5.90514590264513,1.39450484839479
2034,97,women,1.69764130166576,0.75410929511053,4.441364048584,7.19391668800268,1.14212053225456
2034,98,men,1.83081099496448,0.771470189949584,3.35245721627281,6.10682712414737,1.4703988143656
2034,98,women,1.88995803388596,0.765246103084827,4.49258436668553,7.00964499611788,1.16547268913463
2034,99,men,1.93797561990376,0.795654950460096,3.31424178002304,5.97166749335859,1.47114609684822
2034,99,women,2.04895656676317,0.756303165456732,4.30758271069809,6.86651974255332,1.16583897990745
2035,30,men,1.69702184063564,1.40931777910092,67.4676429270569,48.2522418498288,1.15652052050535
2035,30,women,1.80870419961168,1.46515682110368,137.502359004149,116.585728608798,1.18246845515399
2035,31,men,1.61340484614512,1.23246994996772,65.443516328587,50.3360561137086,1.17303714199627
2035,31,women,1.80554156584317,1.79924631489837,128.542927044302,167.246573197053,1.25216667747039
2035,32,men,1.59337293246541,1.15589694879222,64.0555186373103,62.7109661705364,1.22194680075375
2035,32,women,1.7068503828814,0.980249055917524,142.903017278405,145.43728754486,1.31950020999089
2035,33,men,1.53840746614213,1.32571445799558,160.109031270052,64.3834976050935,1.26239909322044
2035,33,women,2.7931051505521,1.20294198798515,217.624747232665,93.422697431124,1.40652671413761
2035,34,men,1.63387471760693,1.51068451676193,63.9582410495188,62.0528087664451,1.32470811268538
2035,34,women,2.72151273109774,1.16436241315112,171.180702673059,211.940190220253,1.47577734149882
2035,35,men,1.78266868948178,1.84139038799909,61.4982260951377,53.9849374029579,1.36422113348908
2035,35,women,2.5816581516304,1.11617968874068,167.124384982958,138.294363703142,1.56356293484753
2035,36,men,2.06518236336321,2.07143054324753,68.4192029477612,69.316391282093,1.4363426588344
2035,36,women,2.79247639679176,1.17906167808645,200.899329923441,145.148134036914,1.66812747650526
2035,37,men,1.99070802001807,2.31905246027703,87.3639546958039,74.5730757494737,1.5119661424886
2035,37,women,2.49094172647028,1.23775497080917,89.80637491049,191.387393969036,1.78437467993498
2035,38,men,2.34725604139096,2.33369621702871,76.0527739627973,73.0067560244457,1.59368181199347
2035,38,women,2.67185697076977,1.35993247876835,191.761421926171,122.729076090494,1.8584082304126
2035,39,men,1.8651851025035,1.80990803857265,64.3606818354683,78.107795320332,1.69257739196239
2035,39,women,2.55966965485342,1.49553603616745,107.848635300778,167.331191494649,1.07673896137097
2035,40,men,1.87894652338792,1.79000211136557,83.9019294933692,65.9875018895734,1.79916054676104
2035,40,women,2.26183473020263,1.70299333853144,98.110257984902,159.845636248848,1.16122336628742
2035,41,men,1.90308101934348,1.7771757193157,90.8989876797695,68.4031216037647,1.35806010209811
2035,41,women,2.35356320495611,1.89546999994753,135.373583331568,162.0753640753,1.26725839323801
2035,42,men,2.01069791449897,1.99629166831223,80.3490218033954,64.4193910063782,1.41072911748911
2035,42,women,2.14067042260781,2.19354995931597,129.069959473159,211.495275363019,1.34236117161471
2035,43,men,2.14704449839203,2.00527232183052,71.0521436221595,78.412537540253,1.49785844057153
2035,43,women,2.61776056764088,2.14061426722746,193.750477311219,157.437185688478,1.44622084732505
2035,44,men,2.05149443628562,1.81773608017352,72.5931469646077,64.9799298116273,1.59713188492976
2035,44,women,2.13715540333162,2.05188136745773,127.175032777862,106.776857213781,1.56722150974676
2035,45,men,2.04601287317358,1.78670319670241,64.5636193888104,64.0500264783634,1.3418157426563
2035,45,women,2.23874332459561,1.6967746654717,176.766235196822,150.176856990633,1.18814390354722
2035,46,men,2.20260657513913,1.85985571743644,80.706238739884,58.6282729808347,1.42421291522319
2035,46,women,2.2279917581353,1.69509083621215,103.094056326128,112.310186613623,1.28148708607362
2035,47,men,2.15437236703979,1.6811686409876,62.1555452192896,69.1233440671785,1.51736915247421
2035,47,women,1.44690645530984,1.88670645760843,135.903123818539,134.745896753588,1.08815105731892
2035,48,men,2.244079073022,1.79951900519724,63.5146242712123,29.210958914441,1.39244651063182
2035,48,women,1.37744178835614,1.92640008748623,173.894714663728,110.185798500025,1.16358228566322
2035,49,men,2.39620852423641,1.76960409501321,61.5392415298616,62.2931459777208,1.28936573696752
2035,49,women,1.53935175302651,1.92825250410653,122.873733681184,125.028782540933,1.29572030517429
2035,50,men,2.19341403040002,1.86012861244163,65.5861948928049,66.950271729581,1.41020805605242
2035,50,women,1.78135556720491,1.73493426006983,148.642596053403,114.485228823291,1.37827689709783
2035,51,men,2.07640441982224,1.70560039311706,32.6169643438859,59.3661399022283,1.33595106450183
2035,51,women,2.02409524377784,1.72987520551701,150.690398670413,125.753969233911,1.24203008600267
2035,52,men,2.00616154680194,1.68800994525389,57.5977418204257,30.3383782130232,1.31767544936411
2035,52,women,2.22232380690709,1.45913493091884,162.508396400565,92.8770580056322,1.18186178479351
2035,53,men,1.82441274988373,1.63459909497661,58.9334462510036,62.8294244102496,1.41479567655785
2035,53,women,2.10292383877575,1.62239392605219,164.631132566765,95.6285306221818,1.26038124108229
2035,54,men,1.71417011016801,1.61302038107149,55.7859235036255,30.5462664609862,1.37421729502459
2035,54,women,2.04241144018494,1.55698637551485,91.7211177747304,88.7490188244519,1.18223653913324
2035,55,men,1.53313453911549,1.34232754989773,28.043025532724,30.0066302211793,1.37953545838099
2035,55,women,1.49356634567414,1.41358650945073,96.4419957894964,81.6628640281886,1.14773845507436
2035,56,men,1.42094843153789,1.37011920691733,29.6275633272546,30.0324197202839,1.36798131271055
2035,56,women,1.5573523517819,1.33519327925634,108.055517309515,76.0871165764086,1.34687504797386
2035,57,men,1.38597747973809,1.33632455490007,29.0474522377891,30.3995610048007,1.37177925134282
2035,57,women,1.5251012429616,1.48241519810097,80.34796373043,86.4271977523246,1.17767067117927
2035,58,men,1.29360689752965,1.33376257382514,29.5561006463363,30.3954953727223,1.27808272778722
2035,58,women,1.35832900216414,1.28792543107082,119.189749560912,87.8395107903563,1.18780515700145
2035,59,men,1.39600169944916,1.34139228425434,30.1112251169871,31.2949752100787,1.28907420359863
2035,59,women,1.51844883437193,1.25305510913249,108.742058681841,81.158167262101,1.22656647280081
2035,60,men,1.35231008286138,1.23957050763306,30.7709331464875,30.9122914286069,1.30900094155112
2035,60,women,1.65888193767677,1.20491291968724,127.100079246855,79.3227813517814,1.16824164373697
2035,61,men,1.38405669103148,1.27779874261215,31.9396308017648,31.7560182277024,1.27177163938495
2035,61,women,1.62512919933225,1.16137098909806,101.868319175608,81.7864602822881,1.17019084550524
2035,62,men,1.47123726035528,1.26949892246154,32.4275209463004,32.3839896730976,1.28618082259571
2035,62,women,1.62419264188571,1.1628060188739,83.8144649882238,70.6223430521794,1.17472692072501
2035,63,men,1.56361500183709,1.30996713246487,32.0092846514063,32.5423371546089,1.29501095211763
2035,63,women,1.7444932239079,1.15849767990658,77.7820084446223,71.0706178400253,1.12583747052995
2035,64,men,1.60864617620857,1.22748968230801,18.3733211693441,33.119039176172,1.25802462594584
2035,64,women,1.81511525607673,1.16107324243562,72.1124091593275,71.9429289765087,1.16625317896043
2035,65,men,1.64486372674154,1.16877695447116,17.9987468457782,32.6948344345796,1.27788678272203
2035,65,women,1.72919681848227,1.09861384639297,72.6211429489451,68.6711159465031,1.14513469084543
2035,66,men,1.6652819837648,1.17655309552088,17.6990996797012,17.3958683691961,1.28820555766451
2035,66,women,1.74445114251524,1.08993323113846,57.4066508080656,35.3573673614099,1.09101543039046
2035,67,men,1.7094689498042,1.17160669234223,16.1784510871339,17.1081781675779,1.21829409813821
2035,67,women,1.74143048966716,1.15035515536671,72.1243867960814,37.1489140120279,1.12322175347099
2035,68,men,1.84664303835787,1.16771058308075,16.2041796608354,17.685100652543,1.19004096487951
2035,68,women,1.92809721790432,1.03265046578155,58.5012389883473,36.2106219128183,1.0913999094288
2035,69,men,1.83618790331136,1.18441488591307,13.0075973911319,26.3548749091176,1.22733457388996
2035,69,women,1.95775073159266,1.09102595820507,46.1959429763907,29.755418982687,1.12636602517981
2035,70,men,1.69393984837186,1.11169213351911,15.649332415012,24.1639279329642,1.18607252984905
2035,70,women,1.75993085308657,0.977616847566511,47.17898411123,37.3204622856974,1.13443337200142
2035,71,men,1.75607724544231,1.10933566179117,14.2218378009008,17.337786682162,1.20474635533037
2035,71,women,1.88618965726175,0.908933591502473,55.2860778175287,36.8398986669669,1.11387379518056
2035,72,men,1.76478040757205,1.10665085813533,13.692901217795,17.8217380827907,1.19809562770289
2035,72,women,1.84162447686941,0.894497957266526,42.3963879250677,38.2354376702344,1.08619912293213
2035,73,men,1.78921806926194,1.09045595547662,12.8128863114803,18.042390067933,1.22083133561687
2035,73,women,1.95124152262849,0.850927724997377,44.3423716807221,40.0811527270808,1.11518370078666
2035,74,men,1.81567754452695,1.12561789636563,12.9406645279299,18.7716826854022,1.23205950400735
2035,74,women,1.98061087316427,0.757686981958874,19.1487794900068,22.2598157189409,1.11328375480398
2035,75,men,1.73313151333657,1.04126463076132,8.87201149229309,19.7586377287977,1.23203667986719
2035,75,women,1.85925445194232,0.751257434597542,20.0855261839701,42.8606857033469,1.13424403243218
2035,76,men,1.67233318682478,1.05107118084077,12.2179594809935,21.7030897116258,1.23426898034301
2035,76,women,1.88393202209922,0.727851299879657,20.4450696454581,26.7305722566564,1.12269277952756
2035,77,men,1.78359140982603,1.07654384098313,11.8731606508023,15.8697808668885,1.24086306973328
2035,77,women,1.89959714833974,0.677088638307204,20.4516205051363,29.0172854753352,1.10598153751943
2035,78,men,1.82946084870842,1.05902817951503,11.3070670067963,16.2866142852694,1.2491188618318
2035,78,women,1.93388791794493,0.690382373407511,35.5408125452986,29.2175074190104,1.10947842695309
2035,79,men,1.87152097823025,1.15108059674178,11.6169747255703,20.4466960380976,1.22534341385556
2035,79,women,1.9397733015749,0.717293980406812,20.2895595198198,32.3572161919209,1.11433139192138
2035,80,men,1.67748193510504,0.778791341073479,8.1930934332761,12.5197083752595,1.2646862984112
2035,80,women,1.57003801749854,0.611570555715453,20.5811824620133,25.0310530165091,1.12708853517335
2035,81,men,1.63645048706837,0.8065036108989,7.70658190099213,14.055808700958,1.25776461406989
2035,81,women,1.56799583502848,0.640397855174733,19.5395223548132,25.4371783108508,1.11836067452069
2035,82,men,1.67194832361181,0.843901778111838,8.02847088869126,14.7654295147684,1.27779302902889
2035,82,women,1.48895867813822,0.697027755603109,20.1689463010688,22.6287604249625,1.12019269022729
2035,83,men,1.74650145544703,0.865127074036836,8.09629603495255,13.0951984172292,1.26292366037302
2035,83,women,1.51748339531074,0.735595443376903,21.2552545579947,22.5895408056957,1.14067189320369
2035,84,men,1.7245200760239,0.898273046260625,7.47680175658214,13.0995448764083,1.27402470164788
2035,84,women,1.35631099887983,0.788581078893203,11.2336438751992,21.9892720819912,1.11677420427112
2035,85,men,1.52214619533612,0.933783606786193,7.15142559518018,12.0930727937823,1.28336374840276
2035,85,women,1.26012561965408,0.819874264134793,11.6836087460844,18.6497508807954,1.13619214010202
2035,86,men,1.53152545343684,0.967248207454604,6.19860695871788,11.2201094303747,1.29266207420726
2035,86,women,1.30831969466817,0.858352962211401,12.1005590559087,18.6841127490281,1.14473641435762
2035,87,men,1.56338912288182,1.00675923882858,5.45162061087254,11.3245011780092,1.31803554274801
2035,87,women,1.2858693542587,0.892068136770582,11.0909392704681,18.2203796153408,1.13231781975664
2035,88,men,1.63657987500051,1.0460276129132,6.9556611560372,11.2523355790437,1.35555663515326
2035,88,women,1.27692848057447,0.931615638419978,10.6959778228738,17.1225612430602,1.14827960785171
2035,89,men,1.6225330157613,1.06957419640772,5.29361093711454,10.1716761540195,1.32634038227423
2035,89,women,1.31762175787403,0.965201379991454,11.4674647121141,15.6401145549642,1.14819388512599
2035,90,men,1.10840081464161,0.674755367552192,3.4193265499207,7.1363121750808,1.197758115291
2035,90,women,0.883205754215018,0.642386644107631,9.94062548146875,10.7732123796632,1.06645676919996
2035,91,men,1.15957171322591,0.703004272709685,3.82231061616808,7.26900681808217,1.21650225860564
2035,91,women,0.941702652859291,0.676242191950612,6.47012077060755,10.0767032140219,1.05281943624856
2035,92,men,1.23459015382456,0.697383864758508,4.22368350256091,7.22279421466862,1.27722380576745
2035,92,women,1.00247997881665,0.674113094293684,9.36612203624065,9.43912855708724,1.08105394031646
2035,93,men,1.2920590800233,0.713613997880747,3.4747965955147,7.74791637197729,1.29751447951774
2035,93,women,1.07453454946955,0.690034319898622,8.18514952309917,8.95683864992853,1.09839183280607
2035,94,men,1.38531479967745,0.737636100901956,3.88494219574532,5.90355952676104,1.31322822965574
2035,94,women,1.22431735153431,0.700960980985722,7.08409876686492,8.32499359966625,1.10238489659119
2035,95,men,1.42482817668496,0.719006559537982,3.72146644052245,6.08153276219391,1.34926217098629
2035,95,women,1.32183872491304,0.729525862487694,5.34992105919604,7.87391777181057,1.12484109705633
2035,96,men,1.48797465349716,0.7441809252234,3.04849369947957,6.64158241500715,1.34559188838742
2035,96,women,1.5104085767597,0.727199627537561,4.60535558601672,7.33576888082582,1.13057155489523
2035,97,men,1.66524217964774,0.748220778123617,2.94146555647888,6.73745247556185,1.42065192241951
2035,97,women,1.7090915174384,0.747585449172851,4.39754441564747,8.41462376955351,1.15100083644339
2035,98,men,1.8291439316794,0.757640097322454,3.12686581073011,5.823022684331,1.43103317079066
2035,98,women,1.90561701774134,0.757444562449989,4.26161797368134,7.44324179191873,1.14432579370158
2035,99,men,1.94289920759001,0.782938854313592,3.06225341406206,5.75146000230477,1.43199373407413
2035,99,women,2.06938195941696,0.746951255986141,4.02641700211049,6.98490239543244,1.14481100043759
2036,30,men,1.70516862028498,1.42096909491297,104.974409430032,63.9287849365808,2.13951353260005
2036,30,women,1.81783340255811,1.48391086179799,212.943304098967,169.899330336859,1.16917743911861
2036,31,men,1.61400436133949,1.23269948433495,53.9851461885384,45.2184858613308,1.55597257651201
2036,31,women,1.82253610573711,1.81638779260238,431.581364088928,206.426957426839,1.24545864624992
2036,32,men,1.59841806012088,1.14649484261785,56.4118422697032,58.2126341129101,1.22743388234608
2036,32,women,1.72861506825087,0.977968000156826,152.969113003671,174.847627064394,1.30125243914383
2036,33,men,1.53831715836794,1.31557026388987,84.6816219038849,58.8417714264395,1.26599672400007
2036,33,women,2.87369756125938,1.20724583659965,121.600499289229,133.006072368007,1.39950713041102
2036,34,men,1.64137777713074,1.49984948897979,63.7779883132219,70.1338154609279,1.31374633587811
2036,34,women,2.78985656108492,1.16469299722904,100.349178796411,163.093523676184,1.4895822762269
2036,35,men,1.7947908004185,1.85168148282645,67.4192808504139,63.2926876264979,1.36239314278213
2036,35,women,2.6510762821161,1.1122344428768,117.949684031252,173.889224126688,1.55740903821076
2036,36,men,2.09231028549083,2.09090142658398,95.8318723483815,75.891378742919,1.42776763263501
2036,36,women,2.84684814303079,1.17307771057469,149.800703010057,134.089770014315,1.67487459368606
2036,37,men,2.03054283743043,2.35588177720735,86.0589337906777,67.6381323690484,1.48990073415857
2036,37,women,2.54984484808071,1.23090470927109,157.273186064496,163.422223463808,1.7845712145474
2036,38,men,2.40187230911367,2.37020085659025,78.5988785382859,75.212878072578,1.0876601015814
2036,38,women,2.73135175665575,1.35322415185682,206.163243238682,159.104059648111,1.89030953187095
2036,39,men,1.88758022069987,1.82097249320132,85.4522406048174,89.6452585908273,1.66608090337647
2036,39,women,2.61260376825793,1.48812016991869,110.938667008916,154.694513406716,1.08082327107563
2036,40,men,1.90526679857726,1.8001036734697,88.3602997161749,89.1693312275029,1.73868816078388
2036,40,women,2.31479903062028,1.70667005696609,106.688121616139,213.354816268402,1.16647177681828
2036,41,men,1.9304681100975,1.79077475154135,74.6301521369677,60.1148861066213,1.32321430155558
2036,41,women,2.40479487850499,1.89974422048941,147.254975070609,224.664220412782,1.23276966097497
2036,42,men,2.04298992086921,2.0164932315441,70.7187373696351,86.3724171765792,1.42444811709409
2036,42,women,2.18763176770667,2.21940943579898,202.248296690012,118.964409358925,1.34091990608121
2036,43,men,2.18817598848465,2.02826919627553,76.9502947403992,80.8095938531772,1.50688851287066
2036,43,women,2.65933044997589,2.17401391717669,211.608828903809,159.677177010367,1.46501995231639
2036,44,men,2.08906173507266,1.83198824766627,79.8607918785336,70.3112690226324,1.25580797321741
2036,44,women,2.17870312509272,2.08116887123523,116.068043249724,119.729240101875,1.57673878325421
2036,45,men,2.07905330432807,1.80263192776659,73.8581724947633,70.1913609808373,1.36904205920368
2036,45,women,2.28149531194412,1.70188965675497,174.785945023615,121.544716455409,1.19041129058035
2036,46,men,2.2372431260333,1.87702632186625,73.0758587864601,64.5855819825546,1.43970162526861
2036,46,women,2.26708218964737,1.69941474047001,198.941902773626,195.995703481816,1.29968451156805
2036,47,men,2.18984969863848,1.69332235109723,67.5162770753757,62.2554706922645,1.54121723964806
2036,47,women,1.44873876332703,1.90008325667011,189.362225916726,121.418480673929,1.09404335205086
2036,48,men,2.2847677666875,1.81336792231319,65.753341763191,58.2694348253919,1.36984487825184
2036,48,women,1.37520354090842,1.93867538764549,199.588312329169,150.111327912113,1.48059330855989
2036,49,men,2.4381627746145,1.78519274097108,72.9840107720291,30.9086470312924,1.51229837430362
2036,49,women,1.53765683805226,1.95212334981098,139.482297287213,118.973626379389,1.25709087230711
2036,50,men,2.23128682655155,1.87650834973954,55.4764382708452,60.2013144170287,1.38878405347667
2036,50,women,1.79150346181973,1.75253260046594,191.331664547242,121.400916334866,1.35654541683619
2036,51,men,2.10944800671644,1.71710428509351,52.9477626191045,57.3969552715086,1.47004742840788
2036,51,women,2.04013848697371,1.74781753948219,155.535934261826,124.173628910301,1.21008460769989
2036,52,men,2.03407847533684,1.70075143975612,60.2527034494909,31.6252720511485,1.44062666932654
2036,52,women,2.25399216905857,1.46508231714105,169.375509552944,87.5622658859323,1.15944421961496
2036,53,men,1.8496925437429,1.64612797113267,51.6549232105192,31.2042449031726,1.38951526791164
2036,53,women,2.14285560051812,1.63310150896451,186.847009935014,112.753778351367,1.2242910938732
2036,54,men,1.7355658558261,1.62590881512345,29.1926357936986,31.018177012348,1.3604252201221
2036,54,women,2.07865905946014,1.56654149392928,104.607173715114,86.2447026781795,1.20160955981017
2036,55,men,1.54596906417192,1.34736730109074,28.0977956864091,29.9115871875125,1.34467924958869
2036,55,women,1.50423676048365,1.42148722738663,118.708187180652,79.1194007318704,1.28294171387205
2036,56,men,1.43092875922565,1.37520770959331,28.4606061414223,30.2288185900687,1.3545434765476
2036,56,women,1.57246145843295,1.34088837509968,118.181822171943,84.5913658874627,1.23358892017031
2036,57,men,1.39536811829224,1.34034872576685,29.2995691288502,30.1394154348059,1.36534324183913
2036,57,women,1.54005765581866,1.49179690945227,80.9661074490803,82.5179880539297,1.2039791290318
2036,58,men,1.30233912155993,1.33807106193732,29.5520851273184,30.8261660053225,1.3539359113506
2036,58,women,1.36699229690066,1.29323021041354,87.7556477948632,73.0540326468842,1.20698298646882
2036,59,men,1.40574150471862,1.34604348666831,30.5209112318562,31.3515482601515,1.31018332255802
2036,59,women,1.53135527209109,1.25555591232312,82.7104363493175,98.4076096865327,1.1576889045668
2036,60,men,1.36221357147554,1.24286121544404,31.2995546769142,31.8161760970387,1.30962895749221
2036,60,women,1.67698171247258,1.20882555354937,112.702769718222,76.1553765861695,1.21866116234361
2036,61,men,1.3964626139294,1.28062448478738,31.4493342542803,31.9433626267178,1.25440858928156
2036,61,women,1.6450777404474,1.16288088540156,84.1437981408502,37.0666259808773,1.19889466235604
2036,62,men,1.48602737313456,1.27240205097131,32.8120245572704,32.6487139813416,1.28493986832026
2036,62,women,1.64504622219938,1.16439291952774,94.7541251002225,38.1738824392479,1.1604539577933
2036,63,men,1.58157229171026,1.31280973607275,34.0759615407682,34.3640269567008,1.26329966853629
2036,63,women,1.76938785564898,1.1596346961269,82.0205325290513,76.7346808450958,1.13576961124895
2036,64,men,1.62936745751094,1.23029780173263,33.5188135632767,33.1849954575819,1.26038012330312
2036,64,women,1.84461966609343,1.16298100146586,95.515601714084,37.6775794067609,1.19769985766948
2036,65,men,1.66499270061179,1.16859704815849,18.5753841882727,32.7942187600125,1.23213662384332
2036,65,women,1.75076382035477,1.09782248198607,90.5917927061255,39.6400829116381,1.10990993234651
2036,66,men,1.68736970333123,1.17688166154772,33.0288423366737,33.1381986191281,1.28866255558286
2036,66,women,1.77084351844522,1.08937186830772,60.6195159397033,37.5223261983032,1.09419309434028
2036,67,men,1.73395949571087,1.17164380715819,17.4115072186515,33.3778918166879,1.25085462251099
2036,67,women,1.77003200805051,1.15093229424841,66.3718766594009,38.32674134186,1.13514903832567
2036,68,men,1.87592392614428,1.1684029889967,16.532309917204,23.5444940606126,1.18037534511048
2036,68,women,1.96011740780767,1.03147803597129,69.8445944264448,37.6071798841955,1.13885096351449
2036,69,men,1.86679699730437,1.18449619453495,16.4098739061238,34.2950742342276,1.24909215624653
2036,69,women,1.99402613788537,1.08971945032921,60.2102580043539,38.1281947354527,1.13761103063658
2036,70,men,1.72017697435,1.11000373032529,13.0563941954913,26.954938003643,1.17020691952132
2036,70,women,1.78965888385689,0.973386433228799,55.5923534760528,32.0484619271767,1.1595925562179
2036,71,men,1.78476038782429,1.10815468422808,15.7409417408413,18.9413734155265,1.23985781438444
2036,71,women,1.91848779877078,0.904415148197733,60.5056373707736,40.7577452067936,1.11608063274611
2036,72,men,1.79254139857557,1.10510928065821,13.8687318648979,18.1202724298854,1.24268287524349
2036,72,women,1.87377468158758,0.888843645982429,55.6743600814749,39.9927279685207,1.12887243353866
2036,73,men,1.81762002141008,1.08917299850733,13.5876889854968,19.3531056796399,1.23421986949223
2036,73,women,1.98647137808008,0.84479388184406,47.6931691761891,41.3048906498447,1.124128252901
2036,74,men,1.84392149904009,1.12284002934636,13.0511349287853,34.477529245782,1.21084550178865
2036,74,women,2.01585620197231,0.750357286826748,23.5619359730603,43.5821784108322,1.08401712514215
2036,75,men,1.75762851899537,1.03685364177415,12.3106202832234,20.5395999233784,1.20819357082228
2036,75,women,1.89212951726775,0.743202183301703,22.7272488313446,44.0932932210543,1.1035367723425
2036,76,men,1.69513750867436,1.04737732484723,12.2144285602277,20.7283867516744,1.23235178096722
2036,76,women,1.91684086196895,0.719489993615882,23.0625368431039,49.8915647641644,1.14625215256878
2036,77,men,1.80778385707327,1.07333108606261,12.0634500237244,22.5323540847878,1.25264406458087
2036,77,women,1.93222204703409,0.668590896025677,23.202184409028,30.1939343374437,1.13855560921767
2036,78,men,1.85409125041526,1.05492977803642,9.94258792439493,22.2046302879791,1.23538191321426
2036,78,women,1.96574543819046,0.682170713149279,22.1509801943193,30.9883086080239,1.09807180309189
2036,79,men,1.89625519410384,1.14750094811988,10.8479461748627,22.2820111880796,1.25642080802724
2036,79,women,1.97245435327273,0.709481616864166,21.8773310232212,31.7131570389349,1.1439601038057
2036,80,men,1.69532709146849,0.769945078923566,11.3777220328029,13.601809324884,1.26970466581297
2036,80,women,1.58767001024205,0.601734073611873,21.6303867933813,24.6644057822956,1.15382616299334
2036,81,men,1.65370075048011,0.798340081228024,10.7017921955998,13.2512753822041,1.24765307904352
2036,81,women,1.58455032795329,0.63108534643047,21.8903537160433,27.6007834810127,1.13590810249451
2036,82,men,1.68886312988063,0.836411093833184,7.79393822894853,14.141245176625,1.27189831023799
2036,82,women,1.50178275276843,0.688324995832002,21.5583751114848,28.0859508302139,1.14054390686385
2036,83,men,1.76361305442729,0.858029057896885,7.79984226182752,14.6391293113372,1.27898454161022
2036,83,women,1.52907573522376,0.727446680510026,21.8625450143695,23.5349887103454,1.14481747991818
2036,84,men,1.7408067103738,0.891636189847876,7.44982166015019,12.4728951508989,1.27903515231912
2036,84,women,1.36593964060479,0.781679165037271,12.4481342562619,21.9451171301647,1.12634060301865
2036,85,men,1.53137684876241,0.927927552853598,7.17959587053265,13.5070095914077,1.28083666784294
2036,85,women,1.26522230518048,0.813733235074049,12.682940125313,21.3863196011611,1.13549455748759
2036,86,men,1.54251794405052,0.961765930956812,7.19718644374476,12.4065921381892,1.29352179781775
2036,86,women,1.31209637105799,0.852651696520604,12.9818454410157,18.9094714850219,1.12283129525485
2036,87,men,1.5731486922795,1.00210472604359,6.62687876503484,12.0079098936074,1.32278920961568
2036,87,women,1.28991817274438,0.887051964919941,13.2794428525063,17.7665255493777,1.12779766512789
2036,88,men,1.64697072372974,1.04238196852409,5.53611004692153,12.3709746915855,1.31977876054032
2036,88,women,1.27990467315762,0.928102310368122,12.4907779552364,16.3284787537449,1.158589461844
2036,89,men,1.63349460297597,1.06653783407135,5.95096457382383,11.6639793733746,1.32563656361049
2036,89,women,1.32092053633238,0.961884156116188,11.2048936674164,15.1805599080412,1.1505085068511
2036,90,men,1.10513584346342,0.664940985720011,4.36949558306086,7.54176849790134,1.19673523448804
2036,90,women,0.877435983244799,0.634049113164457,7.10927208136577,10.9675656815074,1.06381274388839
2036,91,men,1.15662538582203,0.693674760341402,3.26262785563502,6.77653854399531,1.21662702283669
2036,91,women,0.936394591523216,0.66738251138672,6.4218240300961,10.4160912411342,1.07597713402535
2036,92,men,1.23290008556706,0.68785162456692,3.61345517686183,7.20695031287813,1.2742986492935
2036,92,women,0.998484876511388,0.666210327725084,6.77810797092975,9.79015587418508,1.08724605211574
2036,93,men,1.29154262899887,0.704142249146674,3.08796812623912,6.8796252571703,1.29606102219587
2036,93,women,1.0715806210526,0.682342103551782,5.98179934992124,8.96867602072447,1.11178717119215
2036,94,men,1.38486301163752,0.728055517849059,3.63502979068075,6.47760993588735,1.31964437329525
2036,94,women,1.22439396559571,0.693692593693097,5.69851006052727,8.52844803466598,1.09947869610546
2036,95,men,1.42326150459584,0.707814626498701,2.97356423321798,6.34502234232013,1.35726577321185
2036,95,women,1.32422401513742,0.722192471040297,5.02608452734939,8.24838287628553,1.13347652039533
2036,96,men,1.4849969687276,0.73409665865131,3.37831738290876,6.13932193848206,1.36272796170166
2036,96,women,1.51600896447085,0.719823037141957,6.04791041042418,7.4188490702353,1.14279512695822
2036,97,men,1.66452427723228,0.736460104689453,2.75357874594444,6.97742360797144,1.42150449928679
2036,97,women,1.72061328014118,0.741121204958207,4.95486944241015,6.82281716008098,1.1552760580131
2036,98,men,1.82747920423183,0.744064548307711,6.40707080992666,6.36694965939608,1.43492752645806
2036,98,women,1.92139795321421,0.749726331331029,3.61232879232475,8.01959854897391,1.17248905462452
2036,99,men,1.94783287597799,0.770432083793328,6.33249883270763,6.02547507796684,1.43642975496933
2036,99,women,2.0900007813401,0.73771949504294,3.33091047618909,7.67585972200084,1.17350516541792
2037,30,men,1.71335048042087,1.43271094385554,94.8232606135961,73.620283268573,2.18888362649886
2037,30,women,1.82700416722528,1.5028955683989,187.673678379143,157.318734325241,1.18341547412841
2037,31,men,1.61460380475486,1.23292894870878,51.4107482676119,56.7394518758678,2.24129433471085
2037,31,women,1.83968214258673,1.83368404007142,173.119486295586,228.83138983252,1.24745724331035
2037,32,men,1.60347667313728,1.13717377408179,82.195173986237,52.7977383110704,1.23270303715262
2037,32,women,1.75064639097511,0.975693368629928,114.519711013182,138.490059359994,1.31071848350653
2037,33,men,1.5382269002357,1.30550861595837,70.4157549935781,57.4216205370544,2.37623057290887
2037,33,women,2.95657409244634,1.21156295868604,102.808616353101,128.181235616971,1.38774498867999
2037,34,men,1.64891158242113,1.48909743615258,86.0266022819739,56.0084240522216,1.32092351496231
2037,34,women,2.85988184112827,1.16502351276731,116.362200615884,169.85093403292,1.46586440228393
2037,35,men,1.80698932824366,1.86202499641309,61.8113688164894,69.8576224207854,1.35455219622838
2037,35,women,2.72232552492645,1.10830506887526,136.891361900039,203.458738953258,1.53400284110473
2037,36,men,2.11978097183945,2.11054563490578,70.5299475115452,79.543792573281,1.4202631775448
2037,36,women,2.90225106898724,1.16712702888137,127.024671536269,131.484069410922,1.68223525492795
2037,37,men,2.0711546144967,2.3932774707183,63.0798726455152,58.8325160709552,1.50037388762256
2037,37,women,2.61011089278566,1.22409569584584,137.141132081827,269.955721395976,1.7462990673581
2037,38,men,2.45773163608291,2.40725816963058,85.7667551665699,71.0361004535259,1.5722588206071
2037,38,women,2.79214113046085,1.34655218574113,232.901612466289,149.406717680147,1.88994671116481
2037,39,men,1.91023303974891,1.83209910486298,64.2322073867519,75.3278241075247,1.63858490341509
2037,39,women,2.66660575958677,1.48074469091172,82.7416193131783,243.543046034208,1.08214058884541
2037,40,men,1.93194257144126,1.81025723967226,86.7112761880163,78.3844871146163,1.77941093237577
2037,40,women,2.36897664509452,1.71035290208132,101.822205008002,167.227565030673,1.19496620259104
2037,41,men,1.95823558705095,1.80447108978812,66.7332483020869,82.5169154643511,1.30585012195455
2037,41,women,2.45711576614907,1.90402597334508,105.19959143091,164.930128777362,1.24049715682541
2037,42,men,2.0757843001363,2.03688915476826,75.4783963377711,69.9488410250339,1.39096925368844
2037,42,women,2.23559951361614,2.24556084321005,121.999328783699,121.667631539887,1.32185014478028
2037,43,men,2.23007466534162,2.05151831652698,83.3211592280688,79.2069727506736,1.5221568990561
2037,43,women,2.70153955930782,2.20791791071348,383.1447764466,138.566594884974,1.4275546244967
2037,44,men,2.12729801665974,1.84634508010658,63.9275599776355,68.1656816261616,1.25365843628385
2037,44,women,2.22103756326314,2.11085971971945,177.450804832455,144.901106869542,1.57891263242285
2037,45,men,2.11261067675685,1.81869473948649,60.7489582218042,75.2336702043785,1.34477980389998
2037,45,women,2.32504211263854,1.7070175443515,148.444596609603,132.490877330143,1.1779789063219
2037,46,men,2.2724069351436,1.89434690075083,82.5088444466393,73.3690500072718,1.41898550822949
2037,46,women,2.30683876637423,1.70374754298168,141.88411312115,110.780635311458,1.29658565835955
2037,47,men,2.22589340401393,1.70555789154572,75.168644601944,64.1268816298245,1.56004680163976
2037,47,women,1.45057249026705,1.91354825911443,157.355087243579,159.4119967252,1.3949920899545
2037,48,men,2.32617368535365,1.82731654032543,63.3200943610361,67.3211625691992,1.39116132200007
2037,48,women,1.37297002684601,1.95102282246266,154.278006924344,104.637577771697,1.17596453008092
2037,49,men,2.48083044086554,1.80091095315076,60.2999011682231,57.4417642519483,1.46803800909215
2037,49,women,1.53596462017169,1.97627776546563,153.990181340286,104.755007010081,1.2991238937384
2037,50,men,2.2697944765881,1.89302417260454,61.8521590796155,60.280093075095,1.40531572465793
2037,50,women,1.80170414057524,1.77030067676012,173.498784657478,99.5369041465829,1.37668721493602
2037,51,men,2.14300082997596,1.72868006215912,71.3087606998929,61.2653988710083,1.34276855954497
2037,51,women,2.05630091934825,1.76593702430124,203.061542347312,112.450524915155,1.22695682932152
2037,52,men,2.06236988923892,1.71358278253262,70.5691505799343,60.2658820298397,1.42654664943537
2037,52,women,2.28609592513043,1.47105100645044,178.297916746021,119.998794882098,1.31891407230373
2037,53,men,1.87530995244279,1.65773243969707,51.8039224345028,31.1562052060944,1.37090093828898
2037,53,women,2.18352544518627,1.64387445053658,117.855709266987,90.7638058896067,1.22358855370238
2037,54,men,1.75721795327118,1.63889382627699,49.7820119882378,29.6829930515411,1.34440874003249
2037,54,women,2.11553170738792,1.57615051627442,118.01516089676,94.1164786427769,1.28979523628815
2037,55,men,1.55890465100891,1.35242348530503,54.446449008721,29.4865203689804,1.31772894632748
2037,55,women,1.5149781116144,1.42942819134025,113.729510817159,100.159913437092,1.22326118668402
2037,56,men,1.44097423339704,1.38031259794241,27.7572815910475,30.6376527473819,1.31704225732143
2037,56,women,1.58770962313818,1.34660494822662,112.171901502619,96.6673026858915,1.23027418570472
2037,57,men,1.40481772467386,1.34438302995713,28.0348472219694,29.7402822131389,1.30383887376705
2037,57,women,1.55515329128824,1.50123334395705,92.7064191473662,81.6814656167747,1.24673445500119
2037,58,men,1.31112595931723,1.34239134198046,28.3057749266856,29.6959761626965,1.30536461534362
2037,58,women,1.37570655055667,1.29855421842144,84.6986252228721,72.9289862147107,1.21020851111528
2037,59,men,1.41554443118039,1.35070852105943,29.0631535155638,30.7624115822432,1.30625707217968
2037,59,women,1.54436499282411,1.25806047486055,111.026276703737,85.4140601158798,1.1769860202092
2037,60,men,1.37218467066558,1.24615903684848,30.8545097030333,31.0690197697818,1.35211341064792
2037,60,women,1.69526993731717,1.21274896203061,132.776353931608,80.4864878263877,1.23365110266741
2037,61,men,1.40897356285543,1.28345508369617,30.895812880709,32.2553765410595,1.2889046963347
2037,61,women,1.66526117456504,1.16439200185507,106.028368671439,69.4820991792895,1.16494621904875
2037,62,men,1.50095879629608,1.27531038800335,30.9140451274507,31.5780367397503,1.28214474047073
2037,62,women,1.66615711131057,1.16598120502648,85.9473660357366,37.1144226385126,1.1499687902538
2037,63,men,1.5997268415601,1.31565710770326,32.5402946167772,32.9167304692187,1.26139635630943
2037,63,women,1.79462525729132,1.16077226913939,79.046624732268,75.4198310854168,1.1266652453251
2037,64,men,1.65034528155474,1.23311096164386,32.9826516008556,34.0027190575206,1.23611180978542
2037,64,women,1.87458882334511,1.16489095604176,78.3304199653066,38.5521383654431,1.16225264328721
2037,65,men,1.68535793623807,1.16841725785877,32.2188407743574,33.7810468070393,1.23881907999003
2037,65,women,1.77258902273089,1.09703207579326,74.6329831606984,73.0386999999924,1.16441429729077
2037,66,men,1.70973932440319,1.1772101579243,17.4919519876035,34.2536479240842,1.27348729580856
2037,66,women,1.79762193860632,1.08881107004112,67.409421859259,40.222776490203,1.09783386832806
2037,67,men,1.75878861810753,1.17168090492422,17.4493795168107,34.8812001461028,1.25011826401223
2037,67,women,1.79908889045712,1.15150943907292,59.4422960091199,38.6783697204412,1.10607113280625
2037,68,men,1.90565437870353,1.16909546518148,16.9444610276567,18.2974288551231,1.2001973482588
2037,68,women,1.99265324544763,1.03030751201901,69.5934624323243,38.8540219701111,1.14007176919856
2037,69,men,1.89790093485564,1.1845774688088,16.4180378171981,33.470574258379,1.25123906526449
2037,69,women,2.03095538603492,1.08841514739549,64.3821713750007,40.5422635898234,1.12375533972483
2037,70,men,1.74680729865549,1.10831871860858,15.6999189711849,35.1725226386133,1.19089295288627
2037,70,women,1.81987409954498,0.969176388874239,57.7063997438292,39.8280880301246,1.13064486992373
2037,71,men,1.81389759967577,1.10697554289103,13.1485610498481,28.5435287887568,1.21608263995045
2037,71,women,1.95132272857504,0.899921368949365,44.3836993950464,33.3276324959733,1.14875282226618
2037,72,men,1.82072513118681,1.10357060600938,15.236671620099,19.7292440089252,1.22286259434244
2037,72,women,1.90646994737629,0.883227826999239,52.1283748656973,43.4117464421027,1.14324940011633
2037,73,men,1.8464585449876,1.08789217984871,14.1780901810057,18.9087584312691,1.23972929730492
2037,73,women,2.02231954247854,0.838707233443189,46.0820864711508,42.4715748753887,1.11739071256236
2037,74,men,1.87259061168679,1.12007037670727,13.8842968563993,20.0777327499229,1.21401934210177
2037,74,women,2.05171095725835,0.743102044590791,45.6555044628453,44.6638681710497,1.13385640585465
2037,75,men,1.78245949363811,1.03246349076748,12.811911182242,19.5972654924608,1.19358632129718
2037,75,women,1.92556930200672,0.735237195279383,22.1590413789927,48.6744811326026,1.09606501158202
2037,76,men,1.71824136802827,1.043698254714,12.5028900876275,21.1405700993262,1.24969685616128
2037,76,women,1.95030797447042,0.711228774341363,22.1465941639061,48.6857870741635,1.15964523853035
2037,77,men,1.83229232633589,1.07012948957192,12.1565256573501,15.2623579523315,1.25956438116082
2037,77,women,1.96539083235278,0.660203898319995,23.140575617012,28.803578550167,1.12321359160399
2037,78,men,1.87904091679516,1.05084923802884,12.2373211389035,16.6653120609349,1.24253979832662
2037,78,women,1.99811172583625,0.674060685882017,23.1577693873128,32.3576902715891,1.10510564948235
2037,79,men,1.92130391305444,1.14393418109898,11.7320322701911,23.3473459742183,1.23154988333946
2037,79,women,2.00566955648161,0.701758114863377,21.4955179959072,33.1445935249407,1.12287632080997
2037,80,men,1.71335318291366,0.76120357118221,10.6462311033029,15.8089789290863,1.28226450470109
2037,80,women,1.60549121132026,0.592060515183887,20.8069402990445,23.6829422616775,1.1258857222434
2037,81,men,1.67112424877346,0.790263131709463,7.65558198932655,13.4853964390042,1.26832161098742
2037,81,women,1.60127134100774,0.621912731302939,21.1037770516375,25.8987185516645,1.12985528391928
2037,82,men,1.70594062813388,0.828990528097322,7.91242281945331,13.4689849009578,1.25550375857958
2037,82,women,1.51471089973095,0.679735088207465,20.1699941839333,22.7247298779272,1.13290739946824
2037,83,men,1.78088378056814,0.850992720685978,9.81144887691899,13.7327808737875,1.29544066198169
2037,83,women,1.54075087358046,0.719392122869983,20.45836827536,22.886512923299,1.13760852021324
2037,84,men,1.75723904734103,0.88505159249735,7.15313691367814,13.886862299754,1.25396784347003
2037,84,women,1.37563185895288,0.774841003645208,11.644376603314,24.0703579707624,1.13953814207874
2037,85,men,1.54065890516179,0.922111072637723,6.46011890106162,13.5559672760238,1.27282092639464
2037,85,women,1.2703370868224,0.807641185264685,11.7569126573777,21.8434941633084,1.10096936297063
2037,86,men,1.55358387709331,0.95631739666754,6.31381827381301,12.408754851662,1.30330381736166
2037,86,women,1.31588208690737,0.846991070897994,12.1587005125381,19.9776608786144,1.14856732357068
2037,87,men,1.58296434923885,0.997474002009714,6.71146410399821,11.5490347573219,1.32098184276453
2037,87,women,1.29397774222893,0.882066441800108,11.9113648444767,18.9701550722977,1.13550539305559
2037,88,men,1.65742239428628,1.03875081083786,6.58222826592067,10.6447135162608,1.34192146010611
2037,88,women,1.28288633594542,0.924603947281572,12.2653820507734,19.0062591658717,1.14292970832949
2037,89,men,1.64452480783258,1.06351157614389,5.28396208011621,11.70353157962,1.32840584814425
2037,89,women,1.32422594765104,0.958579953439233,11.8601931698224,16.5842623291322,1.14558459313531
2037,90,men,1.10188208592671,0.655274069470734,3.98456530796,7.57846928375508,1.2074553691356
2037,90,women,0.871706710264176,0.625823809554276,7.22118490192739,11.3962399539427,1.08277744008638
2037,91,men,1.15368798591969,0.684473549411728,3.98226687715839,7.13799146532989,1.23234684196255
2037,91,women,0.931119034401233,0.658643169745672,6.6407262148678,10.7483718502983,1.09668363326392
2037,92,men,1.23121315908111,0.678454261505793,3.80756884277891,7.2220415420565,1.29504665115169
2037,92,women,0.99450764559855,0.658404019429287,6.4201310705898,9.15646717249391,1.09863363156264
2037,93,men,1.29102663785127,0.694800776956197,3.62269531608151,7.22251855956984,1.30054255607385
2037,93,women,1.06863625759164,0.674739351024227,6.2596819639907,9.35134888285497,1.11136527943753
2037,94,men,1.38441159267454,0.718603982619357,3.18469587310328,5.84053486014611,1.33186374599105
2037,94,women,1.22447054682738,0.686503087265917,5.52058475487402,9.11231151852361,1.12531726590763
2037,95,men,1.42169732317164,0.696802272993525,3.60213994012504,6.32719679773735,1.3518162500338
2037,95,women,1.32661243523557,0.714936343640243,5.2446354051987,8.64684455762484,1.11781739952263
2037,96,men,1.48202670057226,0.724153893658963,3.74086115559542,6.73200760741109,1.35169480824244
2037,96,women,1.52162735233961,0.712524840844953,5.72868618957789,7.32434931389427,1.138557804744
2037,97,men,1.66380703660152,0.724889926995173,3.30443252498524,6.8418803854106,1.38441036317458
2037,97,women,1.73220700136605,0.734715989072826,5.30639298168704,7.53455219293365,1.16652614387455
2037,98,men,1.825816808204,0.730738736431446,2.86655486880444,5.76568293163413,1.40345471685294
2037,98,women,1.93730172946106,0.742090479834589,4.20652725897047,7.84072029779877,1.1538127377561
2037,99,men,1.95277664074083,0.758131092808584,2.88258004811579,5.37900198365531,1.40476273669625
2037,99,women,2.11081476795868,0.728606281142322,4.0285114514946,7.74763959259935,1.15473798703155
2038,30,men,1.72156755476897,1.44454398442668,57.2758458076885,45.0696555858836,2.13787187882668
2038,30,women,1.83621666228481,1.52211366265655,262.301069217769,143.062093787819,1.190147422514
2038,31,men,1.61520317643507,1.23315834314496,71.0437178195108,52.7786809980063,1.19012742886287
2038,31,women,1.85698095153513,1.85113637770595,200.130445422173,209.718513519049,1.25412462840745
2038,32,men,1.60854880091354,1.12793300544341,66.217157836344,55.5434018154076,1.21129831666166
2038,32,women,1.77294748429771,0.973425140103503,150.918212003558,117.697038334865,1.30745506411117
2038,33,men,1.53813669169377,1.29552880246965,49.4845541153765,66.3375173263461,1.30248809490733
2038,33,women,3.04179831054293,1.21589338863465,123.937304553281,145.649503563596,1.38784720428371
2038,34,men,1.65647624428051,1.47842768258882,69.8418380331131,55.0069265771086,1.31399442847928
2038,34,women,2.93162908354322,1.16535395981368,170.688852970193,125.983983382546,1.47543630817131
2038,35,men,1.81926471681408,1.87242116982922,81.1995888533894,61.008754071659,1.34904712212892
2038,35,women,2.79545324647251,1.10439149513817,169.885893812332,224.816041962574,1.55046529346285
2038,36,men,2.14759858180565,2.13036462488244,93.1864551728504,63.968561038575,1.4121065740569
2038,36,women,2.95870421067226,1.16120943164969,138.409560922061,161.501927860953,1.68400256466929
2038,37,men,2.1125581128266,2.43124796630638,66.9883304213697,70.5142676736862,1.49658821806489
2038,37,women,2.67177070400508,1.2173276620955,79.9969555617226,182.358238055228,1.76716435102165
2038,38,men,2.51486168299398,2.44487624602568,69.7711082322994,77.5394710482389,1.57049087785399
2038,38,women,2.85425260563817,1.33991636563152,154.853430602337,164.681922543038,1.86234131376714
2038,39,men,1.93314639631825,1.84328819196706,86.1221860941685,83.3032905081841,1.64138544951386
2038,39,women,2.72169663173756,1.47340935953018,144.307014243338,149.72704952315,1.08643778428835
2038,40,men,1.95897846548227,1.82046305196965,78.8820724420318,73.3701724599582,1.77517518698977
2038,40,women,2.42439475219981,1.71404188107104,128.301635314155,149.238952579519,1.15654146141344
2038,41,men,1.98638854284365,1.81826538203342,72.667148228176,87.7095776667485,1.33945801767942
2038,41,women,2.51054847334692,1.90831526808076,123.242325927943,174.148585195523,1.24995103008706
2038,42,men,2.10908861541357,2.05748121113511,80.5306757088847,80.1482024384893,1.42576745073404
2038,42,women,2.28459471790317,2.27200733144822,121.685548106846,198.277718570965,1.33692693856738
2038,43,men,2.27275445136788,2.07502232351974,80.8300651973256,77.8614876700072,1.51157258975562
2038,43,women,2.7443974040675,2.24233361034333,262.510555527311,156.463760246231,1.45188345240889
2038,44,men,2.16621485679314,1.86080729418328,85.5987054718739,75.2332592914714,1.60957313638393
2038,44,women,2.26417321728709,2.14095926562406,146.912741918565,108.750459419487,1.54806608879486
2038,45,men,2.14669281862656,1.83489269383578,68.9449392853942,67.7699269389153,1.33723130872887
2038,45,women,2.36939810214953,1.71215835442173,201.389550999519,155.378163464576,1.18295890273252
2038,46,men,2.3081057639395,1.91181868943166,73.2553874131158,68.1054780882861,1.43766567744968
2038,46,women,2.34727250477302,1.70808925767723,223.872022100794,127.553417374583,1.2991482157576
2038,47,men,2.26251224025198,1.71787577271463,58.9269993829171,70.1155941567423,1.52393221979857
2038,47,women,1.45240763653142,1.92710200280393,144.671418206296,148.326877599979,1.38575570248267
2038,48,men,2.36830911019814,1.84136552752491,58.8085493233763,65.9065319746361,1.38405896025242
2038,48,women,1.37074123384262,1.96344278010561,154.963729498364,123.743217710447,1.18671293736373
2038,49,men,2.52422329515823,1.81675974405123,68.5694425246669,61.6561912506574,1.27960992440919
2038,49,women,1.53427509377202,2.00071897799903,114.847077497814,133.459196010066,1.29713296261825
2038,50,men,2.3089473029096,1.90967714401723,66.8183980890995,62.5375507572556,1.3757370588502
2038,50,women,1.8119578519123,1.78824004151997,152.473969685835,105.753143869801,1.3855838828459
2038,51,men,2.17707048167696,1.74032813788605,65.5766135075169,58.9637537169613,1.32442662749687
2038,51,women,2.07258336722202,1.78423532078858,130.941282798467,118.716459432128,1.21708474424732
2038,52,men,2.09104062440722,1.72650456258468,54.5210348577859,30.7671035803962,1.37056276474151
2038,52,women,2.31864084299265,1.47704106463886,155.517980097684,96.7663667250793,1.3221535968401
2038,53,men,1.90126931580167,1.66941295883853,48.7665925977716,58.6650823220074,1.40276254452011
2038,53,women,2.22494664279075,1.65471311733524,153.90424320908,102.214700210767,1.26650898178636
2038,54,men,1.77912934585128,1.65197609026989,48.3222580166081,30.5006102538751,1.33597507946417
2038,54,women,2.15303984672337,1.58581371995581,115.334174196895,102.171512562491,1.29368124489013
2038,55,men,1.57194204520861,1.35749614801684,26.0620253206635,30.1908579260854,1.45880639490597
2038,55,women,1.52579083547562,1.43740958641513,113.67309593998,103.654656623934,1.22088750266754
2038,56,men,1.45108524699982,1.3854339166459,26.4351745602253,30.5357261728584,1.39536821146298
2038,56,women,1.60309805652094,1.3523430690288,124.293244393877,100.138241294174,1.29835958520143
2038,57,men,1.41432663994596,1.34842748799455,27.6873734241193,30.0994222776911,1.40190460735551
2038,57,women,1.57038937602905,1.51072479371348,112.498842489591,91.934481044822,1.23234811775061
2038,58,men,1.31996772530836,1.34672344041537,28.3714026799855,30.171461402092,1.32812308406325
2038,58,women,1.38447203764336,1.30389751530327,82.3473469385742,74.3172119125892,1.20444935213045
2038,59,men,1.42541085661787,1.35538742174123,27.9569073847653,30.9688572825509,1.33468447767125
2038,59,women,1.55747877177432,1.2605688005464,89.326683437164,83.7448664499846,1.21660474033816
2038,60,men,1.38222380847364,1.24946398372033,28.4872307770255,31.46286639702,1.34342825394626
2038,60,women,1.71374848034111,1.21668316949083,98.2363953520932,77.379090213557,1.17266649329763
2038,61,men,1.42159037472372,1.28629054529546,29.8642244290309,31.4843786183039,1.3119521698721
2038,61,women,1.68568215018293,1.16590433884501,100.32813129676,80.3086400695843,1.1598832484813
2038,62,men,1.51603280960544,1.27822394033854,30.4608526262492,32.8860847403525,1.2613004655952
2038,62,women,1.68752835544775,1.16757087589782,83.5923424149964,72.7878060380246,1.21862692047847
2038,63,men,1.61808071984037,1.3185092530074,30.1253246051287,32.7556102795998,1.31100427294582
2038,63,women,1.82020997661762,1.16191039894336,80.3460537237651,76.8510198111881,1.14291101955037
2038,64,men,1.67158269621759,1.23592916860791,31.3549952492666,34.0574077195211,1.28407773921817
2038,64,women,1.90502981487099,1.16680310761027,93.1325964161404,72.9680520461541,1.18123933573229
2038,65,men,1.7059620886864,1.16823758344036,31.7120165412675,34.9259638123784,1.29574985432017
2038,65,women,1.7946753877541,1.09624262618494,78.5660180809101,76.7512181838807,1.1822819486325
2038,66,men,1.73239430379093,1.17753858469946,32.5264235830759,34.6889336637667,1.24377673050664
2038,66,women,1.82479185602419,1.08825083549412,66.4392490306377,39.103182256203,1.14584743545277
2038,67,men,1.78396082807113,1.17171798565655,17.2840535663024,35.3397603973281,1.2167292894422
2038,67,women,1.82860815782307,1.15208658983724,58.8675838028532,41.0880672357319,1.1384202459421
2038,68,men,1.93584107264045,1.16978801160763,17.1342382282317,36.0733813006077,1.22553280254262
2038,68,women,2.02571277545216,1.02913888989306,60.2121575597998,40.1097931892835,1.14993205271285
2038,69,men,1.92950746704176,1.18465870876596,16.2435087182331,35.654603632885,1.23230589067602
2038,69,women,2.0685499314446,1.08711304460314,66.4716810479519,40.2690497443078,1.1090160289741
2038,70,men,1.77383651650903,1.10663708989671,15.6477816920759,19.1642397931744,1.18553319425399
2038,70,women,1.85058423910206,0.964986606490941,58.009808702457,42.3171389467088,1.10120303709885
2038,71,men,1.84349584093759,1.10579823402564,15.2279230189433,20.0105630132027,1.20840340507565
2038,71,women,1.98470309787147,0.89545210711884,60.2701637047323,42.2831802349279,1.11227803937938
2038,72,men,1.84933783058624,1.10203482730178,12.4414943712629,29.22684310905,1.23122491866775
2038,72,women,1.93971924056323,0.877650219572579,42.8329642679399,36.1283426401325,1.12161089602056
2038,73,men,1.87574013133307,1.08661349488979,14.4667887487138,20.4735798316803,1.25635527264246
2038,73,women,2.05879655602496,0.832667393768993,49.6036855064834,47.9305027755097,1.14762167973838
2038,74,men,1.90169106895549,1.11730891014291,13.4878016291248,20.4261393018217,1.25416892234215
2038,74,women,2.08818536964096,0.735920462985528,24.2352908594005,45.9008424359787,1.11010551083811
2038,75,men,1.80762882296826,1.02809406914316,12.727624563799,20.8880569417778,1.2030523429516
2038,75,women,1.95958322236444,0.727361415514635,24.6086576775271,49.503801836399,1.11497339889996
2038,76,men,1.74164854939434,1.04003390404054,12.2878738402366,21.599651469276,1.23809333107981
2038,76,women,1.98434254919566,0.703066395734153,23.4168173571098,28.5604644122406,1.15099664640322
2038,77,men,1.85712078756954,1.06693900730669,11.5327323797556,21.4015650027913,1.26093654258214
2038,77,women,1.99911229767504,0.651926148633528,21.7947389101838,38.2822810484961,1.09148263988569
2038,78,men,1.90431382643872,1.04678647293813,11.3518310957276,21.8529007584128,1.27238317607506
2038,78,women,2.03099465017665,0.666050984758021,21.0912317744316,32.3605153252056,1.11932018540249
2038,79,men,1.94667097673673,1.14038024303412,11.4405882333263,23.1022948617794,1.26682023905613
2038,79,women,2.0394273729015,0.694122420769523,22.4377507097698,35.3451444258001,1.1221295612749
2038,80,men,1.7315619537942,0.752565526868508,9.9192482132031,15.9170898128725,1.25391464692286
2038,80,women,1.62350355673757,0.582547103890354,20.4507117914508,24.6767202948504,1.16102471609399
2038,81,men,1.68872263532302,0.782271802268651,9.3779270223283,15.5676192124844,1.26453337675812
2038,81,women,1.61816046621901,0.612877841159293,19.574447176085,25.0280680928792,1.12001084804774
2038,82,men,1.72318230217202,0.821639390600658,9.88904414201864,17.0374323969869,1.25188640137625
2038,82,women,1.52774391189925,0.671256515003812,20.1951797587173,26.8937062981289,1.14196206659275
2038,83,men,1.79831503444275,0.84401749655332,9.56189033543229,13.4422330786185,1.27991796993652
2038,83,women,1.55250936068648,0.711430635933173,19.9752159867913,27.5183353169669,1.14444751117018
2038,84,men,1.77381831791318,0.878518817365143,8.77072709227322,15.2064033341697,1.27376931433149
2038,84,women,1.3853880421916,0.768065974975717,18.2991950065286,22.5587981368641,1.13559098521279
2038,85,men,1.54999262533776,0.916333879478523,6.18319359941097,12.9461477009036,1.28383609666019
2038,85,women,1.27547001990025,0.801597700303189,11.3806929249239,22.984897324835,1.13366179086082
2038,86,men,1.56472370682886,0.950902380498844,6.18433597442543,14.1747752825521,1.27733174247369
2038,86,women,1.31967685939883,0.841370775912983,18.618038227569,20.4077632550749,1.14792929638005
2038,87,men,1.59283638831928,0.992866933556085,5.96077561462669,12.2368104171077,1.32717993787364
2038,87,women,1.29804808596104,0.877111365239448,10.419288125322,19.5354457436281,1.1271608919272
2038,88,men,1.66793521256403,1.03513407521919,6.45638351238408,12.826784842459,1.32585720336044
2038,88,women,1.2858734762992,0.9211204781176,10.6145429298075,17.2170587484175,1.14481897667306
2038,89,men,1.6556240258633,1.06049538406417,5.70037605309311,10.7093636400063,1.33554975407321
2038,89,women,1.32753800190076,0.955288714493373,10.6319936679015,16.8369167738414,1.13805550463191
2038,90,men,1.0986394980412,0.645752332298706,4.01156003375948,7.49939345905243,1.20191113413957
2038,90,women,0.866017631345728,0.617709168655486,7.00211348905582,11.416353997922,1.07412377473681
2038,91,men,1.15075948210546,0.675398813801484,3.49992778005535,7.67568286643679,1.24318133391546
2038,91,women,0.925875766641371,0.650022474615773,8.19830945863442,11.088008284569,1.07093303050365
2038,92,men,1.22952936698829,0.669189802308275,3.29243174363114,6.77417273322611,1.26079042992322
2038,92,women,0.990548197418974,0.650692945583212,7.58367121339966,9.85092596637497,1.08596823334813
2038,93,men,1.29051110594556,0.685587726816712,3.70913566463458,6.30891382329218,1.30633901428148
2038,93,women,1.0657014234421,0.667224978657463,5.1295853697166,10.4390143792728,1.11053837410319
2038,94,men,1.38396054230604,0.709279694898031,3.26000565920998,6.22798134328644,1.34761410877161
2038,94,women,1.22454709525951,0.679391567546725,5.21422973540207,8.35749875626653,1.08653128707003
2038,95,men,1.42013562723292,0.685966531543987,3.64579258718636,6.21837403213207,1.33455980348567
2038,95,women,1.32900398777487,0.707756628907058,5.56904133518516,8.26873121937127,1.12159674486985
2038,96,men,1.47906382693094,0.714350576699605,3.33538309791157,5.79431386535438,1.33268002612827
2038,96,women,1.52726378934093,0.705304167646637,6.04515499245379,8.32487146799425,1.1225526531931
2038,97,men,1.663090456821,0.71350706819547,3.06048020986382,6.40501693124759,1.39262743093861
2038,97,women,1.74387309486884,0.728369233916718,5.05900087647128,7.52179564513402,1.14421803004062
2038,98,men,1.82415673918864,0.717657948272557,3.03498396686935,5.79840726819417,1.45218784303999
2038,98,women,1.95332924167989,0.734536088895712,4.29874612383834,7.63538371307934,1.15938564911313
2038,99,men,1.95773051756825,0.746032397038429,2.93647349772895,5.7393184427321,1.45337162373397
2038,99,women,2.13182566940526,0.719610034916622,4.00145671950061,7.12565124311781,1.16021367008897
2039,30,men,1.72981997749852,1.45646887958706,54.896422709794,48.0403728552706,2.15382621166535
2039,30,women,1.84547105700943,1.54156789707664,114.898930562344,136.609339575472,1.19640709920253
2039,31,men,1.61580247642391,1.23338766769906,72.8191841881999,44.8209108063956,1.20386607297216
2039,31,women,1.87443381782427,1.86874613651455,126.799475976046,193.088232166321,1.24583834426289
2039,32,men,1.61363447289815,1.11877180603537,57.780633331007,61.6711237527689,1.25342753850378
2039,32,women,1.79552151671585,0.971163293424828,88.5764316215204,250.741611071492,1.3266014369785
2039,33,men,1.5380465326906,1.28563011817398,73.1871632583214,49.8013237702146,1.27505763817332
2039,33,women,3.12943551850596,1.22023716090791,107.083521738186,146.980100925799,1.41169132766942
2039,34,men,1.6640718738559,1.46783955842697,73.7427603732194,76.5718823037577,1.31957688310774
2039,34,women,3.00513975613044,1.16568433841594,98.6158434098376,101.759644959179,1.48248841332597
2039,35,men,1.8316174123449,1.88287024513476,50.4480276585713,56.3252075171083,1.36775255584305
2039,35,women,2.87050801426447,1.10049365042557,106.651844114548,129.103023373844,1.56223888108123
2039,36,men,2.1757673231806,2.15035986470167,70.492742705309,71.6323718082564,1.43333993883584
2039,36,women,3.01622694590693,1.15532471883886,128.372586371725,219.146785573909,1.6665451932729
2039,37,men,2.15476836703623,2.46980181057869,63.1769534308169,69.3380969001492,1.48325705155951
2039,37,women,2.73485580750146,1.21060034145964,117.675242237069,186.284896190314,1.75949098705107
2039,38,men,2.57329071201974,2.48306329001059,76.2482667006916,68.2239828372351,1.56456183101947
2039,38,women,2.91771426643813,1.33331647811146,95.9183638771122,148.673260923135,1.85777960672551
2039,39,men,1.95632315688509,1.85454007439683,80.9048965111886,62.7921633186357,1.66815958289533
2039,39,women,2.7778977900763,1.46611393769596,131.574282139034,189.274143347101,1.07508269051691
2039,40,men,1.98637916202111,1.83072135336499,83.7194772651554,76.0594964613162,1.22273722934334
2039,40,women,2.48108112552829,1.71773700113414,158.672391924878,179.740250531176,1.17136961142374
2039,41,men,2.01493213574609,1.83215828024824,77.0830125152466,71.4468752100748,1.32736568287478
2039,41,women,2.56511606326678,1.91261211427044,119.093703562932,199.491234371398,1.24888970366419
2039,42,men,2.14291053987907,2.07827118908908,83.7209856693017,85.0303938723381,1.39401360656213
2039,42,women,2.3346388680743,2.29875208282846,94.1977231398925,139.001914425296,1.35783996601466
2039,43,men,2.31622951460229,2.09878388452107,80.5118879285548,73.3428682523476,1.50448497368478
2039,43,women,2.78791362935077,2.27726848235734,233.860685398703,143.723269483646,1.43009708472709
2039,44,men,2.20582402569047,1.87537561113728,96.0320120772825,64.245053311882,1.28323489149294
2039,44,women,2.30812484652379,2.17147293001771,262.716560561911,127.51904334034,1.56886840744836
2039,45,men,2.18130767271808,1.85122686067178,80.6485650505173,62.1591984920628,1.35257552473909
2039,45,women,2.41457790870305,1.71731211316578,191.900411049003,185.689335962424,1.20056869162978
2039,46,men,2.34434748424848,1.92944293281168,84.1031849566859,37.4788114656692,1.46285271025998
2039,46,women,2.38839459794511,1.71243989850174,173.729500850563,119.218791069217,1.28501943841234
2039,47,men,2.2997150954393,1.73027650791593,69.2168293612155,62.1169176342042,1.29328404357846
2039,47,women,1.45424420252147,1.94074502861421,181.597741244691,121.575286825691,1.41449142444617
2039,48,men,2.4111865265082,1.85551555635045,57.2675862531485,65.4123518766435,1.37321704851165
2039,48,women,1.36851714960996,1.97593565063898,200.693123034026,137.005489168256,1.21959930525295
2039,49,men,2.56835329799399,1.83274013358053,67.3561956316714,60.6655547926547,1.47049249642714
2039,49,women,1.53258825325499,2.02545024944982,138.279921996457,128.385035393437,1.27444600210852
2039,50,men,2.3487557905627,1.92646833473346,62.7028657144359,56.0311708805796,1.36202027525018
2039,50,women,1.82226484531855,1.80635226074173,124.192051285481,124.549487183605,1.38348510099979
2039,51,men,2.21166466327423,1.75204892802083,65.0186378511666,63.2736648324005,1.48310329200068
2039,51,women,2.08898666223441,1.8027141045025,132.721621667402,108.364212446837,1.22892082442764
2039,52,men,2.12009557676921,1.73951737248256,53.2335727802623,59.9494715187005,1.38227411335038
2039,52,women,2.35163276403756,1.48305255766865,164.639264050394,108.352618053232,1.33287792871286
2039,53,men,1.92757502725214,1.68116998927524,53.6813441290964,29.8732789863659,1.35204958295025
2039,53,women,2.26713269523463,1.66561787780157,138.753750592579,106.25631541283,1.2111722344134
2039,54,men,1.8013030092393,1.66515628723255,55.9374528466071,29.0255814003194,1.46487683956775
2039,54,women,2.19119411009971,1.59553138366885,154.05777484587,109.74233154548,1.28908175880681
2039,55,men,1.5850819974835,1.36258533480557,48.3618942955551,29.0483636098596,1.44795540390958
2039,55,women,1.53667537094495,1.44543159847436,90.0235918382509,82.1903104627824,1.23031313044518
2039,56,men,1.46126219515736,1.39057171048476,48.619946520475,29.0388014126133,1.33746038454163
2039,56,women,1.61862797914222,1.35810280809389,117.786063376914,88.6683015414034,1.17346444560602
2039,57,men,1.42389520697499,1.35248212043387,26.3910583569689,28.1945983068601,1.43706242348172
2039,57,women,1.58576714689753,1.52027155223436,90.5687694114291,84.1804985873295,1.14795153081575
2039,58,men,1.32886473569531,1.35106738374934,26.4977076214932,28.8325119797702,1.34311552884007
2039,58,women,1.39328903401463,1.30926016142642,94.8552557566981,105.987868348962,1.20705978096001
2039,59,men,1.43534116088845,1.36008022309557,26.8580094041839,29.3176900067387,1.35030593985789
2039,59,women,1.57069738957847,1.26308089318412,94.7685321418749,79.0389764789798,1.18574622020552
2039,60,men,1.39233141543948,1.25277606794778,27.950491800447,29.7806937873966,1.29619190678844
2039,60,women,1.73241922726337,1.22062820033289,81.1271096784328,81.8519067077754,1.260776408988
2039,61,men,1.43431389270167,1.28913087554705,28.429809944666,31.2496167522065,1.34102838418589
2039,61,women,1.70634334433952,1.16741789675754,97.5561294393064,72.7769871027885,1.1805358173057
2039,62,men,1.53125070378111,1.281142714763,29.8756645647435,31.3631178081588,1.34113902798943
2039,62,women,1.70916303538123,1.16916193266954,112.581576819882,72.4303083134139,1.16120049992552
2039,63,men,1.63663601566329,1.32136617764006,29.6178945081037,32.5132848961567,1.29546040470923
2039,63,women,1.84614661947258,1.16304908553782,96.0983265062133,36.6249362921853,1.16847254895033
2039,64,men,1.69308278406455,1.23875242919673,29.7484158931736,32.228619760827,1.28345810575401
2039,64,women,1.93594983222417,1.16871745761879,80.7264093889472,74.4711580270393,1.18125526355592
2039,65,men,1.72680784153462,1.16805802477173,30.6269503346513,33.6453731295083,1.2418593419395
2039,65,women,1.81702591007164,1.09545413153465,77.4260403149449,38.6689973896918,1.09935993249262
2039,66,men,1.75533813896585,1.17786694192219,30.7695662818948,34.814651539628,1.30588543804725
2039,66,women,1.85235879801678,1.08769116382385,65.7298469628235,39.8253630510837,1.11923128323797
2039,67,men,1.80948069452378,1.17175504937134,16.8885373324379,33.9248262775723,1.2537411308599
2039,67,women,1.85859693580927,1.15266374653866,66.3557420470606,40.5068053205898,1.08269457161086
2039,68,men,1.96649078036516,1.1704806282478,17.2305671241512,35.5827847744532,1.2531652931038
2039,68,women,2.05930416391274,1.02797216557266,64.4972835286764,41.6441752461975,1.10841303431087
2039,69,men,1.96162446245551,1.18473991443774,16.0037818496475,36.4018370517774,1.20643718190589
2039,69,women,2.10682142444692,1.0858131371639,58.1512923897646,41.8160708704549,1.10819551476332
2039,70,men,1.80127040276642,1.10495883574263,15.9100673857527,19.0444668398791,1.21151902724102
2039,70,women,1.8817971605237,0.960816978692249,45.3179770286163,42.0557795005251,1.13820800885566
2039,71,men,1.87356217473726,1.10462275388705,15.2065874316305,24.9832722732916,1.21106948706612
2039,71,women,2.01863769293575,0.891007217010829,56.3558837524252,43.5398433366602,1.10597418748824
2039,72,men,1.87838581050127,1.10050193766799,15.157647601416,21.0652917234393,1.24544751636991
2039,72,women,1.97353167046329,0.872110545142263,48.8850188758931,45.132501300498,1.15188929143334
2039,73,men,1.90547136504684,1.08533693903175,12.2540005122983,31.0803965298882,1.25909124966216
2039,73,women,2.09591313329145,0.826673980140442,42.2535767823178,38.6817845248138,1.12716440130946
2039,74,men,1.93122914425173,1.11455560145928,14.2045792883886,20.9518582459696,1.2207684271664
2039,74,women,2.12528983633494,0.728811758558833,24.9235973868842,50.5353457882199,1.14376025000542
2039,75,men,1.83314094808748,1.0237452689218,13.1023812971964,36.2085887964179,1.23668622300556
2039,75,women,1.99418084681527,0.719573801831483,23.3808164809807,51.4033716772379,1.10196373033439
2039,76,men,1.76536288320281,1.03638420675723,12.1855224548737,21.0917809648486,1.26776561308079
2039,76,women,2.01895392238262,0.69500162759252,22.520752210644,28.4204792056811,1.13740732527689
2039,77,men,1.88227325861578,1.06375959525922,12.2956337036932,21.5308374967171,1.22448965583985
2039,77,women,2.03339537412759,0.643756171353624,20.8491270752015,31.7552864402486,1.12975055437358
2039,78,men,1.92991400552716,1.04274139667152,11.5737168666235,21.965628874647,1.25231196114985
2039,78,women,2.0644021982706,0.658140320362699,20.443900004723,31.4118406841192,1.14056756654174
2039,79,men,1.97236027181088,1.13683908152097,11.1101176286109,22.2093531797701,1.2595844053682
2039,79,women,2.07373639402503,0.686573493948596,20.4929037282912,34.5475747146711,1.11312635178889
2039,80,men,1.74995516441221,0.744029671533445,10.6628620420158,15.6987097050189,1.25755083800845
2039,80,women,1.64170900134268,0.573191111835889,20.3712699122813,26.1799412866989,1.15584197672486
2039,81,men,1.70649757846023,0.774365143940442,9.68437965248164,15.6649330011613,1.24326855729331
2039,81,women,1.6352193100422,0.603978542024466,19.4445129932652,25.3929982424602,1.11021094538521
2039,82,men,1.74058964858966,0.81435699816949,9.36523626135663,14.3392680068292,1.26572640664167
2039,82,women,1.54088258779349,0.662887779637096,18.3396305923279,25.899814174966,1.12411270290793
2039,83,men,1.81590822825459,0.837102825113343,9.34678156697186,15.0306840211334,1.26668442709417
2039,83,women,1.5643517502323,0.70356109938588,18.472658038423,25.0746393578275,1.1364893865493
2039,84,men,1.79054576286573,0.872037431470709,8.58477510345108,13.7428381882545,1.3007333485132
2039,84,women,1.39520858076724,0.761353465611709,18.2227298684666,22.6585428178009,1.14729831487146
2039,85,men,1.55937827128778,0.910595688931749,8.05518670545344,14.4254702793523,1.26299252311828
2039,85,women,1.2806211598763,0.79560236949319,16.4933667788033,21.9045523706154,1.14212749780975
2039,86,men,1.57593789010546,0.945520659960017,7.31842473758845,13.8739095577389,1.29122844411559
2039,86,women,1.32348070573877,0.835790504640925,16.2158139606623,21.0375381750731,1.12522501768327
2039,87,men,1.6027651054812,0.988283388322176,7.31677708899923,12.5695645407007,1.31496078146906
2039,87,women,1.30212922722828,0.872186534498356,17.133070756239,19.4049077938272,1.12709445730843
2039,88,men,1.67850950604153,1.03153169735279,7.05514647527244,13.3811139969511,1.33788591840806
2039,88,women,1.28886610158663,0.917651832205346,15.2675446974922,19.0689329077038,1.15026439110651
2039,89,men,1.66679265468461,1.05748921943708,6.07301869380656,12.9189935781623,1.32445853490431
2039,89,women,1.33085670916256,0.952010382093011,15.6796617883679,16.9629682409851,1.12025991219496
2039,90,men,1.09540803601075,0.636373524247606,3.48398383273023,8.00992180250662,1.2012156434386
2039,90,women,0.860368444990423,0.609703648411657,6.933174278472,11.278567034184,1.07427074727667
2039,91,men,1.14783984309168,0.666448754259952,3.79958214277654,7.73709039779438,1.22657141763567
2039,91,women,0.920664574916209,0.641518758200192,7.08216617156327,10.595531750574,1.08328182188418
2039,92,men,1.22784870193099,0.660056303523951,3.93596268363888,7.38568851700559,1.28765203123417
2039,92,women,0.986606443796536,0.643075898480538,6.33524103822557,10.5826061836299,1.07459086405655
2039,93,men,1.28999603264794,0.676501271525277,4.51321625201241,7.82510501655393,1.29074641415193
2039,93,women,1.06277608310963,0.659797916441446,7.19813668933553,10.0866884080419,1.0994961691274
2039,94,men,1.38350986005045,0.700080880351284,3.85676437904925,7.44666014064653,1.33367011689811
2039,94,women,1.22462361092224,0.672357150945323,6.5297092485117,8.48163390383101,1.10947492594997
2039,95,men,1.41857641161361,0.675304485128569,3.92529866090959,6.23119782307691,1.3503706913276
2039,95,women,1.33139867532346,0.700652485252716,6.03637871030343,8.50341990142576,1.11216455047458
2039,96,men,1.47610832578013,0.704684685014732,3.18761963845659,6.20009502060769,1.34649060408816
2039,96,women,1.53291832455879,0.69816015664477,5.52179155156944,8.49936137495475,1.13896189173376
2039,97,men,1.66237453695802,0.702308405944875,2.7960782337587,6.58441737941263,1.40244001858705
2039,97,women,1.75561197657964,0.722080377622357,5.41408201379104,8.02187616018051,1.1515043764701
2039,98,men,1.82249899278899,0.704817561617054,2.81171694907576,5.96585578505784,1.46372068946295
2039,98,women,1.96948139114821,0.727062250146506,4.1577616795344,7.95749350401253,1.17741961361422
2039,99,men,1.96269452216669,0.734132572826508,2.78917507925224,5.64070429473584,1.46463773000845
2039,99,women,2.15303525063601,0.710729198799455,4.01070621566369,7.40424956334394,1.17806040532677
2040,30,men,1.73810788322386,1.46848629678866,50.9558247108913,41.4758515179198,1.16092362770505
2040,30,women,1.85476752127506,1.56126105525335,163.685663997921,106.338118883826,1.19707506559239
2040,31,men,1.61640170476509,1.2336169224266,44.4641620795682,53.0875462676382,1.20273098623847
2040,31,women,1.89204203687043,1.88651465819477,151.637013518893,148.413557356029,1.24507627323312
2040,32,men,1.61873371858929,1.10968945219237,48.483577930565,53.0099506422928,1.25129963041838
2040,32,women,1.81837169235963,0.968907807521341,119.411783160755,130.012592449946,1.32983837624576
2040,33,men,1.53795642317471,1.2758118642409,59.6394309625361,42.1222382428214,1.30230021547938
2040,33,women,3.21955280237266,1.22459431004054,70.377477244994,130.107256430116,1.39405367519215
2040,34,men,1.67169858263991,1.45733239958238,61.8794374623907,50.4527866284158,1.31330170628816
2040,34,women,3.08045630422533,1.1660146486219,66.2195266253751,112.038449123254,1.49825983129351
2040,35,men,1.84404786342102,1.89337246538252,42.4745753820615,60.4140247836467,1.38319989409146
2040,35,women,2.94753962675721,1.09661146385338,104.990258249258,202.055973781864,1.58241569201321
2040,36,men,2.20429145268982,2.17053283415534,67.7014590556472,81.4485376558126,1.43488945517962
2040,36,women,3.0748390002884,1.14947269171482,123.939631042431,154.077665705087,1.66842201505032
2040,37,men,2.19780068965951,2.50894767293412,71.912024602725,99.9756582488278,1.49314692668918
2040,37,women,2.79939842613004,1.20391346924111,96.4172831558921,175.277987790769,1.76952301750803
2040,38,men,2.63304759958533,2.5218276217395,69.7693666326843,87.9166145458996,1.57496623444904
2040,38,women,2.98255477946386,1.32675231112831,148.490045318813,131.491231558418,1.0039953101975
2040,39,men,1.97976621803473,1.86585507351517,64.3142567478063,70.3908618337693,1.66948392080549
2040,39,women,2.8352310499481,1.45885818885836,138.028064480063,141.617196167058,1.41166835179871
2040,40,men,2.01414940089122,1.84103238787141,74.926833054097,77.5608861968735,1.23420108886424
2040,40,women,2.53906414641595,1.72143826947434,142.482533843355,136.153407652885,2.17595405938561
2040,41,men,2.04387159047262,1.84615044042012,90.0816738479732,68.599195025197,1.32027261732971
2040,41,women,2.62084206582418,1.91691652149541,142.918022538292,180.593129658264,1.26029812428455
2040,42,men,2.17725785832282,2.09926089249333,91.9312847468146,69.5072484948088,1.41314380225757
2040,42,women,2.38575389013724,2.3257983123991,118.486282733374,126.575525648931,1.34719271509653
2040,43,men,2.36051427292983,2.12280569338183,96.344974550269,78.3500207462448,1.51603704460161
2040,43,women,2.83209801881553,2.31273009824503,118.315817931085,153.536208589543,1.46201789211742
2040,44,men,2.24613749121043,1.8900507567883,75.5456626182582,74.9741740602642,1.61434276240457
2040,44,women,2.35290747477726,2.20240620316367,161.276019912754,153.876049147588,1.10813033800492
2040,45,men,2.21646329804722,1.86769831779046,64.1244988877972,71.0718264302514,1.34342482277558
2040,45,women,2.46059641759819,1.72247884682446,137.817367295908,142.588084092213,1.19029524372486
2040,46,men,2.38114007977086,1.94722088542504,70.7386700567132,72.2513886887412,1.44850297484216
2040,46,women,2.43021641838065,1.71679947941527,144.51666251415,165.402970466206,1.30057422313808
2040,47,men,2.33751099055823,1.74276061340727,52.0629197496329,70.900279260459,1.55818728384686
2040,47,women,1.4560821886384,1.95447788045021,227.543730379076,139.017091316196,1.08030652767525
2040,48,men,2.4548186269711,1.86976730341322,69.8503406634501,62.9292344977031,1.39397766141277
2040,48,women,1.36629776189772,1.98850182603259,154.803661416614,135.633682043428,1.50990689254519
2040,49,men,2.61323260112533,1.84885314910719,60.9928167314709,59.3948239005605,1.48848704536513
2040,49,women,1.53090409303663,2.05047487733196,139.622076357156,126.068726540352,1.26292715948083
2040,50,men,2.38923058972213,1.94339882333743,52.2954542466015,65.0498007812798,1.38137022318297
2040,50,women,1.83262537133181,1.82463891396026,144.116131989627,98.4648371452753,1.3904909943113
2040,51,men,2.24679118712244,1.76384285049508,55.8816168851964,59.665662948444,1.46477956877222
2040,51,women,2.10551164137559,1.82137506586839,148.110366616723,103.299625323549,1.22161891084677
2040,52,men,2.14953970299623,1.75262180838612,52.2804166491949,29.6329327938083,1.43086875452786
2040,52,women,2.3850776040807,1.48908555167355,175.261152963966,108.133635787839,1.31642925314275
2040,53,men,1.95423153447705,1.69300399428872,66.7242965698442,56.8776471323688,1.44545401342347
2040,53,women,2.31009734024938,1.67658910226024,130.879965578514,112.022789939187,1.21671017149831
2040,54,men,1.82374195177224,1.67843510171478,47.626237040661,58.8888238822716,1.46150559586006
2040,54,women,2.23000530270205,1.60530378740516,132.48723656301,94.0251333964937,1.31123044295572
2040,55,men,1.59832526370945,1.36769109135457,44.2749646331859,29.228745719349,1.43885639656038
2040,55,women,1.54763215938162,1.45349441414398,94.0505337866115,94.3367980773412,1.21190603515341
2040,56,men,1.47150547517988,1.39572602434004,25.0505140891103,28.552954066803,1.31499650970994
2040,56,women,1.63430062157711,1.36388423620588,124.358461780232,90.3898843388019,1.17417737096466
2040,57,men,1.43352377044013,1.35654694786169,24.8317976695625,29.3831731642391,1.37577133575979
2040,57,women,1.60128785102732,1.52987391445317,117.662824690194,85.691279869355,1.21860294440136
2040,58,men,1.33781730830335,1.35542319853558,25.9434786471995,29.2418862726523,1.34399252771987
2040,58,women,1.40215781687352,1.3146422173176,98.5755322062437,89.0170842349027,1.22892907240865
2040,59,men,1.44533572593385,1.36478695957255,26.7612105526138,29.2323040720044,1.31796501262524
2040,59,women,1.58402163234231,1.26559675657922,91.7118780598684,74.0971370326417,1.17681420698745
2040,60,men,1.40250792461453,1.25609530143282,27.4994450652617,29.4911284244977,1.35547120951328
2040,60,women,1.75128408154825,1.22458407900311,111.141668475113,77.9054598164674,1.21824323221386
2040,61,men,1.44714496625387,1.29197608041652,27.3194865085209,29.9637587777449,1.2856254656106
2040,61,women,1.72724746290756,1.16893267597871,93.3392072477238,96.8925718908044,1.22829218680971
2040,62,men,1.54661378058403,1.28406671806875,27.9287659596365,31.3056385677282,1.31633030626215
2040,62,women,1.73106426679799,1.17075437586931,97.0609251489727,84.2993255538576,1.14045257741474
2040,63,men,1.65539483899575,1.3242278872601,28.3863049443591,31.4073837928303,1.29282742603023
2040,63,women,1.87243985047591,1.1641883289219,100.183836252551,86.6784832828104,1.16553649807218
2040,64,men,1.71484866272646,1.24158074998721,28.1322240549165,32.4374243290421,1.27969310660837
2040,64,women,1.96735617296013,1.17063400751478,75.8662756893122,38.8890066517975,1.16845081555888
2040,65,men,1.74789790716479,1.16787858172157,28.4986579025602,31.8972852875209,1.25154350196089
2040,65,women,1.83964361717467,1.09466659021993,72.5290019304086,77.243725659635,1.13456622842297
2040,66,men,1.7785743685186,1.1781952296413,29.4685925268367,33.0984170032283,1.27873813895949
2040,66,women,1.8803283671705,1.08713205418901,75.3903855776925,40.1046313878797,1.13372192354416
2040,67,men,1.83535284494636,1.17179209608461,16.3502216614576,34.6022030500137,1.2245755012335
2040,67,women,1.88906245631146,1.15324090917416,69.1263091257944,41.6589011076145,1.12344876344107
2040,68,men,1.99761037142096,1.17117331507467,16.1593461366054,34.2010877023263,1.22663622230089
2040,68,women,2.09343570015746,1.02680733504726,57.6827181558548,41.7296359357964,1.16080667037138
2040,69,men,1.99425990892969,1.18482108585538,16.5083126614355,37.2028639809575,1.221812613593
2040,69,women,2.1457817135235,1.08451542030246,62.7783988294679,43.2434819377824,1.14560623478501
2040,70,men,1.82911481299311,1.10328394772449,16.0750986786795,35.9933536008263,1.19469956276018
2040,70,women,1.91352084262177,0.956667398712993,54.5385104216851,42.9532245652705,1.1209921926676
2040,71,men,1.90410376886713,1.1034490987399,15.2483092874536,20.5330035513012,1.20218937632774
2040,71,women,2.05313543716409,0.886586553866583,42.4334604545092,43.2583062846482,1.14633166447248
2040,72,men,1.90787547442235,1.09897193026013,15.0293758973242,26.1260503863796,1.23498958169017
2040,72,women,2.00791649158808,0.866608527313853,53.2685415201155,47.4056032388065,1.11970414298787
2040,73,men,1.93565892528463,1.08406250768773,14.5205841911327,21.2111884171338,1.23712394771012
2040,73,women,2.1336801660188,0.82072661319041,56.1892088380075,47.2875159770152,1.10849047217478
2040,74,men,1.96121119907564,1.11181042257337,12.0387980472057,32.390031069647,1.25888644861283
2040,74,women,2.16303492378061,0.721775156569478,39.8293015878546,41.3585660065263,1.15037293457875
2040,75,men,1.85900036616801,1.01941698273922,13.5576737392657,21.8898879459918,1.24029563405791
2040,75,women,2.02937189848928,0.711873324731479,24.2076458143848,53.330762615072,1.10542326197531
2040,76,men,1.78938824634088,1.03274909712305,12.2618126550332,21.6620346448518,1.25839193822802
2040,76,women,2.05415157918128,0.687033255618148,22.5448211425009,55.1387197151319,1.15146964434091
2040,77,men,1.90775380575687,1.06059120961733,12.4121583916111,22.3540658725313,1.25211822278131
2040,77,women,2.06824913267375,0.635692511507635,21.8699048208184,58.240983458659,1.10802117996808
2040,78,men,1.95584552837826,1.03871392359515,11.7213099708653,21.9705387639649,1.24930396689295
2040,78,women,2.09834247664619,0.650327420473763,20.5959611970784,33.3402724520066,1.12268758270922
2040,79,men,1.99837573044773,1.13331064439512,10.9935392612028,22.1936967561249,1.2569759540771
2040,79,women,2.10860534306369,0.67911030660072,19.7066091924039,34.0443579839137,1.16368039799743
2040,80,men,1.76853459115607,0.735594747040187,10.4776657901876,15.0928246973198,1.25628540168255
2040,80,women,1.66010951900345,0.563989858895397,19.2928328568137,34.5336453285129,1.13382038596065
2040,81,men,1.72445076160147,0.766542218735287,9.98514743412789,15.5867378753775,1.24780928159174
2040,81,women,1.65244949348422,0.595212734010779,18.6217715115834,27.1574959450562,1.10968485359845
2040,82,men,1.75816417688017,0.807142674682601,9.26190802815268,15.3694269631463,1.29361855564798
2040,82,women,1.55412773161838,0.654627406360102,17.8885467150299,25.3091146204417,1.14439384290696
2040,83,men,1.83366478592915,0.830248151389925,8.58555733779301,14.4837520728833,1.27098956537198
2040,83,women,1.57627859931212,0.695782406939613,17.3174205025355,26.0365563169644,1.17555794477411
2040,84,men,1.80742263283595,0.865607005660781,8.54475190425431,13.7533959383031,1.27469958569937
2040,84,women,1.40509386731619,0.754702868392832,16.1216479077382,25.1151662457709,1.16887125401794
2040,85,men,1.56881610620878,0.904896218750632,7.17294875922713,14.0626442386785,1.27519934037568
2040,85,women,1.2857905623549,0.789654785810056,16.0575256429128,22.3689056995782,1.11871995094932
2040,86,men,1.58722688636957,0.940172014145217,7.05061959266168,14.5626569962815,1.31933204978653
2040,86,women,1.32729364315807,0.830249952641714,15.3281193918826,22.3248831661992,1.1255259251343
2040,87,men,1.61275079809246,0.983723234752403,6.6172536285594,13.6336587103318,1.29342589597064
2040,87,women,1.30622118935702,0.867291750257933,14.6257957233364,20.3520103762173,1.1338251990832
2040,88,men,1.68914560378941,1.02794361324134,6.45983111540186,12.4847716525866,1.31639551870392
2040,88,women,1.29186421918158,0.914197939243753,14.8698557162078,20.6906951757364,1.1454532325406
2040,89,men,1.67803109400702,1.05449304403256,5.93524637858366,15.60052984604,1.34666104810679
2040,89,women,1.3341820795278,0.948744899332708,14.5648873637186,17.7630188485194,1.13928139488674
2040,90,men,1.0921876562322,0.627135431308543,4.65427313887164,8.3598088137905,1.18201536930291
2040,90,women,0.854758852107072,0.601805728995194,7.7427530208684,11.7835716058164,1.09327738350406
2040,91,men,1.14492903771608,0.657621597996564,3.99607143150453,8.07133130816047,1.21610001829972
2040,91,women,0.915485247411375,0.633130376946935,7.28571178539091,12.6464850353549,1.08039696066642
2040,92,men,1.22617115657253,0.651051851053905,3.5056296248277,7.49637937745992,1.26411587312633
2040,92,women,0.982682297035296,0.635551686311407,6.52104141426531,10.7850605185689,1.08725951447477
2040,93,men,1.28948141732584,0.667539610753807,3.79694346294662,8.03781831216944,1.28981441105339
2040,93,women,1.05986020124935,0.65245710783597,5.91422777417278,10.1352887717005,1.08941758554075
2040,94,men,1.38305954542697,0.691005790238732,4.07911994017393,6.47923946698313,1.323096423164
2040,94,women,1.22470009384565,0.665398964308596,5.98010558342067,9.64127154898914,1.10999737907568
2040,95,men,1.41701967116083,0.664813266300441,3.38633940823567,8.36800448074974,1.33124227221857
2040,95,women,1.33379650045044,0.693623080764236,5.55556067577267,9.42413105133815,1.11541326006399
2040,96,men,1.47316017517272,0.695154226157569,3.58638924454827,7.0374748074706,1.33568009462867
2040,96,women,1.53859100718664,0.691091956912776,5.53743938945873,8.29314975458203,1.14793600857168
2040,97,men,1.6616592760816,0.691290871436547,3.32803131504117,6.77953081494839,1.39387468455925
2040,97,women,1.76742406461314,0.715848863993952,4.93634171533827,7.42537261579178,1.15210593624879
2040,98,men,1.82084356461877,0.692213043649509,2.9704299912486,5.99832453584246,1.43039942229966
2040,98,women,1.98575908526146,0.719668065786451,4.19344475497724,7.63401969814835,1.15945530898411
2040,99,men,1.96766867025918,0.722428256095464,2.91962153221182,5.73746189752452,1.43115515929802
2040,99,women,2.17444529154914,0.701962236714037,4.10402542473033,7.28806900196795,1.15998252798264
